date,canonical_theme,code,stock_name,board_level,first_limit_touch_time,amount,ret,theme_rank,theme_score,followers_5m,followers_10m,followers_20m,leadership_score,elastic_flag,market_cycle,role_candidate,total_leader_candidate
2026-07-01,化工,300481,濮阳惠成,1.0,,1116867352.0585938,0.20996818663838823,1,0.6338636363636363,0,0,0,0.504709090909091,True,高潮,theme_leader,False
2026-07-01,化工,603379,三美股份,2.0,,3591135358.0,0.030617283950617358,1,0.6338636363636363,0,0,0,0.496709090909091,False,高潮,supplement,False
2026-07-01,化工,603120,肯特催化,2.0,,383765250.0,0.057477477477477334,1,0.6338636363636363,0,0,0,0.436709090909091,False,高潮,supplement,False
2026-07-01,化工,002440,闰土股份,1.0,,692782195.15625,0.10588235294117654,1,0.6338636363636363,0,0,0,0.43270909090909093,False,高潮,supplement,False
2026-07-01,化工,000545,金浦钛业,1.0,,232292228.28125,0.11489361702127665,1,0.6338636363636363,0,0,0,0.40470909090909096,False,高潮,supplement,False
2026-07-01,化工,002971,和远气体,1.0,,2179841760.5,0.07843137254901955,1,0.6338636363636363,0,0,0,0.380709090909091,False,高潮,supplement,False
2026-07-01,化工,603505,金石资源,1.0,,1099889706.0,0.09211822660098523,1,0.6338636363636363,0,0,0,0.368709090909091,False,高潮,supplement,False
2026-07-01,化工,603948,建业股份,1.0,,84527249.0,0.10458333333333347,1,0.6338636363636363,0,0,0,0.34870909090909097,False,高潮,supplement,False
2026-07-01,化工,002455,百川股份,1.0,,325396420.53125,0.09999999999999987,1,0.6338636363636363,0,0,0,0.34070909090909096,False,高潮,supplement,False
2026-07-01,化工,600784,鲁银投资,1.0,,81761058.0,0.10339506172839497,1,0.6338636363636363,0,0,0,0.31270909090909094,False,高潮,supplement,False
2026-07-01,机器人,001331,胜通能源,2.0,,861061302.9521484,0.1298961559482601,2,0.6202272727272726,0,0,0,0.6338287081339713,False,高潮,theme_leader,True
2026-07-01,机器人,300607,拓斯达,1.0,,2454412934.125,0.12505684402000905,2,0.6202272727272726,0,0,0,0.5001444976076556,True,高潮,supplement,False
2026-07-01,机器人,300345,华民股份,1.0,,656244771.0,0.19217687074829937,2,0.6202272727272726,0,0,0,0.495933971291866,True,高潮,supplement,False
2026-07-01,机器人,002747,埃斯顿,2.0,,2197218282.34375,0.052550628044091274,2,0.6202272727272726,0,0,0,0.4948813397129187,False,高潮,supplement,False
2026-07-01,机器人,300539,横河精密,1.0,,299972377.59375,0.19627998042094963,2,0.6202272727272726,0,0,0,0.46435502392344497,True,高潮,supplement,False
2026-07-01,机器人,301279,金道科技,1.0,,113967526.08007812,0.19963201471941128,2,0.6202272727272726,0,0,0,0.42435502392344504,True,高潮,supplement,False
2026-07-01,机器人,603725,天安新材,1.0,,271374643.0,0.1078431372549018,2,0.6202272727272726,0,0,0,0.4138287081339713,False,高潮,supplement,False
2026-07-01,机器人,002698,博实股份,1.0,,528279913.375,0.0993377483443707,2,0.6202272727272726,0,0,0,0.3927760765550239,False,高潮,supplement,False
2026-07-01,机器人,603131,上海沪工,1.0,,253916860.0,0.10312315851502651,2,0.6202272727272726,0,0,0,0.3654076555023924,False,高潮,supplement,False
2026-07-01,机器人,600826,兰生股份,1.0,,144139462.0,0.1038812785388128,2,0.6202272727272726,0,0,0,0.35909186602870813,False,高潮,supplement,False
2026-07-01,机器人,605189,富春染织,1.0,,83278273.0,0.1040799333888427,2,0.6202272727272726,0,0,0,0.34435502392344497,False,高潮,supplement,False
2026-07-01,机器人,603040,新坐标,1.0,,367371062.0,0.08746081504702197,2,0.6202272727272726,0,0,0,0.34224976076555025,False,高潮,supplement,False
2026-07-01,机器人,603166,福达股份,1.0,,223827898.0,0.10022438294689606,2,0.6202272727272726,0,0,0,0.3359339712918661,False,高潮,supplement,False
2026-07-01,机器人,001365,天海电子,1.0,,260156772.4375,0.0875471698113206,2,0.6202272727272726,0,0,0,0.3211971291866028,False,高潮,supplement,False
2026-07-01,机器人,002403,爱仕达,1.0,,98652650.0,0.101010101010101,2,0.6202272727272726,0,0,0,0.3211971291866028,False,高潮,supplement,False
2026-07-01,机器人,603666,亿嘉和,1.0,,331876993.0,0.08499999999999996,2,0.6202272727272726,0,0,0,0.31488133971291865,False,高潮,supplement,False
2026-07-01,机器人,600845,宝信软件,1.0,,357177686.0,0.05235903337169168,2,0.6202272727272726,0,0,0,0.3022497607655502,False,高潮,supplement,False
2026-07-01,机器人,603758,秦安股份,1.0,,63683104.0,0.09587513935340009,2,0.6202272727272726,0,0,0,0.2727760765550239,False,高潮,supplement,False
2026-07-01,机器人,002232,启明信息,1.0,,55610995.8984375,0.0874635568513118,2,0.6202272727272726,0,0,0,0.2433023923444976,False,高潮,supplement,False
2026-07-01,算力硬件,600673,东阳光,1.0,,4257665909.0,0.10268656716417901,3,0.5215909090909091,0,0,0,0.5417272727272727,False,高潮,theme_leader,False
2026-07-01,算力硬件,002929,润建股份,2.0,,2919174549.0,0.070264765784114,3,0.5215909090909091,0,0,0,0.516012987012987,False,高潮,supplement,False
2026-07-01,算力硬件,605289,罗曼股份,1.0,,538825293.0,0.10000000000000009,3,0.5215909090909091,0,0,0,0.4445844155844156,False,高潮,supplement,False
2026-07-01,算力硬件,002881,美格智能,1.0,,567464317.625,0.09989023051591661,3,0.5215909090909091,0,0,0,0.43887012987012997,False,高潮,supplement,False
2026-07-01,算力硬件,003007,直真科技,1.0,,197404769.078125,0.0997075245945227,3,0.5215909090909091,0,0,0,0.3417272727272727,False,高潮,supplement,False
2026-07-01,算力硬件,002123,梦网科技,1.0,,276871450.25,0.09556786703601117,3,0.5215909090909091,0,0,0,0.33601298701298704,False,高潮,supplement,False
2026-07-01,算力硬件,002313,日海智能,1.0,,42994072.0,0.012578616352201255,3,0.5215909090909091,0,0,0,0.23315584415584417,False,高潮,supplement,False
2026-07-01,半导体,688728,格科微,2.0,,4298404940.0,0.12222222222222223,4,0.5111363636363635,0,0,0,0.6323194805194805,True,高潮,theme_leader,False
2026-07-01,半导体,688571,杭华股份,1.0,,300493710.0,0.19999999999999996,4,0.5111363636363635,0,0,0,0.4523194805194805,True,高潮,follower,False
2026-07-01,半导体,600076,康欣新材,2.0,,88679897.0,0.04597701149425282,4,0.5111363636363635,0,0,0,0.4094623376623377,False,高潮,follower,False
2026-07-01,半导体,002930,宏川智慧,1.0,,325110243.46875,0.04979253112033177,4,0.5111363636363635,0,0,0,0.3894623376623377,False,高潮,follower,False
2026-07-01,半导体,000733,振华科技,1.0,,848977974.71875,0.004838709677419395,4,0.5111363636363635,0,0,0,0.35517662337662337,False,高潮,follower,False
2026-07-01,半导体,603353,和顺石油,1.0,,278550545.0,0.11269088994207488,4,0.5111363636363635,0,0,0,0.3494623376623377,False,高潮,follower,False
2026-07-01,半导体,002559,亚威股份,1.0,,289025349.0,0.0,4,0.5111363636363635,0,0,0,0.2580337662337662,False,高潮,follower,False
2026-07-01,地产,600641,先导基电,2.0,,5470812443.0,0.06509594364828764,5,0.4943181818181818,0,0,0,0.5128787878787879,False,高潮,theme_leader,False
2026-07-01,地产,603725,天安新材,1.0,,271374643.0,0.1078431372549018,5,0.4943181818181818,0,0,0,0.5128787878787879,False,高潮,follower,False
2026-07-01,地产,600724,宁波富达,1.0,,83593665.0,0.09411764705882364,5,0.4943181818181818,0,0,0,0.3928787878787879,False,高潮,follower,False
2026-07-01,地产,000863,三湘印象,1.0,,138295054.875,0.07943925233644866,5,0.4943181818181818,0,0,0,0.38621212121212123,False,高潮,follower,False
2026-07-01,地产,600658,电子城,1.0,,62962261.0,0.09946236559139776,5,0.4943181818181818,0,0,0,0.3728787878787879,False,高潮,follower,False
2026-07-01,地产,600665,天地源,1.0,,78204040.0,0.07796610169491514,5,0.4943181818181818,0,0,0,0.29954545454545456,False,高潮,follower,False
2026-07-01,金融概念,300561,汇金科技,1.0,,573093872.0,0.19886765746638368,6,0.48068181818181815,0,0,0,0.5184545454545455,True,高潮,theme_leader,False
2026-07-01,金融概念,600783,鲁信创投,2.0,,1045738743.0,0.08465346534653473,6,0.48068181818181815,0,0,0,0.5034545454545455,False,高潮,capacity_core,False
2026-07-01,金融概念,002670,国盛证券,1.0,,523551177.84375,0.10704483074107962,6,0.48068181818181815,0,0,0,0.4484545454545455,False,高潮,follower,False
2026-07-01,金融概念,600857,宁波中百,1.0,,278312033.0,0.10936708860759503,6,0.48068181818181815,0,0,0,0.4134545454545455,False,高潮,follower,False
2026-07-01,金融概念,002423,中粮资本,1.0,,358969329.43359375,0.1009732360097324,6,0.48068181818181815,0,0,0,0.3534545454545455,False,高潮,follower,False
2026-07-01,金融概念,600826,兰生股份,1.0,,144139462.0,0.1038812785388128,6,0.48068181818181815,0,0,0,0.34345454545454546,False,高潮,follower,False
2026-07-01,金融概念,600446,金证股份,1.0,,330645527.0,0.1003976143141152,6,0.48068181818181815,0,0,0,0.3084545454545455,False,高潮,follower,False
2026-07-01,金融概念,600784,鲁银投资,1.0,,81761058.0,0.10339506172839497,6,0.48068181818181815,0,0,0,0.2984545454545455,False,高潮,follower,False
2026-07-01,农业,001313,粤海饲料,1.0,,192517190.0,0.11111111111111116,7,0.4770454545454545,0,0,0,0.4681636363636364,False,高潮,theme_leader,False
2026-07-01,农业,603363,傲农生物,1.0,,195180657.0,0.10074626865671643,7,0.4770454545454545,0,0,0,0.4641636363636364,False,高潮,follower,False
2026-07-01,农业,603166,福达股份,1.0,,223827898.0,0.10022438294689606,7,0.4770454545454545,0,0,0,0.4601636363636364,False,高潮,follower,False
2026-07-01,农业,002124,天邦食品,1.0,,304650824.25,0.09952606635071093,7,0.4770454545454545,0,0,0,0.43616363636363636,False,高潮,follower,False
2026-07-01,农业,300175,朗源股份,1.0,,117640497.6875,0.18297872340425525,7,0.4770454545454545,0,0,0,0.42416363636363635,True,高潮,elastic_core,False
2026-07-01,农业,600975,新五丰,1.0,,128451596.0,0.09976798143851529,7,0.4770454545454545,0,0,0,0.37616363636363637,False,高潮,follower,False
2026-07-01,农业,000876,新希望,1.0,,547718065.546875,0.0883280757097793,7,0.4770454545454545,0,0,0,0.3721636363636364,False,高潮,capacity_core,False
2026-07-01,农业,002840,华统股份,1.0,,179956319.2001953,0.09863013698630141,7,0.4770454545454545,0,0,0,0.3521636363636364,False,高潮,follower,False
2026-07-01,农业,002982,湘佳股份,1.0,,125763135.67773438,0.09014084507042242,7,0.4770454545454545,0,0,0,0.2801636363636364,False,高潮,follower,False
2026-07-01,农业,002548,金新农,1.0,,111021061.02832031,0.09729729729729719,7,0.4770454545454545,0,0,0,0.2681636363636364,False,高潮,follower,False
2026-07-01,医药,688553,汇宇制药,1.0,,455217324.0,0.1925233644859814,8,0.44977272727272727,0,0,0,0.5239818181818183,True,高潮,theme_leader,False
2026-07-01,医药,688247,宣泰医药,1.0,,114095737.0,0.19946808510638303,8,0.44977272727272727,0,0,0,0.46798181818181817,True,高潮,follower,False
2026-07-01,医药,002826,易明医药,1.0,,128213048.0,0.10494652406417115,8,0.44977272727272727,0,0,0,0.4199818181818182,False,高潮,follower,False
2026-07-01,医药,603567,珍宝岛,1.0,,151595538.0,0.0855855855855856,8,0.44977272727272727,0,0,0,0.3719818181818182,False,高潮,follower,False
2026-07-01,医药,603351,威尔药业,1.0,,88365363.0,0.09502446982055468,8,0.44977272727272727,0,0,0,0.3159818181818182,False,高潮,follower,False
2026-07-01,股权转让,000536,华映科技,1.0,,376807608.25,0.11818181818181817,9,0.3511363636363636,0,0,0,0.5630909090909091,False,高潮,theme_leader,False
2026-07-01,股权转让,603499,翔港科技,1.0,,122638619.0,0.10038022813688219,9,0.3511363636363636,0,0,0,0.4330909090909092,False,高潮,follower,False
2026-07-01,股权转让,000863,三湘印象,1.0,,138295054.875,0.07943925233644866,9,0.3511363636363636,0,0,0,0.42309090909090913,False,高潮,follower,False
2026-07-01,股权转让,002313,日海智能,1.0,,42994072.0,0.012578616352201255,9,0.3511363636363636,0,0,0,0.2930909090909091,False,高潮,follower,False
2026-07-01,并购重组,000795,英洛华,1.0,,327937006.125,0.10440835266821358,10,0.3352272727272727,0,0,0,0.5001515151515152,False,高潮,theme_leader,False
2026-07-01,并购重组,605289,罗曼股份,1.0,,538825293.0,0.10000000000000009,10,0.3352272727272727,0,0,0,0.49348484848484847,False,高潮,capacity_core,False
2026-07-01,并购重组,603137,恒尚节能,2.0,,7285760.0,0.0,10,0.3352272727272727,0,0,0,0.3834848484848485,False,高潮,follower,False
2026-07-01,并购重组,600793,宜宾纸业,1.0,,104958899.0,0.09883720930232576,10,0.3352272727272727,0,0,0,0.35348484848484846,False,高潮,follower,False
2026-07-01,并购重组,603014,威高血净,1.0,,125130275.0,0.06824925816023719,10,0.3352272727272727,0,0,0,0.3468181818181818,False,高潮,follower,False
2026-07-01,并购重组,002635,安洁科技,1.0,,128712284.0,0.0,10,0.3352272727272727,0,0,0,0.32348484848484843,False,高潮,follower,False
2026-07-01,基础建设,301279,金道科技,1.0,,113967526.08007812,0.19963201471941128,11,0.3125,0,0,0,0.525,True,高潮,theme_leader,False
2026-07-01,基础建设,605155,西大门,1.0,,48391583.0,0.10152284263959377,11,0.3125,0,0,0,0.3950000000000001,False,高潮,follower,False
2026-07-01,基础建设,603137,恒尚节能,2.0,,7285760.0,0.0,11,0.3125,0,0,0,0.395,False,高潮,follower,False
2026-07-01,基础建设,000068,华控赛格,1.0,,60256477.0,0.09122807017543844,11,0.3125,0,0,0,0.385,False,高潮,follower,False
2026-07-02,地产,600641,先导基电,3.0,09:31,3282307774.0,0.10011402508551881,1,0.5925,0,0,1,0.8874000000000001,False,退潮,theme_leader,True
2026-07-02,地产,002596,海南瑞泽,1.0,09:47,78125303.5625,0.09863945578231292,1,0.5925,0,0,0,0.5274,False,退潮,switch_pioneer,False
2026-07-02,基础建设,603137,恒尚节能,3.0,09:31,5684080.0,0.09978917779339413,2,0.5158928571428572,0,0,2,0.6546047619047619,False,退潮,theme_leader,False
2026-07-02,基础建设,300163,先锋新材,1.0,09:59,213434583.5,0.2003710575139146,2,0.5158928571428572,0,0,0,0.6479380952380953,True,退潮,switch_pioneer,False
2026-07-02,基础建设,603273,天元智能,1.0,09:44,47937462.0,0.10038022813688219,2,0.5158928571428572,1,1,2,0.6412714285714285,False,退潮,switch_pioneer,False
2026-07-02,基础建设,600815,厦工股份,1.0,09:46,114836820.0,0.09885931558935379,2,0.5158928571428572,0,0,1,0.4946047619047619,False,退潮,switch_pioneer,False
2026-07-02,基础建设,603338,浙江鼎力,1.0,13:01,475257072.0,0.09999999999999987,2,0.5158928571428572,0,0,0,0.4479380952380952,False,退潮,switch_pioneer,False
2026-07-02,基础建设,603638,艾迪精密,1.0,10:22,493523218.0,0.09991496598639471,2,0.5158928571428572,0,0,0,0.4412714285714286,False,退潮,switch_pioneer,False
2026-07-02,医药,002826,易明医药,2.0,09:32,127258206.0,0.09981851179673318,3,0.5125000000000001,0,0,1,0.7110000000000001,False,退潮,theme_leader,False
2026-07-02,医药,600630,龙头股份,1.0,09:48,533379997.0,0.09979423868312742,3,0.5125000000000001,0,0,0,0.6010000000000001,False,退潮,switch_pioneer,False
2026-07-02,医药,002020,京新药业,1.0,09:31,144910404.34375,0.0997749437359341,3,0.5125000000000001,1,1,2,0.551,False,退潮,switch_pioneer,False
2026-07-02,医药,002693,双成药业,1.0,13:45,369980385.875,0.10000000000000009,3,0.5125000000000001,0,0,0,0.501,False,退潮,switch_pioneer,False
2026-07-02,机器人,002931,锋龙股份,1.0,09:58,992114077.6875,0.10000000000000009,4,0.4982142857142856,2,2,5,0.7009097744360901,False,退潮,theme_leader,False
2026-07-02,机器人,603273,天元智能,1.0,09:44,47937462.0,0.10038022813688219,4,0.4982142857142856,1,1,4,0.6472255639097744,False,退潮,follower,False
2026-07-02,机器人,002979,雷赛智能,1.0,09:31,224566769.6640625,0.10003479471120391,4,0.4982142857142856,2,2,4,0.6409097744360902,False,退潮,follower,False
2026-07-02,机器人,605189,富春染织,2.0,13:35,357035078.0,0.10030165912518862,4,0.4982142857142856,0,1,1,0.6377518796992481,False,退潮,follower,False
2026-07-02,机器人,301008,宏昌科技,1.0,10:09,527877775.4765625,0.19992484028560686,4,0.4982142857142856,1,2,3,0.6240676691729323,True,退潮,elastic_core,False
2026-07-02,机器人,603286,日盈电子,1.0,09:33,146661351.0,0.10006373486297004,4,0.4982142857142856,1,1,3,0.6177518796992482,False,退潮,follower,False
2026-07-02,机器人,603897,长城科技,1.0,09:36,218890127.0,0.09997059688326959,4,0.4982142857142856,0,1,2,0.5503834586466165,False,退潮,follower,False
2026-07-02,机器人,603926,铁流股份,1.0,09:47,71381687.0,0.09994288977727006,4,0.4982142857142856,0,0,3,0.5188045112781955,False,退潮,follower,False
2026-07-02,机器人,605055,迎丰股份,1.0,09:59,76568929.0,0.09970384995064152,4,0.4982142857142856,1,2,4,0.4956466165413534,False,退潮,follower,False
2026-07-02,机器人,603608,天创时尚,1.0,11:11,764311581.0,0.10013117621337986,4,0.4982142857142856,0,0,0,0.4598571428571429,False,退潮,follower,False
2026-07-02,机器人,000700,模塑科技,1.0,10:10,1877232199.375,0.09973924380704058,4,0.4982142857142856,0,1,2,0.4409097744360902,False,退潮,capacity_core,False
2026-07-02,机器人,603416,信捷电气,1.0,10:03,306766718.0,0.0999448833363954,4,0.4982142857142856,0,2,4,0.43669924812030075,False,退潮,follower,False
2026-07-02,机器人,603135,中重科技,1.0,13:02,324640302.0,0.10016025641025639,4,0.4982142857142856,0,0,0,0.4303834586466166,False,退潮,follower,False
2026-07-02,机器人,300695,兆丰股份,1.0,14:16,209819978.25,0.19996024647187438,4,0.4982142857142856,0,0,0,0.4303834586466166,True,退潮,follower,False
2026-07-02,机器人,603337,杰克科技,1.0,10:16,217562265.0,0.10013908205841426,4,0.4982142857142856,0,1,1,0.4261729323308271,False,退潮,follower,False
2026-07-02,机器人,603338,浙江鼎力,1.0,13:01,475257072.0,0.09999999999999987,4,0.4982142857142856,1,1,1,0.41143609022556393,False,退潮,follower,False
2026-07-02,机器人,600480,凌云股份,1.0,13:45,328619257.0,0.10000000000000009,4,0.4982142857142856,0,0,0,0.37038345864661654,False,退潮,follower,False
2026-07-02,机器人,001319,铭科精技,1.0,10:46,88449371.09375,0.10009960159362552,4,0.4982142857142856,0,0,0,0.3398571428571429,False,退潮,follower,False
2026-07-02,机器人,603638,艾迪精密,1.0,10:22,493523218.0,0.09991496598639471,4,0.4982142857142856,0,0,0,0.33775187969924814,False,退潮,follower,False
2026-07-02,化工,002971,和远气体,2.0,09:41,1717412513.6484375,0.09999999999999987,5,0.4900000000000001,0,1,1,0.6717000000000001,False,退潮,theme_leader,False
2026-07-02,化工,002998,优彩资源,1.0,09:31,74079174.5,0.1007194244604317,5,0.4900000000000001,0,2,3,0.6367,False,退潮,follower,False
2026-07-02,化工,603505,金石资源,2.0,11:22,2514932728.0,0.10013531799729347,5,0.4900000000000001,0,0,0,0.5917,False,退潮,follower,False
2026-07-02,化工,601678,滨化股份,1.0,09:51,1712148041.0,0.10000000000000009,5,0.4900000000000001,0,0,2,0.5767,False,退潮,follower,False
2026-07-02,化工,002427,尤夫股份,1.0,09:40,194084261.03125,0.09958506224066377,5,0.4900000000000001,1,1,2,0.5067,False,退潮,follower,False
2026-07-02,化工,605020,永和股份,1.0,11:20,2934174467.0,0.10002273243919069,5,0.4900000000000001,1,1,1,0.46170000000000005,False,退潮,capacity_core,False
2026-07-02,化工,301019,宁波色母,1.0,10:02,105273712.1328125,0.20011148272017842,5,0.4900000000000001,1,1,1,0.4417,True,退潮,elastic_core,False
2026-07-02,化工,001378,德冠新材,1.0,10:06,110444473.8149414,0.10010822510822504,5,0.4900000000000001,0,0,0,0.3467,False,退潮,follower,False
2026-07-02,股权转让,000536,华映科技,2.0,09:52,631924449.125,0.10027100271002709,6,0.47482142857142856,0,1,1,0.824652380952381,False,退潮,theme_leader,False
2026-07-02,股权转让,002931,锋龙股份,1.0,09:58,992114077.6875,0.10000000000000009,6,0.47482142857142856,0,0,0,0.5979857142857143,False,退潮,capacity_core,False
2026-07-02,股权转让,000890,法尔胜,1.0,09:36,130802792.0,0.10000000000000009,6,0.47482142857142856,0,0,1,0.5313190476190476,False,退潮,follower,False
2026-07-02,通信,301092,争光股份,2.0,09:34,540178685.1875,0.20004074149521278,7,0.42125,1,1,2,0.8603666666666666,True,退潮,theme_leader,False
2026-07-02,通信,000890,法尔胜,1.0,09:36,130802792.0,0.10000000000000009,7,0.42125,0,0,1,0.5603666666666667,False,退潮,follower,False
2026-07-02,通信,603928,兴业股份,1.0,09:48,796338375.0,0.09999999999999987,7,0.42125,0,0,0,0.5603666666666667,False,退潮,capacity_core,False
2026-07-02,AI应用,300071,福石控股,1.0,09:33,708058139.75,0.19891008174386937,8,0.37625,0,0,1,0.7261000000000001,True,退潮,theme_leader,False
2026-07-02,AI应用,002354,天娱数科,1.0,09:31,1057139767.0625,0.09999999999999987,8,0.37625,3,3,4,0.6781,False,退潮,capacity_core,False
2026-07-02,AI应用,000892,欢瑞世纪,1.0,09:33,73808721.19921875,0.10144927536231862,8,0.37625,0,0,1,0.6221000000000001,False,退潮,follower,False
2026-07-02,AI应用,002995,天地在线,1.0,09:33,125592607.2890625,0.10005589714924534,8,0.37625,0,0,1,0.5741,False,退潮,follower,False
2026-07-02,AI应用,002798,帝欧水华,1.0,09:47,72393705.25,0.10099009900990086,8,0.37625,0,0,0,0.5101000000000001,False,退潮,follower,False
2026-07-02,服装家纺,605189,富春染织,2.0,13:35,357035078.0,0.10030165912518862,9,0.35000000000000003,0,0,0,0.5880000000000001,False,退潮,theme_leader,False
2026-07-02,服装家纺,600630,龙头股份,1.0,09:48,533379997.0,0.09979423868312742,9,0.35000000000000003,0,0,1,0.5413333333333334,False,退潮,follower,False
2026-07-02,服装家纺,002674,兴业科技,1.0,13:32,1113410654.75,0.10007788161993769,9,0.35000000000000003,1,1,1,0.5013333333333333,False,退潮,capacity_core,False
2026-07-02,服装家纺,603608,天创时尚,1.0,11:11,764311581.0,0.10013117621337986,9,0.35000000000000003,0,0,0,0.4680000000000001,False,退潮,follower,False
2026-07-02,服装家纺,605055,迎丰股份,1.0,09:59,76568929.0,0.09970384995064152,9,0.35000000000000003,0,0,0,0.388,False,退潮,follower,False
2026-07-02,服装家纺,002029,七匹狼,1.0,13:10,257295470.296875,0.09987195902688861,9,0.35000000000000003,0,0,0,0.32133333333333336,False,退潮,follower,False
2026-07-02,农业,001313,粤海饲料,2.0,13:02,275166971.0,0.10000000000000009,10,0.3385714285714286,1,1,1,0.5670857142857143,False,退潮,theme_leader,False
2026-07-02,农业,603717,天域生物,1.0,09:45,96652920.0,0.1008264462809918,10,0.3385714285714286,0,0,0,0.5670857142857143,False,退潮,follower,False
2026-07-02,农业,002258,利尔化学,1.0,13:05,429943211.46875,0.10023866348448696,10,0.3385714285714286,0,0,0,0.47708571428571434,False,退潮,capacity_core,False
2026-07-02,农业,002696,百洋股份,1.0,14:15,184459470.0,0.09941520467836251,10,0.3385714285714286,0,0,0,0.2970857142857143,False,退潮,follower,False
2026-07-03,机器人,002979,雷赛智能,2.0,09:31,383958020.5,0.09995255416732562,1,0.6725,4,6,11,0.7742651162790698,False,修复,theme_leader,True
2026-07-03,机器人,002249,大洋电机,1.0,09:46,561862370.75,0.10039630118890353,1,0.6725,1,1,4,0.7407767441860466,False,修复,supplement,False
2026-07-03,机器人,300912,凯龙高科,1.0,09:46,235836949.39453125,0.19999999999999996,1,0.6725,1,1,4,0.7203116279069768,True,修复,supplement,False
2026-07-03,机器人,002747,埃斯顿,1.0,09:35,5508068581.1875,0.10000000000000009,1,0.6725,4,5,9,0.7063581395348837,False,修复,supplement,False
2026-07-03,机器人,002434,万里扬,1.0,10:00,183993572.75,0.10066006600660082,1,0.6725,1,5,6,0.6821720930232558,False,修复,supplement,False
2026-07-03,机器人,600376,首开股份,1.0,09:31,141211794.0,0.10115606936416177,1,0.6725,4,6,11,0.6728697674418604,False,修复,supplement,False
2026-07-03,机器人,603165,荣晟环保,1.0,09:57,149456280.0,0.10029940119760483,1,0.6725,1,3,7,0.6486837209302325,False,修复,supplement,False
2026-07-03,机器人,603211,晋拓股份,1.0,09:37,271229390.0,0.10009182736455458,1,0.6725,0,4,6,0.647753488372093,False,修复,supplement,False
2026-07-03,机器人,002148,北纬科技,1.0,09:31,45711641.0625,0.10067114093959728,1,0.6725,4,6,11,0.6421720930232558,False,修复,supplement,False
2026-07-03,机器人,603178,圣龙股份,1.0,09:46,89144364.0,0.10035087719298241,1,0.6725,1,1,4,0.6393813953488372,False,修复,supplement,False
2026-07-03,机器人,603286,日盈电子,2.0,10:09,395752291.0,0.10003862495171889,1,0.6725,3,3,6,0.6365906976744187,False,修复,supplement,False
2026-07-03,机器人,300718,长盛轴承,1.0,13:13,2142139222.125,0.1999689247980112,1,0.6725,0,3,3,0.6338,True,修复,supplement,False
2026-07-03,机器人,300580,贝斯特,1.0,13:05,1078714717.7890625,0.20018492834026813,1,0.6725,4,5,8,0.6328697674418605,True,修复,supplement,False
2026-07-03,机器人,002765,蓝黛科技,1.0,09:51,155027863.0,0.10013908205841449,1,0.6725,0,2,7,0.6198465116279069,False,修复,supplement,False
2026-07-03,机器人,605068,明新旭腾,1.0,09:36,33055802.0,0.10017271157167529,1,0.6725,2,6,7,0.5965906976744186,False,修复,supplement,False
2026-07-03,机器人,301596,瑞迪智驱,1.0,13:10,488549443.8232422,0.19996248358656898,1,0.6725,1,3,4,0.591939534883721,True,修复,supplement,False
2026-07-03,机器人,002520,日发精机,1.0,09:36,510923902.5625,0.09971509971509973,1,0.6725,2,6,7,0.5882186046511628,False,修复,supplement,False
2026-07-03,机器人,600580,卧龙电驱,1.0,10:03,2920380459.0,0.10014727540500723,1,0.6725,1,5,5,0.5724046511627907,False,修复,supplement,False
2026-07-03,机器人,601177,杭齿前进,1.0,09:44,161851253.0,0.099923136049193,1,0.6725,3,4,7,0.567753488372093,False,修复,supplement,False
2026-07-03,机器人,605189,富春染织,3.0,13:19,355904535.0,0.10006854009595623,1,0.6725,1,1,1,0.5635674418604651,False,修复,follower,False
2026-07-03,机器人,601689,拓普集团,1.0,13:10,5223504556.0,0.10008810572687232,1,0.6725,1,3,4,0.5612418604651163,False,修复,supplement,False
2026-07-03,机器人,001306,夏厦精密,1.0,09:37,93723150.75,0.09993048314216191,1,0.6725,0,4,6,0.5500790697674418,False,修复,supplement,False
2026-07-03,机器人,301499,维科精密,1.0,13:46,292465315.95703125,0.20000000000000018,1,0.6725,1,1,2,0.539846511627907,True,修复,supplement,False
2026-07-03,机器人,002067,景兴纸业,1.0,09:34,222455957.9970703,0.09947643979057608,1,0.6725,5,6,10,0.5351953488372093,False,修复,supplement,False
2026-07-03,机器人,002850,科达利,1.0,10:12,1953519080.2109375,0.10000000000000009,1,0.6725,0,0,3,0.5240325581395349,False,修复,supplement,False
2026-07-03,机器人,603915,国茂股份,1.0,13:09,236509936.0,0.10020590253946482,1,0.6725,4,6,7,0.5119395348837209,False,修复,supplement,False
2026-07-03,机器人,002896,中大力德,1.0,10:10,1701460110.78125,0.0999486125385407,1,0.6725,1,1,4,0.5063581395348837,False,修复,supplement,False
2026-07-03,机器人,301199,迈赫股份,1.0,14:06,207344827.96875,0.20022560631697695,1,0.6725,1,1,1,0.4868232558139535,True,修复,supplement,False
2026-07-03,机器人,600592,龙溪股份,1.0,13:19,352708386.0,0.10034129692832772,1,0.6725,1,1,1,0.4654279069767442,False,修复,supplement,False
2026-07-03,机器人,600143,金发科技,1.0,11:25,2008422591.0,0.10025873221216042,1,0.6725,0,0,0,0.4635674418604651,False,修复,supplement,False
2026-07-03,机器人,603466,风语筑,1.0,13:23,1014371450.0,0.10028382213812681,1,0.6725,0,0,0,0.4533348837209302,False,修复,supplement,False
2026-07-03,机器人,603730,岱美股份,1.0,10:10,774327660.0,0.09983079526226724,1,0.6725,1,1,4,0.4486837209302326,False,修复,supplement,False
2026-07-03,机器人,603278,大业股份,1.0,13:10,342345086.0,0.09990917347865569,1,0.6725,1,3,4,0.4440325581395349,False,修复,supplement,False
2026-07-03,机器人,002283,天润工业,1.0,13:03,354696734.7480469,0.0998925886143931,1,0.6725,2,7,10,0.4328697674418605,False,修复,supplement,False
2026-07-03,机器人,003028,振邦智能,1.0,13:04,81647544.1875,0.10013410818059887,1,0.6725,2,6,9,0.4254279069767442,False,修复,supplement,False
2026-07-03,机器人,002664,信质集团,1.0,11:19,235938979.4375,0.10016602102933025,1,0.6725,0,1,1,0.41891627906976747,False,修复,supplement,False
2026-07-03,机器人,603596,伯特利,1.0,10:25,616776990.0,0.0998408910103421,1,0.6725,2,2,2,0.4096139534883721,False,修复,supplement,False
2026-07-03,机器人,002472,双环传动,1.0,10:29,3412149020.5,0.09990641085634056,1,0.6725,0,0,0,0.3863581395348838,False,修复,supplement,False
2026-07-03,机器人,002981,朝阳科技,1.0,10:07,105342802.8125,0.09989754098360648,1,0.6725,4,4,5,0.3705441860465117,False,修复,supplement,False
2026-07-03,机器人,002767,先锋电子,1.0,13:51,86460542.25,0.10000000000000009,1,0.6725,0,0,2,0.36124186046511625,False,修复,supplement,False
2026-07-03,机器人,603051,鹿山新材,1.0,10:52,199867339.0,0.09989959839357421,1,0.6725,0,0,0,0.28496279069767444,False,修复,supplement,False
2026-07-03,机器人,002988,豪美新材,1.0,14:07,172855809.1875,0.09987029831387817,1,0.6725,0,0,0,0.26356744186046516,False,修复,supplement,False
2026-07-03,机器人,002090,金智科技,1.0,10:29,115219583.0234375,0.09977064220183474,1,0.6725,0,0,0,0.23100930232558142,False,修复,supplement,False
2026-07-03,基础建设,603137,恒尚节能,4.0,09:31,10426366.0,0.10031948881789132,2,0.6112499999999998,0,0,1,0.7209000000000001,False,修复,theme_leader,False
2026-07-03,基础建设,600801,华新建材,1.0,09:47,311811063.0,0.10024301336573505,2,0.6112499999999998,0,0,0,0.5368999999999999,False,修复,supplement,False
2026-07-03,基础建设,603338,浙江鼎力,2.0,10:58,987589902.0,0.100063870555674,2,0.6112499999999998,0,0,0,0.48090000000000005,False,修复,supplement,False
2026-07-03,基础建设,002377,国创高新,1.0,13:16,171148166.0,0.10038610038610041,2,0.6112499999999998,0,0,0,0.42490000000000006,False,修复,supplement,False
2026-07-03,基础建设,601100,恒立液压,1.0,14:18,2374139749.0,0.10000000000000009,2,0.6112499999999998,0,0,0,0.36090000000000005,False,修复,supplement,False
2026-07-03,并购重组,600793,宜宾纸业,3.0,09:31,58544757.0,0.10034364261168394,3,0.5675,0,0,1,0.7387333333333335,False,修复,theme_leader,False
2026-07-03,并购重组,603137,恒尚节能,4.0,09:31,10426366.0,0.10031948881789132,3,0.5675,0,0,1,0.7120666666666667,False,修复,follower,False
2026-07-03,并购重组,002635,安洁科技,1.0,09:49,1108819559.53125,0.09981167608286268,3,0.5675,0,0,0,0.5254,False,修复,supplement,False
2026-07-03,资源有色,600988,赤峰黄金,2.0,09:32,1152376418.0,0.10003522367030637,4,0.5225,2,2,2,0.7717999999999999,False,修复,theme_leader,False
2026-07-03,资源有色,000506,招金黄金,2.0,09:31,371842184.8125,0.09992069785884228,4,0.5225,3,3,3,0.6984666666666666,False,修复,follower,False
2026-07-03,资源有色,000975,山金国际,1.0,09:31,1322045107.8125,0.0997782705099779,4,0.5225,3,3,3,0.6318,False,修复,capacity_core,False
2026-07-03,资源有色,601069,西部黄金,1.0,09:35,493491271.0,0.10021231422505306,4,0.5225,0,0,0,0.6251333333333333,False,修复,follower,False
2026-07-03,资源有色,001337,四川黄金,1.0,09:34,399043374.05078125,0.10010678056593703,4,0.5225,1,1,1,0.6051333333333334,False,修复,follower,False
2026-07-03,资源有色,002715,登云股份,1.0,14:11,129469622.734375,0.10007468259895447,4,0.5225,0,0,0,0.3184666666666667,False,修复,follower,False
2026-07-03,算力硬件,002536,飞龙股份,1.0,09:42,2577109518.53125,0.09991532599491948,5,0.48500000000000004,0,0,1,0.6738000000000002,False,修复,theme_leader,False
2026-07-03,算力硬件,001400,江顺科技,1.0,11:08,638956736.1220703,0.0999736449090749,5,0.48500000000000004,0,0,0,0.5338,False,修复,follower,False
2026-07-03,算力硬件,603798,康普顿,1.0,09:42,55286501.0,0.0997109826589595,5,0.48500000000000004,0,0,1,0.5038,False,修复,follower,False
2026-07-03,算力硬件,002771,真视通,1.0,10:01,260324192.1015625,0.09992069785884228,5,0.48500000000000004,0,0,0,0.4438000000000001,False,修复,follower,False
2026-07-03,汽车,300912,凯龙高科,1.0,09:46,235836949.39453125,0.19999999999999996,6,0.4425,1,1,1,0.7154000000000001,True,修复,theme_leader,False
2026-07-03,汽车,002765,蓝黛科技,1.0,09:51,155027863.0,0.10013908205841449,6,0.4425,0,0,1,0.6531777777777779,False,修复,follower,False
2026-07-03,汽车,001306,夏厦精密,1.0,09:37,93723150.75,0.09993048314216191,6,0.4425,0,1,2,0.5287333333333333,False,修复,follower,False
2026-07-03,汽车,605255,天普股份,1.0,13:02,134947809.0,0.09997037914691953,6,0.4425,2,2,3,0.48873333333333335,False,修复,follower,False
2026-07-03,汽车,003021,兆威机电,1.0,13:05,938032513.625,0.09995635093845467,6,0.4425,0,1,1,0.4576222222222222,False,修复,capacity_core,False
2026-07-03,汽车,003028,振邦智能,1.0,13:04,81647544.1875,0.10013410818059887,6,0.4425,1,2,2,0.4220666666666667,False,修复,follower,False
2026-07-03,汽车,603013,亚普股份,1.0,13:13,90827255.0,0.10031152647975072,6,0.4425,0,0,0,0.4042888888888889,False,修复,follower,False
2026-07-03,汽车,002715,登云股份,1.0,14:11,129469622.734375,0.10007468259895447,6,0.4425,0,0,0,0.37317777777777783,False,修复,follower,False
2026-07-03,汽车,603730,岱美股份,1.0,10:10,774327660.0,0.09983079526226724,6,0.4425,0,0,0,0.35540000000000005,False,修复,follower,False
2026-07-03,ST摘帽,002868,绿康生化,1.0,09:38,43336604.875,0.10004185851820857,7,0.36875,0,0,0,0.8295,False,修复,theme_leader,False
2026-07-03,军工,688311,盟升电子,1.0,14:05,309852176.0,0.1999229583975346,8,0.36000000000000004,0,0,0,0.5221333333333334,True,修复,theme_leader,False
2026-07-03,军工,600592,龙溪股份,1.0,13:19,352708386.0,0.10034129692832772,8,0.36000000000000004,0,0,0,0.5088,False,修复,capacity_core,False
2026-07-03,军工,001268,联合精密,1.0,11:12,100654747.0,0.09994416527079841,8,0.36000000000000004,0,0,0,0.3354666666666667,False,修复,follower,False
2026-07-03,商业航天,001270,铖昌科技,1.0,09:34,744642157.5625,0.10002020610224283,9,0.34249999999999997,0,0,0,0.5634,False,修复,theme_leader,False
2026-07-03,商业航天,300129,泰胜风能,1.0,10:51,823058474.3125,0.19977426636568874,9,0.34249999999999997,0,0,1,0.5554000000000001,True,修复,capacity_core,False
2026-07-03,商业航天,688311,盟升电子,1.0,14:05,309852176.0,0.1999229583975346,9,0.34249999999999997,0,0,0,0.4594,True,修复,follower,False
2026-07-03,商业航天,600990,四创电子,1.0,14:28,145507068.0,0.10005750431282334,9,0.34249999999999997,0,0,0,0.34740000000000004,False,修复,follower,False
2026-07-03,商业航天,001400,江顺科技,1.0,11:08,638956736.1220703,0.0999736449090749,9,0.34249999999999997,0,0,0,0.33140000000000003,False,修复,follower,False
2026-07-03,天然气,300985,致远新能,1.0,13:01,369561812.015625,0.2000483208504471,10,0.2825,0,0,1,0.5976,True,修复,theme_leader,False
2026-07-03,天然气,002700,万憬能源,1.0,09:53,78351589.0,0.10049423393739687,10,0.2825,0,0,0,0.5476,False,修复,follower,False
2026-07-03,天然气,002377,国创高新,1.0,13:16,171148166.0,0.10038610038610041,10,0.2825,0,0,0,0.4176,False,修复,follower,False
2026-07-03,天然气,002767,先锋电子,1.0,13:51,86460542.25,0.10000000000000009,10,0.2825,0,0,0,0.32760000000000006,False,修复,follower,False
2026-07-06,机器人,603211,晋拓股份,2.0,09:32,539492514.0,0.09988870339454659,1,0.6320454545454546,1,2,2,0.7805636363636363,False,退潮,theme_leader,True
2026-07-06,机器人,002245,蔚蓝锂芯,1.0,09:31,3022765143.5390625,0.09980334316617512,1,0.6320454545454546,2,3,3,0.6738969696969698,False,退潮,switch_pioneer,False
2026-07-06,机器人,002767,先锋电子,2.0,09:31,37718598.6796875,0.0997782705099779,1,0.6320454545454546,2,3,3,0.647230303030303,False,退潮,switch_pioneer,False
2026-07-06,机器人,600215,派斯林,1.0,09:41,218338592.0,0.1008,1,0.6320454545454546,0,0,0,0.5738969696969698,False,退潮,switch_pioneer,False
2026-07-06,机器人,002403,爱仕达,1.0,09:34,87819986.0,0.09990662931839389,1,0.6320454545454546,0,1,1,0.5538969696969698,False,退潮,switch_pioneer,False
2026-07-06,机器人,688039,当虹科技,1.0,11:28,335890036.0,0.20000000000000018,1,0.6320454545454546,0,0,0,0.4738969696969697,True,退潮,switch_pioneer,False
2026-07-06,并购重组,600793,宜宾纸业,4.0,09:31,321431890.0,0.09993753903810099,2,0.5943181818181817,0,1,4,0.7342121212121213,False,退潮,theme_leader,False
2026-07-06,并购重组,603268,松发股份,1.0,09:41,2267666895.0,0.09999999999999987,2,0.5943181818181817,3,3,3,0.7042121212121213,False,退潮,switch_pioneer,False
2026-07-06,并购重组,688206,概伦电子,1.0,09:44,1151606374.0,0.2000984494216096,2,0.5943181818181817,1,1,1,0.6975454545454547,True,退潮,switch_pioneer,False
2026-07-06,并购重组,603137,恒尚节能,5.0,09:31,13721272.0,0.09988385598141702,2,0.5943181818181817,0,1,4,0.6675454545454546,False,退潮,follower,False
2026-07-06,并购重组,603020,爱普股份,1.0,09:43,141429615.0,0.10037453183520606,2,0.5943181818181817,2,2,2,0.650878787878788,False,退潮,switch_pioneer,False
2026-07-06,并购重组,603201,常润股份,1.0,09:45,82764932.0,0.10014104372355437,2,0.5943181818181817,0,0,0,0.5108787878787879,False,退潮,switch_pioneer,False
2026-07-06,算力硬件,300684,中石科技,1.0,09:51,3357374974.03125,0.1999677471375585,3,0.5486363636363637,1,1,1,0.6963909090909092,True,退潮,theme_leader,False
2026-07-06,算力硬件,603757,大元泵业,1.0,09:46,1222250276.0,0.10001389081816914,3,0.5486363636363637,1,2,2,0.6663909090909091,False,退潮,switch_pioneer,False
2026-07-06,算力硬件,603269,海鸥股份,1.0,09:39,722698402.0,0.09974905897114184,3,0.5486363636363637,0,1,3,0.6113909090909091,False,退潮,switch_pioneer,False
2026-07-06,算力硬件,000938,紫光股份,1.0,13:47,9933777790.5,0.10006605019815074,3,0.5486363636363637,0,0,0,0.5113909090909091,False,退潮,switch_pioneer,False
2026-07-06,算力硬件,603090,宏盛股份,1.0,09:52,375681117.0,0.09995985547972697,3,0.5486363636363637,0,0,0,0.5013909090909091,False,退潮,switch_pioneer,False
2026-07-06,算力硬件,301317,鑫磊股份,1.0,13:07,368279856.25,0.20003858024691357,3,0.5486363636363637,1,1,1,0.46139090909090913,True,退潮,switch_pioneer,False
2026-07-06,算力硬件,000066,中国长城,1.0,13:11,3729009519.75,0.09994155464640575,3,0.5486363636363637,0,0,0,0.41639090909090914,False,退潮,switch_pioneer,False
2026-07-06,算力硬件,605060,XD联德股,1.0,,472517221.0,0.09270516717325239,3,0.5486363636363637,0,0,0,0.28639090909090914,False,退潮,switch_pioneer,False
2026-07-06,基础建设,603137,恒尚节能,5.0,09:31,13721272.0,0.09988385598141702,4,0.5452272727272727,0,1,1,0.6756181818181819,False,退潮,theme_leader,False
2026-07-06,基础建设,002828,贝肯能源,1.0,09:37,227136029.0,0.0998080614203456,4,0.5452272727272727,0,0,0,0.5516181818181818,False,退潮,follower,False
2026-07-06,基础建设,603375,盛景微,1.0,13:48,257808298.0,0.10004321521175452,4,0.5452272727272727,0,0,0,0.5036181818181819,False,退潮,capacity_core,False
2026-07-06,基础建设,603815,交建股份,1.0,13:19,109796538.0,0.10090090090090098,4,0.5452272727272727,0,0,0,0.4796181818181819,False,退潮,follower,False
2026-07-06,基础建设,601368,绿城水务,1.0,14:20,98115329.0,0.09953703703703698,4,0.5452272727272727,0,0,0,0.28761818181818183,False,退潮,follower,False
2026-07-06,通信,002141,贤丰控股,2.0,09:33,1002921819.0,0.09922178988326857,5,0.47500000000000003,1,1,2,0.6713333333333333,False,退潮,theme_leader,False
2026-07-06,通信,002815,崇达技术,1.0,09:44,1251880883.0,0.10020174848688645,5,0.47500000000000003,0,0,0,0.6113333333333334,False,退潮,follower,False
2026-07-06,通信,603155,新亚强,1.0,09:38,363643407.0,0.10007440476190488,5,0.47500000000000003,0,1,1,0.5379999999999999,False,退潮,follower,False
2026-07-06,通信,301191,菲菱科思,1.0,13:40,1699984953.96875,0.19998222380232855,5,0.47500000000000003,0,0,0,0.5113333333333334,True,退潮,elastic_core,False
2026-07-06,通信,002025,航天电器,1.0,11:13,2522432136.5,0.09999999999999987,5,0.47500000000000003,0,0,0,0.40466666666666673,False,退潮,capacity_core,False
2026-07-06,通信,603118,共进股份,1.0,13:27,914664348.0,0.10000000000000009,5,0.47500000000000003,0,0,1,0.3713333333333333,False,退潮,follower,False
2026-07-06,天然气,002767,先锋电子,2.0,09:31,37718598.6796875,0.0997782705099779,6,0.4327272727272728,0,0,1,0.6946181818181818,False,退潮,theme_leader,False
2026-07-06,天然气,000593,德龙汇能,1.0,09:45,415247416.75,0.09991079393398739,6,0.4327272727272728,0,0,0,0.6946181818181818,False,退潮,capacity_core,False
2026-07-06,半导体,603903,中持股份,1.0,09:41,620088461.0,0.10035335689045932,7,0.41113636363636363,0,0,0,0.6395575757575758,False,退潮,theme_leader,False
2026-07-06,半导体,002989,中天精装,1.0,09:37,171815559.1875,0.10009845749917967,7,0.41113636363636363,2,2,2,0.5995575757575757,False,退潮,follower,False
2026-07-06,半导体,603155,新亚强,1.0,09:38,363643407.0,0.10007440476190488,7,0.41113636363636363,1,1,1,0.5528909090909091,False,退潮,follower,False
2026-07-06,半导体,600246,万通发展,1.0,11:30,2085796286.0,0.10019518542615491,7,0.41113636363636363,0,0,0,0.49955757575757576,False,退潮,capacity_core,False
2026-07-06,半导体,603931,格林达,1.0,11:18,647887986.0,0.09998158718468053,7,0.41113636363636363,0,0,1,0.41289090909090903,False,退潮,follower,False
2026-07-06,半导体,603722,阿科力,2.0,,25902954.0,0.0,7,0.41113636363636363,0,0,0,0.3728909090909091,False,退潮,follower,False
2026-07-06,交换机,002396,星网锐捷,2.0,09:31,1155247399.6132812,0.10000000000000009,8,0.39999999999999997,0,0,0,0.6270000000000001,False,退潮,theme_leader,False
2026-07-06,交换机,301191,菲菱科思,1.0,13:40,1699984953.96875,0.19998222380232855,8,0.39999999999999997,0,1,1,0.532,True,退潮,elastic_core,False
2026-07-06,交换机,000938,紫光股份,1.0,13:47,9933777790.5,0.10006605019815074,8,0.39999999999999997,0,0,0,0.4820000000000001,False,退潮,capacity_core,False
2026-07-06,交换机,603118,共进股份,1.0,13:27,914664348.0,0.10000000000000009,8,0.39999999999999997,0,0,2,0.367,False,退潮,follower,False
2026-07-06,实控人变更,600172,黄河旋风,1.0,09:47,5247581997.0,0.10023724792408073,9,0.3795454545454545,0,0,0,0.6903636363636364,False,退潮,theme_leader,False
2026-07-06,实控人变更,000593,德龙汇能,1.0,09:45,415247416.75,0.09991079393398739,9,0.3795454545454545,1,1,1,0.6103636363636364,False,退潮,follower,False
2026-07-06,实控人变更,603722,阿科力,2.0,,25902954.0,0.0,9,0.3795454545454545,0,0,0,0.4303636363636364,False,退潮,follower,False
2026-07-06,农业,603477,巨星农牧,1.0,13:22,574832386.0,0.09993425378040754,10,0.3181818181818182,0,0,0,0.6654545454545455,False,退潮,theme_leader,False
2026-07-06,地产,002774,快意电梯,1.0,09:40,81937378.5,0.10006949270326615,10,0.3181818181818182,0,0,0,0.6254545454545456,False,退潮,theme_leader,False
2026-07-06,地产,603221,爱丽家居,1.0,11:00,87623404.0,0.09990662931839389,10,0.3181818181818182,0,0,0,0.4521212121212121,False,退潮,follower,False
2026-07-06,地产,600791,京能置业,1.0,13:06,212920443.0,0.09987669543773126,10,0.3181818181818182,0,0,0,0.4387878787878788,False,退潮,capacity_core,False
2026-07-07,半导体,600246,万通发展,2.0,09:46,4641981057.0,0.09994086339444119,1,0.6612499999999999,0,1,2,0.8243285714285714,False,冰点,theme_leader,True
2026-07-07,半导体,600206,有研新材,1.0,09:44,4559045929.0,0.10001965022597759,1,0.6612499999999999,1,2,3,0.7300428571428572,False,冰点,switch_pioneer,False
2026-07-07,半导体,688432,有研硅,1.0,09:57,3389040358.0,0.19999999999999996,1,0.6612499999999999,0,0,0,0.6443285714285714,True,冰点,switch_pioneer,False
2026-07-07,半导体,002137,实益达,1.0,09:54,1120029771.5625,0.1000962463907602,1,0.6612499999999999,1,1,1,0.6100428571428571,False,冰点,switch_pioneer,False
2026-07-07,半导体,600120,浙江东方,1.0,09:31,141849206.0,0.09909909909909898,1,0.6612499999999999,0,0,2,0.4843285714285714,False,冰点,switch_pioneer,False
2026-07-07,半导体,002185,华天科技,1.0,10:29,11999102560.25,0.09979939819458372,1,0.6612499999999999,0,0,0,0.43861428571428573,False,冰点,switch_pioneer,False
2026-07-07,半导体,600360,华微电子,1.0,13:46,2816069424.0,0.09978463747307975,1,0.6612499999999999,0,0,0,0.31861428571428574,False,冰点,switch_pioneer,False
2026-07-07,并购重组,600793,宜宾纸业,5.0,09:31,321315283.0,0.09994321408290752,2,0.5900000000000001,0,0,0,0.7072,False,冰点,theme_leader,False
2026-07-07,并购重组,603137,恒尚节能,6.0,09:31,15183966.0,0.09978880675818358,2,0.5900000000000001,0,0,0,0.6672,False,冰点,follower,False
2026-07-07,机器视觉,600288,大恒科技,2.0,09:35,1869913042.0,0.09971711456859977,3,0.47000000000000003,1,1,1,0.7442666666666667,False,冰点,theme_leader,False
2026-07-07,机器视觉,001229,魅视科技,1.0,09:31,70328792.88378906,0.10002833663927468,3,0.47000000000000003,1,2,2,0.6709333333333333,False,冰点,switch_pioneer,False
2026-07-07,机器视觉,605118,力鼎光电,1.0,09:38,204689359.0,0.09994222992489887,3,0.47000000000000003,0,0,0,0.5776,False,冰点,switch_pioneer,False
2026-07-07,机器人,600288,大恒科技,2.0,09:35,1869913042.0,0.09971711456859977,4,0.46499999999999997,3,3,3,0.7794222222222222,False,冰点,theme_leader,False
2026-07-07,机器人,002841,视源股份,1.0,09:31,238093071.1484375,0.10010214504596537,4,0.46499999999999997,4,5,5,0.7194222222222223,False,冰点,follower,False
2026-07-07,机器人,001311,多利科技,1.0,09:32,66098079.02001953,0.1001118568232664,4,0.46499999999999997,3,4,4,0.6527555555555556,False,冰点,follower,False
2026-07-07,机器人,603178,圣龙股份,1.0,09:36,147152965.0,0.10026917900403776,4,0.46499999999999997,1,1,1,0.6483111111111112,False,冰点,follower,False
2026-07-07,机器人,001229,魅视科技,1.0,09:31,70328792.88378906,0.10002833663927468,4,0.46499999999999997,4,5,5,0.6260888888888889,False,冰点,follower,False
2026-07-07,机器人,001365,天海电子,1.0,09:36,337661965.4375,0.09997468995191094,4,0.46499999999999997,1,1,1,0.6083111111111112,False,冰点,follower,False
2026-07-07,机器人,605118,力鼎光电,1.0,09:38,204689359.0,0.09994222992489887,4,0.46499999999999997,0,0,0,0.4927555555555556,False,冰点,follower,False
2026-07-07,机器人,003004,声迅股份,1.0,11:09,259925160.125,0.10002751788662634,4,0.46499999999999997,0,0,0,0.4127555555555556,False,冰点,follower,False
2026-07-07,机器人,001230,劲旅环境,1.0,13:11,97822555.12353516,0.09974747474747492,4,0.46499999999999997,0,0,0,0.2749777777777778,False,冰点,follower,False
2026-07-07,汽车,002497,雅化集团,1.0,09:31,437457053.0,0.09995537706381064,5,0.43999999999999995,1,1,1,0.7052000000000002,False,冰点,theme_leader,False
2026-07-07,汽车,001365,天海电子,1.0,09:36,337661965.4375,0.09997468995191094,5,0.43999999999999995,0,0,0,0.6852,False,冰点,follower,False
2026-07-07,新材料概念,603823,百合花,1.0,09:48,2118297978.0,0.10006073489219558,6,0.41375,0,0,0,0.7631000000000001,False,冰点,theme_leader,False
2026-07-07,硅片,688432,有研硅,1.0,09:57,3389040358.0,0.19999999999999996,6,0.41375,0,1,1,0.7231000000000001,True,冰点,theme_leader,False
2026-07-07,新材料概念,603065,宿迁联盛,1.0,09:38,1350738523.0,0.09994568169473106,6,0.41375,0,1,1,0.6231000000000001,False,冰点,follower,False
2026-07-07,硅片,002129,TCL中环,1.0,10:06,3797452146.875,0.09980039920159678,6,0.41375,0,0,0,0.5031000000000001,False,冰点,capacity_core,False
2026-07-07,通信,301516,中远通,1.0,10:10,417897949.875,0.19999999999999996,8,0.4075,0,0,0,0.6026,True,冰点,theme_leader,False
2026-07-07,通信,301251,威尔高,1.0,09:31,214899775.76367188,0.19995272985109902,8,0.4075,0,0,0,0.5826,True,冰点,follower,False
2026-07-07,电源,301516,中远通,1.0,10:10,417897949.875,0.19999999999999996,9,0.3425,0,0,0,0.5974,True,冰点,theme_leader,False
2026-07-07,电源,301251,威尔高,1.0,09:31,214899775.76367188,0.19995272985109902,9,0.3425,0,0,0,0.5774,True,冰点,follower,False
2026-07-07,地产,600094,大名城,1.0,10:59,122700371.0,0.1002865329512892,10,0.28125,0,0,0,0.5925,False,冰点,theme_leader,False
2026-07-07,地产,603356,华菱精工,1.0,09:36,87877445.0,0.09999999999999987,10,0.28125,0,0,0,0.5725,False,冰点,follower,False
2026-07-08,机器人,002841,视源股份,2.0,09:34,1348194686.6875,0.10004642525533902,1,0.7195833333333332,0,1,1,0.7625666666666667,False,退潮,theme_leader,True
2026-07-08,机器人,001365,天海电子,2.0,09:40,973310962.40625,0.10009203865623562,1,0.7195833333333332,0,0,0,0.7325666666666667,False,退潮,switch_pioneer,False
2026-07-08,机器人,001208,华菱线缆,1.0,09:31,104153449.0,0.09999999999999987,1,0.7195833333333332,1,2,2,0.4925666666666667,False,退潮,switch_pioneer,False
2026-07-08,机器人,603183,建研院,1.0,10:22,221499679.0,0.1005434782608694,1,0.7195833333333332,0,0,0,0.4425666666666667,False,退潮,switch_pioneer,False
2026-07-08,算力硬件,000977,浪潮信息,1.0,09:31,3193011408.8125,0.10005629045876718,2,0.6224999999999999,0,2,2,0.6920222222222222,False,退潮,theme_leader,False
2026-07-08,算力硬件,603296,华勤技术,1.0,09:31,3853722330.0,0.10004215259238447,2,0.6224999999999999,0,2,2,0.6898,False,退潮,switch_pioneer,False
2026-07-08,算力硬件,301202,朗威股份,1.0,09:39,169938669.140625,0.19993876301285973,2,0.6224999999999999,0,0,1,0.6164666666666667,True,退潮,switch_pioneer,False
2026-07-08,算力硬件,603661,恒林股份,1.0,09:52,518375873.0,0.10002577984016514,2,0.6224999999999999,0,1,1,0.5942444444444445,False,退潮,switch_pioneer,False
2026-07-08,算力硬件,600094,大名城,2.0,09:31,74426775.0,0.09895833333333326,2,0.6224999999999999,0,2,2,0.5898,False,退潮,switch_pioneer,False
2026-07-08,算力硬件,002467,二六三,1.0,10:25,397714764.3769531,0.10093896713615047,2,0.6224999999999999,1,3,4,0.5786888888888889,False,退潮,switch_pioneer,False
2026-07-08,算力硬件,603380,易德龙,1.0,09:31,234069449.0,0.10002326122354033,2,0.6224999999999999,0,2,2,0.560911111111111,False,退潮,switch_pioneer,False
2026-07-08,算力硬件,603496,恒为科技,1.0,09:38,324898787.0,0.09995517705064993,2,0.6224999999999999,1,1,2,0.5564666666666666,False,退潮,switch_pioneer,False
2026-07-08,算力硬件,603183,建研院,1.0,10:22,221499679.0,0.1005434782608694,2,0.6224999999999999,1,4,4,0.5320222222222223,False,退潮,switch_pioneer,False
2026-07-08,算力硬件,603339,四方科技,1.0,10:58,510046759.0,0.10028449502133707,2,0.6224999999999999,1,1,1,0.4809111111111112,False,退潮,switch_pioneer,False
2026-07-08,算力硬件,600602,云赛智联,1.0,10:32,633851668.0,0.1000671591672262,2,0.6224999999999999,0,0,1,0.4764666666666667,False,退潮,switch_pioneer,False
2026-07-08,算力硬件,002152,广电运通,1.0,13:20,438922377.6875,0.10043668122270732,2,0.6224999999999999,0,0,0,0.4542444444444445,False,退潮,switch_pioneer,False
2026-07-08,算力硬件,000948,南天信息,1.0,10:43,129341276.60742188,0.10034602076124566,2,0.6224999999999999,0,0,2,0.4431333333333333,False,退潮,switch_pioneer,False
2026-07-08,算力硬件,603881,数据港,1.0,10:32,994571287.0,0.09995456610631526,2,0.6224999999999999,0,0,1,0.4109111111111111,False,退潮,switch_pioneer,False
2026-07-08,算力硬件,002757,南兴股份,1.0,10:28,272743130.25,0.09976105137395463,2,0.6224999999999999,2,2,3,0.39424444444444445,False,退潮,switch_pioneer,False
2026-07-08,算力硬件,000506,招金黄金,1.0,10:01,644917154.0,0.10000000000000009,2,0.6224999999999999,0,0,0,0.3898,False,退潮,switch_pioneer,False
2026-07-08,算力硬件,002642,荣联科技,1.0,11:03,196415993.75,0.10016420361247946,2,0.6224999999999999,0,0,0,0.3586888888888889,False,退潮,switch_pioneer,False
2026-07-08,算力硬件,603285,键邦股份,1.0,14:18,415696568.0,0.09995456610631526,2,0.6224999999999999,0,0,0,0.3175777777777778,False,退潮,switch_pioneer,False
2026-07-08,并购重组,603137,恒尚节能,7.0,09:31,1070203854.0,0.09985597695631321,3,0.55125,0,0,0,0.6941,False,退潮,theme_leader,False
2026-07-08,并购重组,000524,岭南控股,1.0,09:31,30278042.850097656,0.1005586592178771,3,0.55125,0,0,0,0.5341,False,退潮,switch_pioneer,False
2026-07-08,并购重组,301321,翰博高新,1.0,13:08,631378467.9077148,0.19995181883883406,3,0.55125,0,0,0,0.46410000000000007,True,退潮,switch_pioneer,False
2026-07-08,并购重组,002674,兴业科技,1.0,10:47,742043928.75,0.09999999999999987,3,0.55125,0,0,0,0.4041,False,退潮,switch_pioneer,False
2026-07-08,交换机,002396,星网锐捷,1.0,09:35,1563518051.3125,0.10018903591682427,4,0.47375000000000006,1,1,1,0.8079000000000002,False,退潮,theme_leader,False
2026-07-08,交换机,603496,恒为科技,1.0,09:38,324898787.0,0.09995517705064993,4,0.47375000000000006,0,0,0,0.5879000000000001,False,退潮,follower,False
2026-07-08,地产,600094,大名城,2.0,09:31,74426775.0,0.09895833333333326,5,0.4229166666666667,0,0,0,0.6538333333333334,False,退潮,theme_leader,False
2026-07-08,地产,603313,梦百合,1.0,14:12,302695962.0,0.09968847352024923,5,0.4229166666666667,0,0,0,0.5338333333333334,False,退潮,capacity_core,False
2026-07-08,AI应用,300017,网宿科技,1.0,10:07,4050609565.96875,0.19967266775777404,6,0.41000000000000003,0,0,1,0.5403000000000001,True,退潮,theme_leader,False
2026-07-08,AI应用,300369,绿盟科技,1.0,13:13,539650854.75,0.19999999999999996,6,0.41000000000000003,0,1,1,0.5378000000000001,True,退潮,follower,False
2026-07-08,AI应用,300454,深信服,1.0,11:21,2653158583.875,0.19999999999999996,6,0.41000000000000003,0,0,0,0.5178,True,退潮,follower,False
2026-07-08,AI应用,600129,太极集团,1.0,09:39,332982964.0,0.10000000000000009,6,0.41000000000000003,0,0,0,0.4853,False,退潮,follower,False
2026-07-08,AI应用,600756,浪潮软件,1.0,09:31,79030573.0,0.09975062344139651,6,0.41000000000000003,0,1,1,0.4353,False,退潮,follower,False
2026-07-08,AI应用,002467,二六三,1.0,10:25,397714764.3769531,0.10093896713615047,6,0.41000000000000003,1,1,1,0.4353,False,退潮,follower,False
2026-07-08,AI应用,002152,广电运通,1.0,13:20,438922377.6875,0.10043668122270732,6,0.41000000000000003,0,0,0,0.39030000000000004,False,退潮,follower,False
2026-07-08,AI应用,002757,南兴股份,1.0,10:28,272743130.25,0.09976105137395463,6,0.41000000000000003,0,0,0,0.28030000000000005,False,退潮,follower,False
2026-07-08,电力电网,002546,新联电子,1.0,09:31,213229445.0,0.1004497751124438,7,0.38375,0,0,0,0.6307,False,退潮,theme_leader,False
2026-07-08,电力电网,001207,联科科技,1.0,09:57,220010886.3704834,0.10000000000000009,7,0.38375,0,0,0,0.5840333333333333,False,退潮,follower,False
2026-07-08,电力电网,002350,北京科锐,1.0,10:21,329238656.875,0.10000000000000009,7,0.38375,0,0,0,0.47736666666666666,False,退潮,capacity_core,False
2026-07-08,股权转让,002490,山东墨龙,1.0,09:53,353144403.46875,0.09936908517350163,8,0.36875,1,1,1,0.6428333333333334,False,退潮,theme_leader,False
2026-07-08,股权转让,001207,联科科技,1.0,09:57,220010886.3704834,0.10000000000000009,8,0.36875,0,0,0,0.6161666666666666,False,退潮,follower,False
2026-07-08,股权转让,600350,山东高速,1.0,14:50,152092181.0,0.1003262642740621,8,0.36875,0,0,0,0.4695000000000001,False,退潮,follower,False
2026-07-08,AI安全,300454,深信服,1.0,11:21,2653158583.875,0.19999999999999996,9,0.33875,0,0,0,0.5471,True,退潮,theme_leader,False
2026-07-08,AI安全,300369,绿盟科技,1.0,13:13,539650854.75,0.19999999999999996,9,0.33875,0,0,0,0.46710000000000007,True,退潮,follower,False
2026-07-08,消费,002910,庄园牧场,1.0,11:03,387151642.875,0.10000000000000009,10,0.27875,0,0,0,0.6623,False,退潮,theme_leader,False
2026-07-09,机器人,002067,景兴纸业,1.0,09:31,329070094.453125,0.1005434782608694,1,0.6262500000000001,0,0,1,0.6367666666666668,False,分歧/震荡,theme_leader,False
2026-07-09,机器人,603666,亿嘉和,1.0,09:48,190049837.0,0.10015467904098996,1,0.6262500000000001,0,0,1,0.5767666666666668,False,分歧/震荡,supplement,False
2026-07-09,机器人,002841,视源股份,3.0,10:02,2546645796.9375,0.10002110149820642,1,0.6262500000000001,0,0,1,0.5634333333333335,False,分歧/震荡,capacity_core,False
2026-07-09,机器人,300626,华瑞股份,1.0,10:21,336780699.0,0.20007196833393315,1,0.6262500000000001,0,0,0,0.4967666666666667,True,分歧/震荡,supplement,False
2026-07-09,机器人,000887,中鼎股份,1.0,10:52,1102254951.375,0.10005851375073149,1,0.6262500000000001,0,0,0,0.42343333333333333,False,分歧/震荡,supplement,False
2026-07-09,机器人,603933,睿能科技,1.0,14:01,183208367.0,0.10004741583688959,1,0.6262500000000001,0,0,0,0.2834333333333333,False,分歧/震荡,supplement,False
2026-07-09,算力硬件,000977,浪潮信息,2.0,09:36,18533723883.5,0.10003837789433279,2,0.6000000000000001,0,0,0,0.8480000000000001,False,分歧/震荡,theme_leader,True
2026-07-09,算力硬件,002851,麦格米特,1.0,13:47,6948665564.875,0.10001378549765638,2,0.6000000000000001,1,1,2,0.5680000000000001,False,分歧/震荡,supplement,False
2026-07-09,算力硬件,002346,柘中股份,1.0,09:33,59937005.55078125,0.09983361064891838,2,0.6000000000000001,1,1,1,0.44799999999999995,False,分歧/震荡,supplement,False
2026-07-09,算力硬件,000811,冰轮环境,1.0,13:51,2817008983.375,0.09999999999999987,2,0.6000000000000001,0,1,1,0.43466666666666665,False,分歧/震荡,supplement,False
2026-07-09,算力硬件,003018,金富科技,1.0,14:36,585105692.0,0.10000000000000009,2,0.6000000000000001,0,0,0,0.37466666666666665,False,分歧/震荡,supplement,False
2026-07-09,算力硬件,603757,大元泵业,1.0,13:58,1174530407.0,0.0999857366994723,2,0.6000000000000001,0,0,0,0.33466666666666667,False,分歧/震荡,supplement,False
2026-07-09,通信,603928,兴业股份,2.0,09:32,1171837372.0,0.10024449877750619,3,0.56,1,1,1,0.7648000000000001,False,分歧/震荡,theme_leader,False
2026-07-09,通信,002745,木林森,1.0,09:36,614235266.46875,0.10034602076124566,3,0.56,0,0,0,0.5381333333333334,False,分歧/震荡,supplement,False
2026-07-09,通信,002552,宝鼎科技,1.0,09:32,790117670.0,0.10005113345832628,3,0.56,1,1,1,0.5048,False,分歧/震荡,supplement,False
2026-07-09,通信,688720,艾森股份,1.0,13:37,1122672976.0,0.19999999999999996,3,0.56,0,0,0,0.46480000000000005,True,分歧/震荡,supplement,False
2026-07-09,通信,002815,崇达技术,1.0,13:02,1315134403.25,0.10006414368184724,3,0.56,0,0,0,0.41813333333333336,False,分歧/震荡,supplement,False
2026-07-09,通信,002916,深南电路,1.0,14:00,6646520949.0,0.09999254343449415,3,0.56,0,0,0,0.3781333333333334,False,分歧/震荡,supplement,False
2026-07-09,半导体,600909,华安证券,1.0,09:31,3173302625.0,0.10021786492374729,4,0.5549999999999999,3,4,4,0.7334,False,分歧/震荡,theme_leader,False
2026-07-09,半导体,000417,合百集团,1.0,09:32,242352465.5,0.10013351134846471,4,0.5549999999999999,2,3,3,0.6234000000000001,False,分歧/震荡,follower,False
2026-07-09,半导体,301379,天山电子,1.0,09:40,1459118902.4355469,0.19993508601103538,4,0.5549999999999999,0,0,0,0.5994,True,分歧/震荡,elastic_core,False
2026-07-09,半导体,688432,有研硅,1.0,13:41,4284804711.0,0.19995536710555672,4,0.5549999999999999,0,0,2,0.5974,True,分歧/震荡,follower,False
2026-07-09,半导体,688610,埃科光电,1.0,13:30,557042002.0,0.1999792660170019,4,0.5549999999999999,1,2,4,0.5674,True,分歧/震荡,follower,False
2026-07-09,半导体,603726,朗迪集团,1.0,09:33,161319288.0,0.10016420361247946,4,0.5549999999999999,0,1,1,0.5474000000000001,False,分歧/震荡,follower,False
2026-07-09,半导体,605358,立昂微,1.0,14:00,3888881278.0,0.10005175090564089,4,0.5549999999999999,1,2,3,0.5294000000000001,False,分歧/震荡,follower,False
2026-07-09,半导体,002845,同兴达,1.0,09:33,221385353.0,0.10006854009595623,4,0.5549999999999999,0,1,1,0.5254000000000001,False,分歧/震荡,follower,False
2026-07-09,半导体,688371,菲沃泰,1.0,14:04,582047221.0,0.1999428734647244,4,0.5549999999999999,1,2,2,0.5154000000000001,True,分歧/震荡,follower,False
2026-07-09,半导体,603005,晶方科技,1.0,13:57,3211000319.0,0.10004868549172352,4,0.5549999999999999,1,2,4,0.5114000000000001,False,分歧/震荡,follower,False
2026-07-09,半导体,002185,华天科技,1.0,10:12,10507678115.625,0.10013908205841449,4,0.5549999999999999,1,1,1,0.5054000000000001,False,分歧/震荡,follower,False
2026-07-09,半导体,603688,石英股份,1.0,13:41,1793955918.0,0.10006550933508018,4,0.5549999999999999,0,0,2,0.47540000000000004,False,分歧/震荡,follower,False
2026-07-09,半导体,002156,通富微电,1.0,13:15,11338611129.0,0.09998475842097254,4,0.5549999999999999,0,0,2,0.46340000000000003,False,分歧/震荡,follower,False
2026-07-09,半导体,688584,上海合晶,1.0,10:13,1075829491.0,0.19994040524433854,4,0.5549999999999999,0,0,0,0.44140000000000007,True,分歧/震荡,follower,False
2026-07-09,半导体,600584,长电科技,1.0,13:06,20497139380.0,0.09998937413664866,4,0.5549999999999999,0,1,1,0.44139999999999996,False,分歧/震荡,capacity_core,False
2026-07-09,半导体,603222,济民健康,1.0,13:34,537976527.0,0.10000000000000009,4,0.5549999999999999,1,3,3,0.4214,False,分歧/震荡,follower,False
2026-07-09,半导体,000672,上峰材料,1.0,13:39,819350709.6875,0.09989909182643797,4,0.5549999999999999,2,2,3,0.4134,False,分歧/震荡,follower,False
2026-07-09,半导体,603061,金海通,1.0,14:12,1588941606.0,0.0999954875682505,4,0.5549999999999999,0,0,0,0.34740000000000004,False,分歧/震荡,follower,False
2026-07-09,半导体,600770,综艺股份,1.0,14:08,551320243.0,0.0993377483443707,4,0.5549999999999999,1,1,1,0.2894,False,分歧/震荡,follower,False
2026-07-09,半导体,605319,无锡振华,1.0,10:12,157845692.0,0.09986382206082611,4,0.5549999999999999,1,1,1,0.2594,False,分歧/震荡,follower,False
2026-07-09,存储芯片,301379,天山电子,1.0,09:40,1459118902.4355469,0.19993508601103538,5,0.49874999999999997,0,0,0,0.6029769230769232,True,分歧/震荡,theme_leader,False
2026-07-09,存储芯片,600667,太极实业,1.0,13:28,8691822775.0,0.10008375209380227,5,0.49874999999999997,0,2,4,0.5691307692307692,False,分歧/震荡,follower,False
2026-07-09,存储芯片,002208,合肥城建,1.0,09:31,400765321.375,0.10011507479861925,5,0.49874999999999997,0,1,1,0.5537461538461539,False,分歧/震荡,follower,False
2026-07-09,存储芯片,688720,艾森股份,1.0,13:37,1122672976.0,0.19999999999999996,5,0.49874999999999997,2,2,2,0.536823076923077,True,分歧/震荡,follower,False
2026-07-09,存储芯片,300469,信息发展,1.0,13:42,1076934745.5625,0.19999999999999996,5,0.49874999999999997,0,0,1,0.48451538461538457,True,分歧/震荡,follower,False
2026-07-09,存储芯片,002409,雅克科技,1.0,13:36,6743197958.5,0.10000000000000009,5,0.49874999999999997,2,3,3,0.4675923076923077,False,分歧/震荡,follower,False
2026-07-09,存储芯片,603986,兆易创新,1.0,13:40,38185017922.0,0.10000497372216799,5,0.49874999999999997,1,1,1,0.4522076923076923,False,分歧/震荡,capacity_core,False
2026-07-09,存储芯片,688328,深科达,1.0,13:07,1142190915.0,0.1999529522465302,5,0.49874999999999997,0,0,0,0.44605384615384613,True,分歧/震荡,follower,False
2026-07-09,存储芯片,600206,有研新材,1.0,10:21,7555888635.0,0.10003705075954072,5,0.49874999999999997,1,1,1,0.43066923076923075,False,分歧/震荡,follower,False
2026-07-09,存储芯片,603933,睿能科技,1.0,14:01,183208367.0,0.10004741583688959,5,0.49874999999999997,0,1,2,0.3906692307692307,False,分歧/震荡,follower,False
2026-07-09,存储芯片,000021,深科技,1.0,10:22,10109407219.875,0.09994132603168393,5,0.49874999999999997,0,0,0,0.3537461538461539,False,分歧/震荡,follower,False
2026-07-09,存储芯片,603156,养元饮品,1.0,14:16,862603860.0,0.10004516711833777,5,0.49874999999999997,0,0,0,0.3199,False,分歧/震荡,follower,False
2026-07-09,存储芯片,002975,博杰股份,1.0,14:10,1066363914.875,0.09998187092095723,5,0.49874999999999997,0,1,1,0.31066923076923075,False,分歧/震荡,follower,False
2026-07-09,AI应用,000892,欢瑞世纪,1.0,09:37,458480037.25,0.10086455331412103,6,0.4337500000000001,0,0,0,0.6397000000000002,False,分歧/震荡,theme_leader,False
2026-07-09,AI应用,300469,信息发展,1.0,13:42,1076934745.5625,0.19999999999999996,6,0.4337500000000001,0,0,0,0.5697000000000001,True,分歧/震荡,capacity_core,False
2026-07-09,AI应用,002907,华森制药,1.0,13:02,173838296.5625,0.10038314176245211,6,0.4337500000000001,0,0,0,0.38970000000000005,False,分歧/震荡,follower,False
2026-07-09,AI应用,603898,好莱客,1.0,10:25,104973544.0,0.09984152139461178,6,0.4337500000000001,0,0,0,0.2997,False,分歧/震荡,follower,False
2026-07-09,商业航天,688333,铂力特,1.0,13:08,1797882286.0,0.19997778024663915,7,0.42125,0,0,0,0.5803666666666667,True,分歧/震荡,theme_leader,False
2026-07-09,商业航天,600992,贵绳股份,1.0,09:31,46391173.0,0.09999999999999987,7,0.42125,0,0,0,0.5670333333333333,False,分歧/震荡,follower,False
2026-07-09,商业航天,002829,星网宇达,1.0,09:31,64762351.0,0.09987593052109167,7,0.42125,0,0,0,0.5537,False,分歧/震荡,follower,False
2026-07-09,印制电路板,002745,木林森,1.0,09:36,614235266.46875,0.10034602076124566,8,0.40625,1,1,1,0.6325000000000001,False,分歧/震荡,theme_leader,False
2026-07-09,印制电路板,002579,中京电子,1.0,09:39,1812773235.359375,0.09987819732034087,8,0.40625,0,0,0,0.49650000000000005,False,分歧/震荡,follower,False
2026-07-09,印制电路板,002916,深南电路,1.0,14:00,6646520949.0,0.09999254343449415,8,0.40625,0,0,0,0.48050000000000004,False,分歧/震荡,capacity_core,False
2026-07-09,印制电路板,002436,兴森科技,1.0,13:58,4871222109.5,0.09997525365008686,8,0.40625,1,1,1,0.4485,False,分歧/震荡,follower,False
2026-07-09,印制电路板,002815,崇达技术,1.0,13:02,1315134403.25,0.10006414368184724,8,0.40625,0,0,0,0.4245000000000001,False,分歧/震荡,follower,False
2026-07-09,消费,688333,铂力特,1.0,13:08,1797882286.0,0.19997778024663915,9,0.30500000000000005,0,0,0,0.5710666666666667,True,分歧/震荡,theme_leader,False
2026-07-09,消费,603726,朗迪集团,1.0,09:33,161319288.0,0.10016420361247946,9,0.30500000000000005,0,0,0,0.49106666666666665,False,分歧/震荡,follower,False
2026-07-09,消费,688371,菲沃泰,1.0,14:04,582047221.0,0.1999428734647244,9,0.30500000000000005,0,0,0,0.4510666666666666,True,分歧/震荡,follower,False
2026-07-09,医药,002907,华森制药,1.0,13:02,173838296.5625,0.10038314176245211,10,0.24875000000000003,0,0,0,0.4599000000000001,False,分歧/震荡,theme_leader,False
2026-07-09,医药,003020,立方制药,1.0,10:06,262757759.31799316,0.1000645577792123,10,0.24875000000000003,0,0,0,0.44656666666666667,False,分歧/震荡,follower,False
2026-07-09,医药,603222,济民健康,1.0,13:34,537976527.0,0.10000000000000009,10,0.24875000000000003,0,0,0,0.43323333333333336,False,分歧/震荡,capacity_core,False
2026-07-10,机器人,000887,中鼎股份,2.0,09:32,2234005948.0,0.09999999999999987,1,0.6725,0,0,0,0.8038000000000001,False,升温,theme_leader,True
2026-07-10,机器人,002402,和而泰,1.0,09:53,1840787145.0,0.09987463435018817,1,0.6725,2,3,3,0.6888,False,升温,supplement,False
2026-07-10,机器人,002144,宏达高科,1.0,09:59,181831480.0,0.10010214504596537,1,0.6725,0,0,0,0.5938,False,升温,supplement,False
2026-07-10,机器人,603270,金帝股份,1.0,09:55,170777544.0,0.09992912827781719,1,0.6725,2,2,2,0.5788,False,升温,supplement,False
2026-07-10,机器人,002681,奋达科技,1.0,09:56,412973058.84375,0.09933774834437092,1,0.6725,1,1,1,0.5238,False,升温,supplement,False
2026-07-10,机器人,603286,日盈电子,1.0,10:41,200099297.0,0.10002049600327934,1,0.6725,0,0,1,0.46880000000000005,False,升温,supplement,False
2026-07-10,机器人,603211,晋拓股份,1.0,10:28,436807714.0,0.09988385598141702,1,0.6725,0,0,1,0.4338,False,升温,supplement,False
2026-07-10,机器人,600376,首开股份,1.0,10:52,491321097.0,0.0990990990990992,1,0.6725,0,0,0,0.33880000000000005,False,升温,supplement,False
2026-07-10,医药,002038,双鹭药业,1.0,10:00,447833052.625,0.10000000000000009,2,0.6516666666666667,0,0,3,0.5978476190476191,False,升温,theme_leader,False
2026-07-10,医药,003020,立方制药,2.0,09:49,324444107.2949219,0.0997652582159625,2,0.6516666666666667,0,0,1,0.5835619047619048,False,升温,supplement,False
2026-07-10,医药,600664,哈药股份,1.0,09:31,336874463.0,0.10130718954248374,2,0.6516666666666667,0,0,1,0.5807047619047621,False,升温,supplement,False
2026-07-10,医药,300255,常山药业,1.0,10:11,1766605453.1875,0.19999999999999996,2,0.6516666666666667,2,2,2,0.557847619047619,True,升温,supplement,False
2026-07-10,医药,002317,众生药业,1.0,10:14,2042138875.1875,0.1001862197392922,2,0.6516666666666667,1,1,1,0.48356190476190475,False,升温,supplement,False
2026-07-10,医药,688710,益诺思,1.0,13:01,503467136.0,0.2000308213900448,2,0.6516666666666667,0,0,0,0.48356190476190475,True,升温,supplement,False
2026-07-10,医药,603127,昭衍新药,1.0,10:16,2273105201.0,0.10002545176889788,2,0.6516666666666667,0,0,0,0.43784761904761904,False,升温,supplement,False
2026-07-10,商业航天,002414,高德红外,2.0,09:31,2979367063.984375,0.09992486851990989,3,0.6454166666666666,0,0,1,0.7168185185185185,False,升温,theme_leader,False
2026-07-10,商业航天,300065,海兰信,1.0,13:01,3279324886.25,0.20008336807002913,3,0.6454166666666666,5,5,7,0.6434851851851852,True,升温,supplement,False
2026-07-10,商业航天,600992,贵绳股份,2.0,09:58,177555037.0,0.10020661157024802,3,0.6454166666666666,0,0,0,0.6249666666666667,False,升温,supplement,False
2026-07-10,商业航天,002829,星网宇达,2.0,09:51,280119361.5,0.09983079526226724,3,0.6454166666666666,0,1,1,0.5805222222222223,False,升温,supplement,False
2026-07-10,商业航天,301117,佳缘科技,1.0,13:01,570694132.8193359,0.19988172678888216,3,0.6454166666666666,5,5,7,0.5575592592592593,True,升温,supplement,False
2026-07-10,商业航天,002115,三维通信,1.0,09:31,105775766.15625,0.10050251256281406,3,0.6454166666666666,0,0,1,0.5486703703703704,False,升温,supplement,False
2026-07-10,商业航天,688523,航天环宇,1.0,13:12,929854511.0,0.20007846214201663,3,0.6454166666666666,0,2,2,0.5427444444444445,True,升温,supplement,False
2026-07-10,商业航天,300069,金利华电,1.0,13:03,541282271.0,0.19986979166666674,3,0.6454166666666666,1,2,4,0.5383,True,升温,supplement,False
2026-07-10,商业航天,601698,中国卫通,1.0,13:01,2073521862.0,0.10003345600535307,3,0.6454166666666666,5,5,7,0.5368185185185186,False,升温,supplement,False
2026-07-10,商业航天,002361,神剑股份,1.0,13:01,1070588618.0,0.10025929127052713,3,0.6454166666666666,5,5,7,0.529411111111111,False,升温,supplement,False
2026-07-10,商业航天,600118,中国卫星,1.0,13:01,5310186092.0,0.09995112414467244,3,0.6454166666666666,5,5,7,0.5234851851851852,False,升温,supplement,False
2026-07-10,商业航天,600343,航天动力,1.0,13:01,1105496509.0,0.10000000000000009,3,0.6454166666666666,5,5,7,0.5079296296296296,False,升温,supplement,False
2026-07-10,商业航天,688722,同益中,1.0,13:01,360849637.0,0.19986893840104836,3,0.6454166666666666,5,5,7,0.5071888888888889,True,升温,supplement,False
2026-07-10,商业航天,002865,钧达股份,1.0,13:02,752345452.125,0.10009832841691235,3,0.6454166666666666,2,3,5,0.5027444444444444,False,升温,supplement,False
2026-07-10,商业航天,002202,金风科技,1.0,13:04,5809635651.5,0.09985243482538131,3,0.6454166666666666,0,1,3,0.4923740740740741,False,升温,supplement,False
2026-07-10,商业航天,000901,航天科技,1.0,13:01,1074674416.9375,0.09999999999999987,3,0.6454166666666666,5,5,7,0.4871888888888889,False,升温,supplement,False
2026-07-10,商业航天,000547,航天发展,1.0,13:01,2343222081.875,0.09987893462469755,3,0.6454166666666666,5,5,7,0.47607777777777777,False,升温,supplement,False
2026-07-10,商业航天,600879,XD航天电,1.0,13:02,5817465456.0,0.09910335063709286,3,0.6454166666666666,2,3,5,0.47607777777777777,False,升温,supplement,False
2026-07-10,商业航天,605090,九丰能源,1.0,13:01,1318940238.0,0.0999131190269329,3,0.6454166666666666,5,5,7,0.4657074074074074,False,升温,supplement,False
2026-07-10,商业航天,600685,中船防务,1.0,13:01,536875226.0,0.10000000000000009,3,0.6454166666666666,5,5,7,0.4545962962962963,False,升温,supplement,False
2026-07-10,商业航天,002342,巨力索具,1.0,10:35,1848465018.125,0.1003976143141152,3,0.6454166666666666,0,0,0,0.4405222222222222,False,升温,supplement,False
2026-07-10,商业航天,003009,中天火箭,1.0,13:01,564822974.0,0.0999455831670597,3,0.6454166666666666,5,5,7,0.4331148148148148,False,升温,supplement,False
2026-07-10,商业航天,605598,上海港湾,1.0,13:02,244683555.0,0.09999999999999987,3,0.6454166666666666,2,3,5,0.4101518518518519,False,升温,supplement,False
2026-07-10,商业航天,001208,华菱线缆,1.0,13:01,672074785.0,0.0997248968363138,3,0.6454166666666666,5,5,7,0.4005222222222222,False,升温,supplement,False
2026-07-10,商业航天,600192,长城电工,1.0,13:18,74609381.0,0.1008264462809918,3,0.6454166666666666,1,1,1,0.39015185185185186,False,升温,supplement,False
2026-07-10,商业航天,601608,中信重工,1.0,14:57,376969925.0,0.10043668122270732,3,0.6454166666666666,0,0,0,0.37089259259259255,False,升温,supplement,False
2026-07-10,商业航天,002544,普天科技,1.0,13:22,423591085.75,0.09900990099009888,3,0.6454166666666666,0,0,0,0.2360777777777778,False,升温,supplement,False
2026-07-10,算力硬件,600410,华胜天成,1.0,09:48,1840304246.0,0.10033222591362123,4,0.6079166666666667,0,1,1,0.7086333333333334,False,升温,theme_leader,False
2026-07-10,算力硬件,002346,柘中股份,2.0,09:31,205978129.52929688,0.09984871406959162,4,0.6079166666666667,0,0,2,0.6406333333333334,False,升温,follower,False
2026-07-10,算力硬件,603322,超讯科技,1.0,09:42,239652287.0,0.09985835694051004,4,0.6079166666666667,0,1,2,0.5726333333333333,False,升温,follower,False
2026-07-10,算力硬件,002970,锐明技术,1.0,09:55,411493193.5,0.09998131190431692,4,0.6079166666666667,0,0,0,0.5646333333333333,False,升温,follower,False
2026-07-10,算力硬件,600821,金开新能,1.0,10:29,555091516.0,0.10090090090090098,4,0.6079166666666667,0,0,0,0.5166333333333334,False,升温,follower,False
2026-07-10,AI应用,603898,好莱客,2.0,09:32,85651945.0,0.10014409221901999,5,0.594375,0,0,0,0.65755,False,升温,theme_leader,False
2026-07-10,AI应用,000892,欢瑞世纪,2.0,10:04,575396796.0,0.09947643979057608,5,0.594375,0,0,0,0.5042166666666666,False,升温,follower,False
2026-07-10,AI应用,002774,快意电梯,1.0,10:31,131868413.6875,0.10034602076124566,5,0.594375,0,0,0,0.4442166666666667,False,升温,follower,False
2026-07-10,AI应用,601858,中国科传,1.0,10:59,240282304.0,0.10011778563015317,5,0.594375,1,1,1,0.44421666666666665,False,升温,follower,False
2026-07-10,AI应用,603236,移远通信,1.0,11:02,1124477254.0,0.09997980206018986,5,0.594375,0,0,0,0.4242166666666667,False,升温,capacity_core,False
2026-07-10,AI应用,002524,光正眼科,1.0,13:10,126794127.5,0.09883720930232553,5,0.594375,0,0,0,0.25088333333333335,False,升温,follower,False
2026-07-10,半导体,300786,国林科技,1.0,09:40,237383545.15039062,0.19979919678714841,6,0.525625,1,1,1,0.7060500000000001,True,升温,theme_leader,False
2026-07-10,半导体,603155,新亚强,1.0,09:34,297119430.0,0.09996110462854912,6,0.525625,0,2,2,0.6980500000000001,False,升温,follower,False
2026-07-10,半导体,000920,沃顿科技,1.0,09:32,178943742.5,0.10008628127696295,6,0.525625,1,2,3,0.6820500000000002,False,升温,follower,False
2026-07-10,半导体,002989,中天精装,1.0,09:44,209342863.25,0.09992962702322306,6,0.525625,0,0,0,0.5140500000000001,False,升温,follower,False
2026-07-10,半导体,600879,XD航天电,1.0,13:02,5817465456.0,0.09910335063709286,6,0.525625,0,0,0,0.41005,False,升温,capacity_core,False
2026-07-10,电力电网,300069,金利华电,1.0,13:03,541282271.0,0.19986979166666674,7,0.41833333333333333,0,0,1,0.6084666666666667,True,升温,theme_leader,False
2026-07-10,电力电网,002121,科陆电子,1.0,09:31,106316465.0,0.10103092783505163,7,0.41833333333333333,0,0,0,0.5984666666666667,False,升温,follower,False
2026-07-10,电力电网,603556,海兴电力,1.0,11:05,195029469.0,0.09990393852065305,7,0.41833333333333333,0,0,0,0.3784666666666667,False,升温,follower,False
2026-07-10,电力电网,600192,长城电工,1.0,13:18,74609381.0,0.1008264462809918,7,0.41833333333333333,0,0,0,0.34846666666666665,False,升温,follower,False
2026-07-10,军工,600992,贵绳股份,2.0,09:58,177555037.0,0.10020661157024802,8,0.3895833333333334,0,0,0,0.6645000000000001,False,升温,theme_leader,False
2026-07-10,军工,002361,神剑股份,1.0,13:01,1070588618.0,0.10025929127052713,8,0.3895833333333334,0,0,0,0.47783333333333333,False,升温,follower,False
2026-07-10,军工,600343,航天动力,1.0,13:01,1105496509.0,0.10000000000000009,8,0.3895833333333334,0,0,0,0.4478333333333334,False,升温,capacity_core,False
2026-07-10,军工,000901,航天科技,1.0,13:01,1074674416.9375,0.09999999999999987,8,0.3895833333333334,0,0,0,0.37116666666666664,False,升温,follower,False
2026-07-10,军工,600685,中船防务,1.0,13:01,536875226.0,0.10000000000000009,8,0.3895833333333334,0,0,0,0.34116666666666673,False,升温,follower,False
2026-07-10,军工,003009,中天火箭,1.0,13:01,564822974.0,0.0999455831670597,8,0.3895833333333334,0,0,0,0.28450000000000003,False,升温,follower,False
2026-07-10,化工,688722,同益中,1.0,13:01,360849637.0,0.19986893840104836,9,0.3614583333333333,1,1,2,0.5729166666666666,True,升温,theme_leader,False
2026-07-10,化工,603698,航天工程,1.0,13:01,1439611694.0,0.10004990019960092,9,0.3614583333333333,1,1,2,0.5649166666666667,False,升温,follower,False
2026-07-10,化工,002202,金风科技,1.0,13:04,5809635651.5,0.09985243482538131,9,0.3614583333333333,0,0,1,0.47691666666666666,False,升温,capacity_core,False
2026-07-10,化工,600072,中船科技,1.0,13:18,302170741.0,0.10000000000000009,9,0.3614583333333333,0,0,0,0.3809166666666667,False,升温,follower,False
2026-07-10,化工,600800,渤海化学,1.0,10:10,144306986.0,0.09931506849315075,9,0.3614583333333333,0,0,0,0.2689166666666667,False,升温,follower,False
2026-07-10,人工智能,600410,华胜天成,1.0,09:48,1840304246.0,0.10033222591362123,10,0.35520833333333335,0,0,0,0.6234166666666667,False,升温,theme_leader,False
2026-07-10,人工智能,002115,三维通信,1.0,09:31,105775766.15625,0.10050251256281406,10,0.35520833333333335,0,0,1,0.5934166666666667,False,升温,follower,False
2026-07-10,人工智能,301117,佳缘科技,1.0,13:01,570694132.8193359,0.19988172678888216,10,0.35520833333333335,0,0,0,0.5234166666666666,True,升温,elastic_core,False
2026-07-10,人工智能,600629,华建集团,1.0,10:30,339502813.0,0.10008628127696295,10,0.35520833333333335,0,0,0,0.3334166666666667,False,升温,follower,False
2026-07-10,一带一路,300065,海兰信,1.0,13:01,3279324886.25,0.20008336807002913,11,0.29270833333333335,1,1,1,0.6100833333333334,True,升温,theme_leader,False
2026-07-10,一带一路,603162,海通发展,1.0,10:53,401603798.0,0.10000000000000009,11,0.29270833333333335,0,0,0,0.4500833333333333,False,升温,follower,False
2026-07-10,一带一路,605598,上海港湾,1.0,13:02,244683555.0,0.09999999999999987,11,0.29270833333333335,0,0,0,0.3300833333333334,False,升温,follower,False
2026-07-10,基础建设,601608,中信重工,1.0,14:57,376969925.0,0.10043668122270732,12,0.28020833333333334,0,0,0,0.51575,False,升温,theme_leader,False
2026-07-10,基础建设,002828,贝肯能源,1.0,10:18,590259563.4375,0.10040816326530622,12,0.28020833333333334,0,0,0,0.5024166666666666,False,升温,capacity_core,False
2026-07-10,基础建设,003001,中岩大地,1.0,10:16,80467587.18164062,0.09984520123839014,12,0.28020833333333334,1,1,1,0.3690833333333333,False,升温,follower,False
2026-07-13,医药,600664,哈药股份,2.0,09:33,737706201.0,0.10089020771513346,1,0.7742857142857144,1,2,3,0.9044428571428573,False,冰点,theme_leader,True
2026-07-13,医药,003020,立方制药,3.0,09:31,339069036.76953125,0.09978655282817517,1,0.7742857142857144,1,3,4,0.7069428571428572,False,冰点,follower,False
2026-07-13,医药,000989,九芝堂,1.0,09:41,670064705.15625,0.10049019607843146,1,0.7742857142857144,0,1,2,0.6769428571428572,False,冰点,switch_pioneer,False
2026-07-13,医药,600513,联环药业,2.0,13:56,674830732.0,0.1000645577792123,1,0.7742857142857144,0,0,0,0.5294428571428572,False,冰点,switch_pioneer,False
2026-07-13,医药,600881,亚泰集团,1.0,09:38,170447278.0,0.09999999999999987,1,0.7742857142857144,1,1,2,0.5019428571428571,False,冰点,switch_pioneer,False
2026-07-13,医药,300534,陇神戎发,1.0,10:01,461973286.0,0.19999999999999996,1,0.7742857142857144,0,0,0,0.46694285714285716,True,冰点,switch_pioneer,False
2026-07-13,医药,600671,天目药业,1.0,09:49,198895281.0,0.09994794377928162,1,0.7742857142857144,0,0,1,0.45694285714285715,False,冰点,switch_pioneer,False
2026-07-13,医药,603669,灵康药业,1.0,10:36,440130680.0,0.10032362459546929,1,0.7742857142857144,0,0,0,0.37194285714285713,False,冰点,switch_pioneer,False
2026-07-13,商业航天,600992,贵绳股份,3.0,09:31,63778201.0,0.10046948356807506,2,0.6814285714285715,0,0,0,0.7478476190476191,False,冰点,theme_leader,False
2026-07-13,商业航天,605090,九丰能源,2.0,09:31,2351837122.0,0.10005265929436558,2,0.6814285714285715,0,0,0,0.6478476190476191,False,冰点,switch_pioneer,False
2026-07-13,商业航天,601608,中信重工,2.0,09:31,1123061085.0,0.0992063492063493,2,0.6814285714285715,0,0,0,0.5278476190476191,False,冰点,switch_pioneer,False
2026-07-13,基础建设,601608,中信重工,2.0,09:31,1123061085.0,0.0992063492063493,3,0.5089285714285715,0,1,1,0.7473809523809525,False,冰点,theme_leader,False
2026-07-13,基础建设,603137,恒尚节能,1.0,09:38,782260632.0,0.10018691588785056,3,0.5089285714285715,0,0,0,0.6473809523809524,False,冰点,switch_pioneer,False
2026-07-13,基础建设,601002,晋亿实业,1.0,09:31,128748544.0,0.09977324263038545,3,0.5089285714285715,0,1,1,0.5673809523809524,False,冰点,switch_pioneer,False
2026-07-13,天然气,605090,九丰能源,2.0,09:31,2351837122.0,0.10005265929436558,4,0.4767857142857143,0,0,0,0.7381428571428572,False,冰点,theme_leader,False
2026-07-13,天然气,603318,水发燃气,1.0,09:31,87558848.0,0.10038610038610063,4,0.4767857142857143,0,0,0,0.6181428571428572,False,冰点,follower,False
2026-07-13,并购重组,600629,华建集团,2.0,13:12,678286926.0,0.10039215686274505,5,0.34464285714285714,0,0,0,0.5875714285714286,False,冰点,theme_leader,False
2026-07-13,并购重组,603137,恒尚节能,1.0,09:38,782260632.0,0.10018691588785056,5,0.34464285714285714,0,0,0,0.5475714285714286,False,冰点,follower,False
2026-07-13,并购重组,002379,宏桥控股,1.0,10:18,947477197.0,0.10034602076124566,5,0.34464285714285714,0,0,0,0.47757142857142865,False,冰点,capacity_core,False
2026-07-13,并购重组,300214,日科化学,1.0,,78228418.22500038,0.0,5,0.34464285714285714,0,0,0,0.25757142857142856,True,冰点,elastic_core,False
2026-07-13,机器人,603933,睿能科技,1.0,09:31,350383974.0,0.10017809439002678,6,0.30000000000000004,0,0,0,0.664,False,冰点,theme_leader,False
2026-07-13,机器人,603677,奇精机械,1.0,10:55,60387649.0,0.10031847133757954,6,0.30000000000000004,0,0,0,0.4640000000000001,False,冰点,follower,False
2026-07-13,机器人,001388,信通电子,1.0,13:36,122774083.3125,0.09996270048489375,6,0.30000000000000004,0,0,0,0.384,False,冰点,follower,False
2026-07-13,病毒防治,600513,联环药业,2.0,13:56,674830732.0,0.1000645577792123,7,0.2839285714285714,0,0,0,0.6627142857142857,False,冰点,theme_leader,False
2026-07-14,算力硬件,300209,行云科技,1.0,13:08,3732478447.5,0.19999999999999996,1,0.5645454545454545,0,1,2,0.6484969696969698,True,修复,theme_leader,False
2026-07-14,算力硬件,002536,飞龙股份,1.0,13:17,2203029815.65625,0.10010172939979656,1,0.5645454545454545,0,0,2,0.5284969696969697,False,修复,supplement,False
2026-07-14,算力硬件,002484,江海股份,1.0,13:28,3242509328.5,0.10006381620931726,1,0.5645454545454545,1,1,1,0.4484969696969697,False,修复,supplement,False
2026-07-14,算力硬件,301259,艾布鲁,1.0,14:46,470495766.0,0.19981957600360856,1,0.5645454545454545,0,0,0,0.42849696969696977,True,修复,supplement,False
2026-07-14,算力硬件,603516,淳中科技,1.0,09:31,228512317.0,0.0999697367093717,1,0.5645454545454545,0,0,0,0.4284969696969697,False,修复,supplement,False
2026-07-14,算力硬件,603989,艾华集团,1.0,13:33,557326300.0,0.10008703220191473,1,0.5645454545454545,0,0,0,0.38849696969696973,False,修复,supplement,False
2026-07-14,并购重组,600403,大有能源,1.0,09:47,187082130.0,0.1010752688172043,2,0.5477272727272727,0,0,0,0.6504848484848486,False,修复,theme_leader,False
2026-07-14,并购重组,603137,恒尚节能,2.0,14:36,1131431698.0,0.09989806320081551,2,0.5477272727272727,1,1,1,0.5904848484848486,False,修复,supplement,False
2026-07-14,并购重组,603201,常润股份,1.0,14:40,146989141.0,0.10034843205574906,2,0.5477272727272727,0,0,0,0.3704848484848485,False,修复,supplement,False
2026-07-14,医药,600664,哈药股份,3.0,09:41,1742338835.0,0.09973045822102433,3,0.5318181818181817,0,0,0,0.7092121212121213,False,修复,theme_leader,True
2026-07-14,医药,688192,迪哲医药,1.0,13:01,436508645.0,0.20004260758414993,3,0.5318181818181817,1,2,2,0.5358787878787878,True,修复,supplement,False
2026-07-14,医药,300937,药易购,1.0,10:07,240011791.25,0.20010341261633924,3,0.5318181818181817,0,0,0,0.40921212121212125,True,修复,supplement,False
2026-07-14,医药,002250,联化科技,1.0,13:05,343658640.0,0.09985422740524785,3,0.5318181818181817,1,1,1,0.4092121212121212,False,修复,supplement,False
2026-07-14,医药,603367,辰欣药业,1.0,13:09,357973805.0,0.099781500364166,3,0.5318181818181817,0,0,0,0.36254545454545456,False,修复,supplement,False
2026-07-14,医药,603222,济民健康,1.0,14:42,494914290.0,0.0995575221238938,3,0.5318181818181817,0,0,0,0.3492121212121212,False,修复,supplement,False
2026-07-14,机器人,001283,豪鹏科技,1.0,09:55,281579896.5917969,0.10011834319526614,4,0.5221590909090909,0,0,1,0.5760584415584417,False,修复,theme_leader,False
2026-07-14,机器人,001388,信通电子,2.0,09:33,101757092.67382812,0.1000339097999321,4,0.5221590909090909,0,0,0,0.5646298701298702,False,修复,follower,False
2026-07-14,机器人,605189,富春染织,1.0,09:32,309101323.0,0.09976798143851506,4,0.5221590909090909,2,2,2,0.527487012987013,False,修复,follower,False
2026-07-14,机器人,603730,岱美股份,1.0,13:24,504306804.0,0.10028929604628756,4,0.5221590909090909,1,2,2,0.5160584415584416,False,修复,follower,False
2026-07-14,机器人,002245,蔚蓝锂芯,1.0,10:22,3489028245.46875,0.10005265929436558,4,0.5221590909090909,1,1,1,0.467487012987013,False,修复,capacity_core,False
2026-07-14,机器人,002975,博杰股份,1.0,13:05,1421987576.1015625,0.09999999999999987,4,0.5221590909090909,0,0,2,0.467487012987013,False,修复,follower,False
2026-07-14,机器人,603466,风语筑,1.0,13:32,670348306.0,0.10047393364928903,4,0.5221590909090909,0,0,0,0.46177272727272733,False,修复,follower,False
2026-07-14,机器人,002628,成都路桥,1.0,13:02,244976636.0,0.1010752688172043,4,0.5221590909090909,1,1,1,0.4617727272727272,False,修复,follower,False
2026-07-14,机器人,002162,悦心健康,1.0,10:13,149419666.08398438,0.10086455331412103,4,0.5221590909090909,0,1,2,0.4417727272727273,False,修复,follower,False
2026-07-14,机器人,300912,凯龙高科,1.0,13:59,223879929.02734375,0.19982661465106188,4,0.5221590909090909,0,0,0,0.4389155844155844,True,修复,elastic_core,False
2026-07-14,机器人,002838,道恩股份,1.0,13:25,456895356.6875,0.10006353240152488,4,0.5221590909090909,0,1,1,0.43605844155844153,False,修复,follower,False
2026-07-14,机器人,002523,天桥起重,1.0,10:25,183604954.96875,0.10139860139860146,4,0.5221590909090909,0,0,0,0.41320129870129874,False,修复,follower,False
2026-07-14,机器人,603197,保隆科技,1.0,09:33,166832340.0,0.0998886000742667,4,0.5221590909090909,0,0,0,0.4046298701298702,False,修复,follower,False
2026-07-14,机器人,605133,嵘泰股份,1.0,14:54,401826460.0,0.09990485252140813,4,0.5221590909090909,0,0,0,0.327487012987013,False,修复,follower,False
2026-07-14,通信,600183,生益科技,1.0,09:54,11779525149.0,0.10003718854592791,5,0.4897727272727273,1,1,1,0.6969595959595961,False,修复,theme_leader,False
2026-07-14,通信,603042,华脉科技,1.0,09:31,75280472.0,0.1000893655049151,5,0.4897727272727273,0,1,1,0.6125151515151517,False,修复,follower,False
2026-07-14,通信,001389,广合科技,1.0,09:52,2484694534.625,0.10000000000000009,5,0.4897727272727273,1,2,2,0.5947373737373738,False,修复,follower,False
2026-07-14,通信,600255,鑫科材料,1.0,09:37,453611077.0,0.10000000000000009,5,0.4897727272727273,0,0,2,0.576959595959596,False,修复,follower,False
2026-07-14,通信,002463,沪电股份,1.0,13:04,12553795954.0,0.10003208727739454,5,0.4897727272727273,1,1,1,0.5325151515151515,False,修复,follower,False
2026-07-14,通信,002384,东山精密,1.0,13:02,23856271161.0,0.10000000000000009,5,0.4897727272727273,2,2,2,0.5236262626262627,False,修复,capacity_core,False
2026-07-14,通信,002636,金安国纪,1.0,13:05,4708658879.375,0.10002299379167634,5,0.4897727272727273,0,0,0,0.43473737373737376,False,修复,follower,False
2026-07-14,通信,002141,贤丰控股,1.0,09:58,439120193.0,0.09913793103448265,5,0.4897727272727273,0,0,0,0.4125151515151516,False,修复,follower,False
2026-07-14,通信,603186,华正新材,1.0,10:20,3583366402.0,0.09998757146408166,5,0.4897727272727273,0,0,0,0.3280707070707071,False,修复,follower,False
2026-07-14,油气,300164,通源石油,1.0,13:44,2730225911.625,0.20042194092827015,6,0.48613636363636364,0,0,1,0.6068909090909091,True,修复,theme_leader,False
2026-07-14,油气,000554,泰山石油,1.0,09:33,253598268.5625,0.10085470085470094,6,0.48613636363636364,0,0,0,0.5588909090909092,False,修复,follower,False
2026-07-14,油气,601969,海南矿业,1.0,14:01,309267750.0,0.1001283697047497,6,0.48613636363636364,0,0,0,0.3908909090909091,False,修复,follower,False
2026-07-14,油气,603619,中曼石油,1.0,13:23,1243259870.0,0.10010649627263035,6,0.48613636363636364,0,0,0,0.3828909090909091,False,修复,follower,False
2026-07-14,油气,000703,恒逸石化,1.0,10:31,1250838482.3125,0.0998487140695914,6,0.48613636363636364,0,0,0,0.3748909090909091,False,修复,follower,False
2026-07-14,化工,300164,通源石油,1.0,13:44,2730225911.625,0.20042194092827015,7,0.44886363636363635,0,0,2,0.6439090909090909,True,修复,theme_leader,False
2026-07-14,化工,000554,泰山石油,1.0,09:33,253598268.5625,0.10085470085470094,7,0.44886363636363635,0,0,0,0.5399090909090909,False,修复,follower,False
2026-07-14,化工,603077,和邦生物,1.0,13:57,695154404.0,0.10096153846153855,7,0.44886363636363635,0,1,1,0.4919090909090909,False,修复,follower,False
2026-07-14,化工,600746,江苏索普,1.0,09:31,32761598.0,0.09961685823754807,7,0.44886363636363635,1,1,1,0.4759090909090909,False,修复,follower,False
2026-07-14,化工,301100,风光股份,1.0,14:04,104802140.375,0.19999999999999996,7,0.44886363636363635,0,0,0,0.42790909090909096,True,修复,follower,False
2026-07-14,金属铝,002379,宏桥控股,2.0,13:55,1828065107.09375,0.09999999999999987,8,0.4045454545454545,0,0,2,0.6403636363636364,False,修复,theme_leader,False
2026-07-14,金属铝,600595,中孚实业,1.0,13:55,1023073248.0,0.10034602076124566,8,0.4045454545454545,0,0,2,0.5483636363636364,False,修复,follower,False
2026-07-14,金属铝,002532,天山铝业,1.0,14:13,2654031068.5,0.09964093357271087,8,0.4045454545454545,0,1,1,0.4123636363636364,False,修复,capacity_core,False
2026-07-14,金属铝,002128,电投能源,1.0,14:11,687968874.75,0.09995782370307871,8,0.4045454545454545,1,2,2,0.39636363636363636,False,修复,follower,False
2026-07-14,金属铝,605196,华通线缆,1.0,14:20,641375800.0,0.10017421602787469,8,0.4045454545454545,0,0,0,0.36436363636363645,False,修复,follower,False
2026-07-14,基础建设,603137,恒尚节能,2.0,14:36,1131431698.0,0.09989806320081551,9,0.39488636363636365,0,0,1,0.5915909090909092,False,修复,theme_leader,False
2026-07-14,基础建设,002523,天桥起重,1.0,10:25,183604954.96875,0.10139860139860146,9,0.39488636363636365,0,0,0,0.43559090909090914,False,修复,follower,False
2026-07-14,基础建设,002628,成都路桥,1.0,13:02,244976636.0,0.1010752688172043,9,0.39488636363636365,0,0,0,0.42759090909090913,False,修复,follower,False
2026-07-14,基础建设,003001,中岩大地,1.0,14:51,262810914.609375,0.09979633401221988,9,0.39488636363636365,0,0,0,0.33959090909090917,False,修复,follower,False
2026-07-14,基础建设,001226,拓山重工,1.0,11:01,56831705.0,0.10009487666034178,9,0.39488636363636365,0,0,0,0.32359090909090915,False,修复,follower,False
2026-07-14,业绩增长,600844,金煤科技,1.0,09:31,73474757.0,0.1020408163265305,10,0.38068181818181823,1,1,1,0.7254545454545456,False,修复,theme_leader,False
2026-07-14,业绩增长,605028,世茂能源,1.0,09:31,17760916.0,0.09985022466300553,10,0.38068181818181823,1,1,1,0.5954545454545456,False,修复,follower,False
2026-07-14,业绩增长,603489,八方股份,1.0,09:31,31136137.0,0.0998336106489186,10,0.38068181818181823,1,1,1,0.5854545454545456,False,修复,follower,False
2026-07-14,业绩增长,605189,富春染织,1.0,09:32,309101323.0,0.09976798143851506,10,0.38068181818181823,0,0,0,0.5754545454545456,False,修复,capacity_core,False
2026-07-14,实控人变更,002718,友邦吊顶,1.0,10:39,228217401.125,0.10000000000000009,11,0.19886363636363635,0,0,0,0.5859090909090909,False,修复,theme_leader,False
2026-07-14,实控人变更,000008,神州高铁,1.0,,31966487.80078125,0.0,11,0.19886363636363635,0,0,0,0.405909090909091,False,修复,follower,False
2026-07-15,医药,688192,迪哲医药,2.0,09:31,1056557657.0,0.2000710101189418,1,0.8175,0,5,6,0.9254000000000001,True,升温,theme_leader,True
2026-07-15,医药,600664,哈药股份,4.0,09:31,494184364.0,0.10049019607843146,1,0.8175,0,5,6,0.8654000000000001,False,升温,follower,False
2026-07-15,医药,688166,博瑞医药,1.0,09:41,412524782.0,0.20013545546901446,1,0.8175,1,1,3,0.75665,True,升温,supplement,False
2026-07-15,医药,300149,睿智医药,1.0,09:38,750365475.2617188,0.19976905311778292,1,0.8175,3,3,4,0.74915,True,升温,supplement,False
2026-07-15,医药,000566,海南海药,1.0,09:38,538337008.5,0.10042735042735051,1,0.8175,3,3,4,0.7141500000000001,False,升温,supplement,False
2026-07-15,医药,603538,美诺华,1.0,09:59,3865780270.0,0.10014104372355415,1,0.8175,1,1,1,0.6466500000000001,False,升温,supplement,False
2026-07-15,医药,603127,昭衍新药,1.0,09:31,2190577700.0,0.09995654063450665,1,0.8175,0,5,6,0.64165,False,升温,supplement,False
2026-07-15,医药,600721,百花医药,1.0,09:40,171244389.0,0.10029069767441867,1,0.8175,2,2,4,0.6091500000000001,False,升温,supplement,False
2026-07-15,医药,603387,基蛋生物,1.0,09:38,231346341.0,0.10011918951132293,1,0.8175,3,3,4,0.5941500000000001,False,升温,supplement,False
2026-07-15,医药,002365,永安药业,1.0,09:43,284314066.5,0.10009182736455458,1,0.8175,0,0,3,0.5891500000000001,False,升温,supplement,False
2026-07-15,医药,002940,昂利康,1.0,09:54,371003756.0390625,0.09996199163816044,1,0.8175,1,2,2,0.54415,False,升温,supplement,False
2026-07-15,医药,301520,万邦医药,1.0,14:54,964698377.6875,0.20004082465809336,1,0.8175,0,0,0,0.49165000000000003,True,升温,supplement,False
2026-07-15,医药,002821,凯莱英,1.0,14:54,4240287751.25,0.10002809778027544,1,0.8175,0,0,0,0.40665000000000007,False,升温,supplement,False
2026-07-15,医药,000935,四川双马,1.0,10:24,347979612.5,0.10011732499022297,1,0.8175,0,0,1,0.37165,False,升温,supplement,False
2026-07-15,医药,002900,哈三联,1.0,10:03,130739621.40625,0.10029498525073732,1,0.8175,0,0,0,0.33165,False,升温,supplement,False
2026-07-15,医药,603336,宏辉果蔬,1.0,10:42,266679454.0,0.09961190168175937,1,0.8175,0,0,0,0.24915000000000004,False,升温,supplement,False
2026-07-15,基础建设,002062,宏润建设,1.0,09:55,288107062.25,0.10043668122270732,2,0.49875,0,0,0,0.5932333333333334,False,升温,theme_leader,False
2026-07-15,基础建设,603137,恒尚节能,3.0,14:10,1042928321.0,0.1000926784059315,2,0.49875,0,0,0,0.5465666666666668,False,升温,capacity_core,False
2026-07-15,基础建设,000935,四川双马,1.0,10:24,347979612.5,0.10011732499022297,2,0.49875,0,0,0,0.4199,False,升温,supplement,False
2026-07-15,通信,002141,贤丰控股,2.0,09:31,496455687.0,0.10000000000000009,3,0.49,0,0,0,0.6525333333333334,False,升温,theme_leader,False
2026-07-15,通信,002980,华盛昌,1.0,09:31,517940283.1015625,0.10005385029617675,3,0.49,0,0,0,0.6325333333333334,False,升温,supplement,False
2026-07-15,通信,000889,中嘉博创,1.0,09:31,84952108.0,0.10033444816053505,3,0.49,0,0,0,0.5925333333333334,False,升温,supplement,False
2026-07-15,机器人,001388,信通电子,3.0,09:32,358905929.59375,0.09987669543773126,4,0.48625,0,0,1,0.7839000000000002,False,升温,theme_leader,False
2026-07-15,机器人,002062,宏润建设,1.0,09:55,288107062.25,0.10043668122270732,4,0.48625,0,0,0,0.6164000000000001,False,升温,follower,False
2026-07-15,机器人,605189,富春染织,2.0,14:23,557093352.0,0.09985935302391002,4,0.48625,0,0,0,0.5439,False,升温,capacity_core,False
2026-07-15,机器人,603725,天安新材,1.0,09:32,127259584.0,0.09983221476510074,4,0.48625,0,0,1,0.49639999999999995,False,升温,follower,False
2026-07-15,机器人,000959,首钢股份,1.0,10:43,209126943.0,0.10057471264367823,4,0.48625,0,0,0,0.4614,False,升温,follower,False
2026-07-15,机器人,603657,春光科技,1.0,09:49,103846356.0,0.09981768459434814,4,0.48625,0,1,1,0.4514,False,升温,follower,False
2026-07-15,机器人,603192,汇得科技,1.0,13:04,76134234.0,0.09994626544868357,4,0.48625,0,0,0,0.33140000000000003,False,升温,follower,False
2026-07-15,机器人,002786,银宝山新,1.0,10:28,171726339.5,0.09959072305593453,4,0.48625,0,0,1,0.3064,False,升温,follower,False
2026-07-15,病毒防治,300149,睿智医药,1.0,09:38,750365475.2617188,0.19976905311778292,5,0.4512500000000001,1,1,1,0.7161000000000001,True,升温,theme_leader,False
2026-07-15,病毒防治,688166,博瑞医药,1.0,09:41,412524782.0,0.20013545546901446,5,0.4512500000000001,0,0,0,0.6361000000000001,True,升温,follower,False
2026-07-15,病毒防治,000566,海南海药,1.0,09:38,538337008.5,0.10042735042735051,5,0.4512500000000001,1,1,1,0.5961000000000001,False,升温,follower,False
2026-07-15,金融概念,000593,德龙汇能,1.0,09:35,230445598.75,0.09999999999999987,6,0.39125000000000004,0,1,1,0.6046333333333334,False,升温,theme_leader,False
2026-07-15,金融概念,002558,巨人网络,1.0,13:01,4256003193.125,0.10011164867882383,6,0.39125000000000004,0,0,0,0.5779666666666667,False,升温,capacity_core,False
2026-07-15,金融概念,600857,宁波中百,1.0,09:42,235819371.0,0.0998953974895398,6,0.39125000000000004,0,0,0,0.5513,False,升温,follower,False
2026-07-15,游戏影视,002558,巨人网络,1.0,13:01,4256003193.125,0.10011164867882383,7,0.36500000000000005,0,0,0,0.5758666666666667,False,升温,theme_leader,False
2026-07-15,游戏影视,000676,智度股份,1.0,09:33,270973991.0,0.09922178988326857,7,0.36500000000000005,0,0,0,0.4958666666666667,False,升温,follower,False
2026-07-15,游戏影视,002517,恺英网络,1.0,10:48,1990256477.75,0.09987195902688861,7,0.36500000000000005,0,0,0,0.45586666666666664,False,升温,follower,False
2026-07-15,股权转让,600844,金煤科技,2.0,10:11,264122932.0,0.10000000000000009,8,0.35750000000000004,0,0,0,0.5886,False,升温,theme_leader,False
2026-07-15,股权转让,605028,世茂能源,2.0,09:33,48695572.0,0.09986382206082611,8,0.35750000000000004,0,0,1,0.5819333333333334,False,升温,follower,False
2026-07-15,股权转让,600785,新华百货,1.0,09:48,224749562.0,0.10000000000000009,8,0.35750000000000004,0,0,0,0.5552666666666667,False,升温,follower,False
2026-07-15,算力硬件,000889,中嘉博创,1.0,09:31,84952108.0,0.10033444816053505,9,0.34125000000000005,0,0,0,0.5606333333333333,False,升温,theme_leader,False
2026-07-15,算力硬件,300231,银信科技,1.0,13:44,446358624.0625,0.19947159841479523,9,0.34125000000000005,0,0,0,0.5206333333333334,True,升温,elastic_core,False
2026-07-15,算力硬件,001896,豫能控股,1.0,14:56,2006496290.875,0.10007358351729212,9,0.34125000000000005,0,0,0,0.4406333333333333,False,升温,capacity_core,False
2026-07-15,服装家纺,605189,富春染织,2.0,14:23,557093352.0,0.09985935302391002,10,0.28625,0,0,0,0.5295666666666667,False,升温,theme_leader,False
2026-07-15,服装家纺,603839,安正时尚,1.0,10:34,48893977.0,0.10034013605442182,10,0.28625,0,0,0,0.41623333333333334,False,升温,follower,False
2026-07-15,服装家纺,603130,云中马,1.0,13:03,89072910.0,0.09999999999999987,10,0.28625,0,0,0,0.4029,False,升温,follower,False
2026-07-16,医药,600664,哈药股份,5.0,09:31,1464972726.0,0.10022271714922049,1,0.7361363636363636,1,1,1,0.8322242424242425,False,分歧/震荡,theme_leader,False
2026-07-16,医药,002365,永安药业,2.0,09:34,332393755.0,0.10016694490818034,1,0.7361363636363636,0,0,0,0.5788909090909091,False,分歧/震荡,supplement,False
2026-07-16,医药,603567,珍宝岛,1.0,13:33,238262495.0,0.10040160642570273,1,0.7361363636363636,0,0,0,0.4055575757575758,False,分歧/震荡,supplement,False
2026-07-16,游戏影视,002739,儒意电影,2.0,09:31,847772695.421875,0.10021321961620466,2,0.6026136363636363,0,0,0,0.8482090909090909,False,分歧/震荡,theme_leader,True
2026-07-16,游戏影视,601595,上海电影,1.0,10:53,250891899.0,0.09993943064809208,2,0.6026136363636363,0,0,0,0.36820909090909093,False,分歧/震荡,supplement,False
2026-07-16,算力硬件,600602,云赛智联,1.0,09:39,610624800.0,0.10000000000000009,3,0.5560227272727273,0,0,1,0.8144818181818183,False,分歧/震荡,theme_leader,False
2026-07-16,算力硬件,603496,恒为科技,1.0,09:59,597720233.0,0.09999999999999987,3,0.5560227272727273,0,0,0,0.5944818181818182,False,分歧/震荡,supplement,False
2026-07-16,端侧AI,000676,智度股份,2.0,09:47,492758985.046875,0.10088495575221224,4,0.5318181818181817,0,0,0,0.7975454545454547,False,分歧/震荡,theme_leader,False
2026-07-16,端侧AI,300968,格林精密,1.0,09:31,164026363.0,0.2004689331770224,4,0.5318181818181817,0,2,4,0.7025454545454546,True,分歧/震荡,elastic_core,False
2026-07-16,端侧AI,002632,道明光学,1.0,09:31,145704410.796875,0.10057142857142876,4,0.5318181818181817,0,2,4,0.6325454545454546,False,分歧/震荡,follower,False
2026-07-16,端侧AI,002045,国光电器,1.0,09:38,250010292.69921875,0.10026385224274414,4,0.5318181818181817,0,2,2,0.6275454545454545,False,分歧/震荡,follower,False
2026-07-16,端侧AI,603327,福蓉科技,1.0,09:31,195193981.0,0.1001283697047497,4,0.5318181818181817,0,2,4,0.6225454545454546,False,分歧/震荡,follower,False
2026-07-16,端侧AI,000829,天音控股,1.0,09:38,464930630.25,0.10012062726176119,4,0.5318181818181817,0,2,2,0.5975454545454546,False,分歧/震荡,follower,False
2026-07-16,端侧AI,600203,福日电子,1.0,09:46,606816648.0,0.09963099630996308,4,0.5318181818181817,1,1,1,0.5675454545454546,False,分歧/震荡,capacity_core,False
2026-07-16,端侧AI,002881,美格智能,1.0,10:08,470338401.5,0.09999999999999987,4,0.5318181818181817,0,0,0,0.35254545454545455,False,分歧/震荡,follower,False
2026-07-16,地产,600162,香江控股,2.0,09:31,906769307.0,0.09881422924901195,5,0.4531818181818182,0,0,0,0.7362545454545455,False,分歧/震荡,theme_leader,False
2026-07-16,地产,000014,沙河股份,1.0,10:58,146091445.0,0.10011001100110017,5,0.4531818181818182,0,0,0,0.45625454545454547,False,分歧/震荡,follower,False
2026-07-16,脑机接口,000566,海南海药,2.0,11:01,1614644704.4375,0.10097087378640768,6,0.4329545454545454,0,0,1,0.7146363636363637,False,分歧/震荡,theme_leader,False
2026-07-16,脑机接口,603716,塞力医疗,1.0,11:14,422280065.0,0.10034129692832772,6,0.4329545454545454,0,0,0,0.3613030303030303,False,分歧/震荡,follower,False
2026-07-16,脑机接口,002173,创新医疗,1.0,10:26,828419441.359375,0.10031545741324921,6,0.4329545454545454,0,0,0,0.347969696969697,False,分歧/震荡,follower,False
2026-07-16,AI手机,300968,格林精密,1.0,09:31,164026363.0,0.2004689331770224,7,0.42613636363636354,0,0,1,0.6890909090909091,True,分歧/震荡,theme_leader,False
2026-07-16,AI手机,603327,福蓉科技,1.0,09:31,195193981.0,0.1001283697047497,7,0.42613636363636354,0,0,1,0.6290909090909091,False,分歧/震荡,follower,False
2026-07-16,AI手机,002632,道明光学,1.0,09:31,145704410.796875,0.10057142857142876,7,0.42613636363636354,0,0,1,0.5990909090909091,False,分歧/震荡,follower,False
2026-07-16,AI手机,600203,福日电子,1.0,09:46,606816648.0,0.09963099630996308,7,0.42613636363636354,0,0,0,0.5790909090909091,False,分歧/震荡,capacity_core,False
2026-07-16,机器人,001230,劲旅环境,1.0,09:46,188972283.24316406,0.10005652911249285,8,0.38522727272727275,0,1,1,0.670818181818182,False,分歧/震荡,theme_leader,False
2026-07-16,机器人,603178,圣龙股份,1.0,09:54,214993615.0,0.09993011879804325,8,0.38522727272727275,0,0,0,0.5508181818181819,False,分歧/震荡,follower,False
2026-07-16,机器人,001365,天海电子,1.0,10:18,458764092.0,0.09994913530010163,8,0.38522727272727275,0,0,0,0.5108181818181818,False,分歧/震荡,capacity_core,False
2026-07-16,AI应用,300805,电声股份,1.0,09:47,367283667.25,0.1997282608695652,9,0.37840909090909086,0,0,0,0.6542727272727272,True,分歧/震荡,theme_leader,False
2026-07-16,AI应用,603716,塞力医疗,1.0,11:14,422280065.0,0.10034129692832772,9,0.37840909090909086,0,0,1,0.5262727272727273,False,分歧/震荡,follower,False
2026-07-16,AI应用,000892,欢瑞世纪,1.0,09:35,286035338.0,0.09943181818181812,9,0.37840909090909086,0,0,1,0.5022727272727273,False,分歧/震荡,follower,False
2026-07-16,AI应用,603108,润达医疗,1.0,11:26,445274893.0,0.10032017075773769,9,0.37840909090909086,0,0,0,0.47827272727272735,False,分歧/震荡,capacity_core,False
2026-07-16,AI应用,601595,上海电影,1.0,10:53,250891899.0,0.09993943064809208,9,0.37840909090909086,0,0,0,0.3102727272727273,False,分歧/震荡,follower,False
2026-07-16,并购重组,000014,沙河股份,1.0,10:58,146091445.0,0.10011001100110017,10,0.34431818181818175,0,0,0,0.5975454545454546,False,分歧/震荡,theme_leader,False
2026-07-16,并购重组,002760,凤形股份,1.0,09:33,113018870.0,0.09975520195838428,10,0.34431818181818175,0,0,0,0.5775454545454546,False,分歧/震荡,follower,False
2026-07-16,电力电网,002350,北京科锐,1.0,10:16,449832759.4296875,0.09999999999999987,11,0.29318181818181815,0,0,0,0.5034545454545455,False,分歧/震荡,theme_leader,False
2026-07-16,电力电网,002775,文科股份,1.0,13:05,74252831.078125,0.10062893081761004,11,0.29318181818181815,0,0,0,0.4634545454545455,False,分歧/震荡,follower,False
2026-07-16,电力电网,001258,立新能源,1.0,13:01,362353573.0,0.09941520467836251,11,0.29318181818181815,1,1,1,0.4234545454545454,False,分歧/震荡,follower,False
2026-07-17,医药,603567,珍宝岛,2.0,09:37,610427937.0,0.10036496350364965,1,0.677121212121212,0,0,0,0.754169696969697,False,冰点,theme_leader,True
2026-07-17,医药,600881,亚泰集团,1.0,13:02,551282062.0,0.10059171597633143,1,0.677121212121212,0,0,0,0.474169696969697,False,冰点,switch_pioneer,False
2026-07-17,电力电网,001258,立新能源,2.0,09:46,460356625.875,0.0997340425531914,2,0.6145454545454545,1,1,1,0.7247191919191921,False,冰点,theme_leader,False
2026-07-17,电力电网,600744,华银电力,1.0,09:41,500534535.0,0.09963099630996308,2,0.6145454545454545,2,3,3,0.6558303030303031,False,冰点,switch_pioneer,False
2026-07-17,电力电网,600644,乐山电力,1.0,09:46,387549177.0,0.10012210012210021,2,0.6145454545454545,1,1,1,0.5758303030303031,False,冰点,switch_pioneer,False
2026-07-17,电力电网,000037,深南电A,1.0,09:47,326741478.5,0.1004784688995215,2,0.6145454545454545,0,0,0,0.5624969696969698,False,冰点,switch_pioneer,False
2026-07-17,电力电网,000722,湖南发展,1.0,14:54,730235201.15625,0.10023866348448696,2,0.6145454545454545,0,0,0,0.504719191919192,False,冰点,switch_pioneer,False
2026-07-17,电力电网,600236,桂冠电力,1.0,10:22,387794585.0,0.10051813471502569,2,0.6145454545454545,0,0,0,0.4602747474747475,False,冰点,switch_pioneer,False
2026-07-17,电力电网,000899,赣能股份,1.0,11:09,397280434.9375,0.09969167523124356,2,0.6145454545454545,0,1,1,0.3847191919191919,False,冰点,switch_pioneer,False
2026-07-17,电力电网,605011,杭州热电,1.0,10:11,261492382.0,0.10000000000000009,2,0.6145454545454545,0,0,1,0.35805252525252523,False,冰点,switch_pioneer,False
2026-07-17,电力电网,600982,宁波能源,1.0,11:18,464268360.0,0.09935205183585305,2,0.6145454545454545,0,0,0,0.33583030303030303,False,冰点,switch_pioneer,False
2026-07-17,DeepSeek,002432,九安医疗,1.0,09:31,3594431132.25,0.10000000000000009,3,0.4886363636363637,0,0,0,0.6790909090909091,False,冰点,theme_leader,False
2026-07-17,DeepSeek,300577,开润股份,1.0,09:31,344340549.09765625,0.19976428992339423,3,0.4886363636363637,0,0,0,0.6390909090909092,True,冰点,switch_pioneer,False
2026-07-17,DeepSeek,000779,甘咨询,1.0,10:19,1187310260.625,0.09982014388489224,3,0.4886363636363637,0,0,0,0.3990909090909091,False,冰点,switch_pioneer,False
2026-07-17,基础建设,003001,中岩大地,1.0,09:31,113759363.65625,0.10011248593925748,4,0.47568181818181815,0,0,0,0.6880545454545455,False,冰点,theme_leader,False
2026-07-17,基础建设,000779,甘咨询,1.0,10:19,1187310260.625,0.09982014388489224,4,0.47568181818181815,0,0,0,0.5080545454545455,False,冰点,capacity_core,False
2026-07-17,储能,001258,立新能源,2.0,09:46,460356625.875,0.0997340425531914,5,0.46340909090909094,0,1,1,0.8770727272727273,False,冰点,theme_leader,False
2026-07-17,储能,601369,陕鼓动力,1.0,09:52,316468291.0,0.09953703703703698,5,0.46340909090909094,0,0,0,0.5170727272727272,False,冰点,follower,False
2026-07-17,甲醇,600227,赤天化,1.0,09:38,752820194.0,0.1007194244604317,6,0.42863636363636365,1,1,1,0.8042909090909092,False,冰点,theme_leader,False
2026-07-17,甲醇,600722,金牛化工,1.0,09:39,410446543.0,0.10064516129032253,6,0.42863636363636365,0,0,0,0.5842909090909092,False,冰点,follower,False
2026-07-17,并购重组,003001,中岩大地,1.0,09:31,113759363.65625,0.10011248593925748,7,0.42060606060606065,0,0,0,0.6336484848484849,False,冰点,theme_leader,False
2026-07-17,并购重组,601369,陕鼓动力,1.0,09:52,316468291.0,0.09953703703703698,7,0.42060606060606065,0,0,0,0.5536484848484848,False,冰点,follower,False
2026-07-17,并购重组,600095,湘财股份,1.0,10:35,979880115.0,0.09999999999999987,7,0.42060606060606065,0,0,0,0.5136484848484848,False,冰点,capacity_core,False
2026-07-17,商业航天,600992,贵绳股份,1.0,09:41,306349498.0,0.10046948356807506,8,0.41431818181818186,0,0,0,0.6131454545454547,False,冰点,theme_leader,False
2026-07-17,商业航天,002829,星网宇达,2.0,14:10,561158061.25,0.0997876857749469,8,0.41431818181818186,0,0,0,0.5731454545454546,False,冰点,capacity_core,False
2026-07-17,智能驾驶,002766,索菱股份,1.0,09:31,117187014.0,0.1005586592178771,9,0.3765909090909091,0,0,0,0.6901272727272728,False,冰点,theme_leader,False
2026-07-17,智能驾驶,002677,浙江美大,3.0,,54576740.046875,0.0,9,0.3765909090909091,0,0,0,0.49012727272727274,False,冰点,follower,False
2026-07-17,无人驾驶,002766,索菱股份,1.0,09:31,117187014.0,0.1005586592178771,10,0.3672727272727273,0,0,0,0.6093818181818182,False,冰点,theme_leader,False
2026-07-17,无人驾驶,002829,星网宇达,2.0,14:10,561158061.25,0.0997876857749469,10,0.3672727272727273,0,0,0,0.5693818181818182,False,冰点,capacity_core,False
2026-07-17,实控人变更,002677,浙江美大,3.0,,54576740.046875,0.0,11,0.24318181818181822,0,0,0,0.6594545454545455,False,冰点,theme_leader,False
2026-07-20,电力电网,001258,立新能源,3.0,09:32,733892698.875,0.10036275695284158,1,0.7009090909090909,3,3,4,0.7925433155080214,False,冰点,theme_leader,False
2026-07-20,电力电网,600744,华银电力,2.0,09:34,1125606758.0,0.10067114093959728,1,0.7009090909090909,0,0,1,0.7878374331550803,False,冰点,switch_pioneer,False
2026-07-20,电力电网,600644,乐山电力,2.0,09:33,670536374.0,0.09988901220865709,1,0.7009090909090909,2,2,3,0.6443080213903744,False,冰点,switch_pioneer,False
2026-07-20,电力电网,600452,涪陵电力,1.0,09:51,829334340.0,0.10011001100110017,1,0.7009090909090909,2,2,3,0.6278374331550802,False,冰点,switch_pioneer,False
2026-07-20,电力电网,600863,华能蒙电,1.0,13:14,1615379097.0,0.10087719298245612,1,0.7009090909090909,1,3,3,0.6160727272727273,False,冰点,switch_pioneer,False
2026-07-20,电力电网,600236,桂冠电力,2.0,09:34,848869974.0,0.09981167608286268,1,0.7009090909090909,0,0,1,0.6125433155080214,False,冰点,switch_pioneer,False
2026-07-20,电力电网,600821,金开新能,1.0,09:56,518000177.0,0.10052910052910069,1,0.7009090909090909,0,1,2,0.5807786096256684,False,冰点,switch_pioneer,False
2026-07-20,电力电网,600726,华电能源,1.0,09:56,706396113.0,0.10000000000000009,1,0.7009090909090909,0,1,2,0.5113668449197861,False,冰点,switch_pioneer,False
2026-07-20,电力电网,000037,深南电A,2.0,10:23,746615020.625,0.10000000000000009,1,0.7009090909090909,0,1,1,0.4713668449197861,False,冰点,switch_pioneer,False
2026-07-20,电力电网,600396,华电辽能,1.0,13:23,3422560115.0,0.10042918454935612,1,0.7009090909090909,0,0,0,0.4678374331550803,False,冰点,switch_pioneer,False
2026-07-20,电力电网,000722,湖南发展,2.0,13:20,1100838190.875,0.09978308026030369,1,0.7009090909090909,1,1,1,0.4537197860962567,False,冰点,switch_pioneer,False
2026-07-20,电力电网,600938,中国海油,1.0,11:22,2998057649.0,0.10010355540214033,1,0.7009090909090909,0,1,1,0.4513668449197861,False,冰点,switch_pioneer,False
2026-07-20,电力电网,600578,京能电力,1.0,13:19,1405354738.0,0.09999999999999987,1,0.7009090909090909,2,2,2,0.4372491978609626,False,冰点,switch_pioneer,False
2026-07-20,电力电网,000600,建投能源,1.0,10:29,772038743.0,0.10049019607843146,1,0.7009090909090909,0,0,0,0.3854844919786097,False,冰点,switch_pioneer,False
2026-07-20,电力电网,000539,粤电力Ａ,1.0,10:12,954978202.375,0.09981167608286268,1,0.7009090909090909,0,0,2,0.3701903743315508,False,冰点,switch_pioneer,False
2026-07-20,电力电网,000767,晋控电力,1.0,10:03,1210434164.21875,0.09941520467836251,1,0.7009090909090909,0,1,2,0.36901390374331555,False,冰点,switch_pioneer,False
2026-07-20,电力电网,600032,浙江新能,1.0,11:29,707828875.0,0.10042432814710045,1,0.7009090909090909,0,0,0,0.33371978609625674,False,冰点,switch_pioneer,False
2026-07-20,算力硬件,600126,杭钢股份,1.0,09:39,1086264239.0,0.10070671378091878,2,0.5079545454545454,1,2,3,0.843969696969697,False,冰点,theme_leader,True
2026-07-20,算力硬件,600797,浙大网新,1.0,09:44,635413540.0,0.09951845906902079,2,0.5079545454545454,1,1,2,0.6773030303030303,False,冰点,switch_pioneer,False
2026-07-20,算力硬件,000815,美利云,1.0,09:31,209590634.953125,0.09983498349834985,2,0.5079545454545454,1,2,4,0.6706363636363637,False,冰点,switch_pioneer,False
2026-07-20,算力硬件,600821,金开新能,1.0,09:56,518000177.0,0.10052910052910069,2,0.5079545454545454,0,0,0,0.6373030303030305,False,冰点,switch_pioneer,False
2026-07-20,算力硬件,600121,郑州煤电,1.0,09:48,224588213.0,0.09941520467836251,2,0.5079545454545454,0,1,1,0.5506363636363638,False,冰点,switch_pioneer,False
2026-07-20,算力硬件,000889,中嘉博创,1.0,09:36,143940608.453125,0.09872611464968162,2,0.5079545454545454,1,2,4,0.543969696969697,False,冰点,switch_pioneer,False
2026-07-20,油气,002490,山东墨龙,1.0,09:32,423925831.0,0.10014104372355437,3,0.5077272727272727,0,1,1,0.6956181818181818,False,冰点,theme_leader,False
2026-07-20,油气,603619,中曼石油,1.0,09:40,479545855.0,0.09977452085682104,3,0.5077272727272727,0,0,0,0.5456181818181818,False,冰点,switch_pioneer,False
2026-07-20,油气,600938,中国海油,1.0,11:22,2998057649.0,0.10010355540214033,3,0.5077272727272727,0,0,0,0.5256181818181819,False,冰点,switch_pioneer,False
2026-07-20,油气,603727,博迈科,1.0,10:04,57728142.0,0.10006626905235261,3,0.5077272727272727,0,0,0,0.35561818181818183,False,冰点,switch_pioneer,False
2026-07-20,资源有色,300515,三德科技,1.0,09:31,88809362.90625,0.2003231017770597,4,0.49068181818181816,0,1,2,0.6621116883116882,True,冰点,theme_leader,False
2026-07-20,资源有色,600403,大有能源,1.0,09:38,241110900.0,0.10000000000000009,4,0.49068181818181816,0,1,1,0.6106831168831169,False,冰点,follower,False
2026-07-20,资源有色,600188,兖矿能源,1.0,13:10,1507896696.0,0.10000000000000009,4,0.49068181818181816,0,0,0,0.5021116883116883,False,冰点,capacity_core,False
2026-07-20,资源有色,600985,淮北矿业,1.0,14:03,459354963.0,0.10000000000000009,4,0.49068181818181816,0,0,0,0.4563974025974026,False,冰点,follower,False
2026-07-20,资源有色,600121,郑州煤电,1.0,09:48,224588213.0,0.09941520467836251,4,0.49068181818181816,0,0,0,0.4335402597402597,False,冰点,follower,False
2026-07-20,资源有色,601898,中煤能源,1.0,10:34,1270000363.0,0.09968102073365226,4,0.49068181818181816,0,0,0,0.39354025974025975,False,冰点,follower,False
2026-07-20,资源有色,601001,晋控煤业,1.0,13:36,450638037.0,0.09982886480319442,4,0.49068181818181816,0,0,0,0.37639740259740256,False,冰点,follower,False
2026-07-20,AI应用,603533,掌阅科技,1.0,09:32,768414013.0,0.10000000000000009,5,0.4636363636363637,0,0,1,0.7070909090909092,False,冰点,theme_leader,False
2026-07-20,AI应用,600756,浪潮软件,1.0,09:44,440322454.0,0.10023492560689129,5,0.4636363636363637,0,0,0,0.6870909090909091,False,冰点,follower,False
2026-07-20,机器人,300515,三德科技,1.0,09:31,88809362.90625,0.2003231017770597,6,0.44318181818181823,1,1,1,0.6904545454545454,True,冰点,theme_leader,False
2026-07-20,机器人,688057,金达莱,1.0,09:36,141706038.0,0.1998572448251248,6,0.44318181818181823,0,0,0,0.6404545454545456,True,冰点,follower,False
2026-07-20,机器人,001288,运机集团,1.0,09:58,165796813.96875,0.10009578544061304,6,0.44318181818181823,0,0,0,0.5804545454545456,False,冰点,capacity_core,False
2026-07-20,机器人,002857,三晖电气,1.0,11:11,86544394.140625,0.10013908205841449,6,0.44318181818181823,0,0,0,0.35045454545454546,False,冰点,follower,False
2026-07-20,水电,600644,乐山电力,2.0,09:33,670536374.0,0.09988901220865709,7,0.42954545454545456,0,0,0,0.5793636363636364,False,冰点,theme_leader,False
2026-07-20,水电,000722,湖南发展,2.0,13:20,1100838190.875,0.09978308026030369,7,0.42954545454545456,1,1,1,0.4893636363636364,False,冰点,follower,False
2026-07-20,水电,601991,大唐发电,1.0,13:23,5183059449.0,0.10000000000000009,7,0.42954545454545456,0,0,0,0.4493636363636364,False,冰点,capacity_core,False
2026-07-20,水电,600032,浙江新能,1.0,11:29,707828875.0,0.10042432814710045,7,0.42954545454545456,0,0,0,0.41936363636363644,False,冰点,follower,False
2026-07-20,储能,001258,立新能源,3.0,09:32,733892698.875,0.10036275695284158,8,0.4272727272727273,0,0,0,0.8341818181818182,False,冰点,theme_leader,False
2026-07-20,储能,601026,道生天合,1.0,10:43,163336122.0,0.0998487140695914,8,0.4272727272727273,0,0,0,0.3541818181818182,False,冰点,follower,False
2026-07-20,国有企业,600722,金牛化工,2.0,09:36,451616170.0,0.09964830011723347,9,0.40909090909090906,1,1,1,0.7393939393939395,False,冰点,theme_leader,False
2026-07-20,国有企业,600403,大有能源,1.0,09:38,241110900.0,0.10000000000000009,9,0.40909090909090906,0,0,0,0.5860606060606061,False,冰点,follower,False
2026-07-20,国有企业,601001,晋控煤业,1.0,13:36,450638037.0,0.09982886480319442,9,0.40909090909090906,0,0,0,0.4127272727272727,False,冰点,follower,False
2026-07-20,火电,601991,大唐发电,1.0,13:23,5183059449.0,0.10000000000000009,10,0.36136363636363633,0,0,0,0.513909090909091,False,冰点,theme_leader,False
2026-07-20,火电,000600,建投能源,1.0,10:29,772038743.0,0.10049019607843146,10,0.36136363636363633,0,0,0,0.44390909090909086,False,冰点,follower,False
2026-07-20,火电,000539,粤电力Ａ,1.0,10:12,954978202.375,0.09981167608286268,10,0.36136363636363633,0,0,1,0.4239090909090909,False,冰点,follower,False
2026-07-20,火电,000767,晋控电力,1.0,10:03,1210434164.21875,0.09941520467836251,10,0.36136363636363633,0,1,1,0.4139090909090909,False,冰点,follower,False
2026-07-20,动力煤,600188,兖矿能源,1.0,13:10,1507896696.0,0.10000000000000009,11,0.3136363636363636,0,0,0,0.5950909090909091,False,冰点,theme_leader,False
2026-07-20,动力煤,601898,中煤能源,1.0,10:34,1270000363.0,0.09968102073365226,11,0.3136363636363636,0,0,0,0.4150909090909092,False,冰点,follower,False
2026-07-21,算力硬件,000889,中嘉博创,2.0,09:35,257976098.0,0.10144927536231862,1,0.7877777777777776,2,2,2,0.7530222222222223,False,修复,theme_leader,True
2026-07-21,算力硬件,000815,美利云,2.0,09:31,444402907.01171875,0.0997749437359341,1,0.7877777777777776,2,4,4,0.6950222222222222,False,修复,supplement,False
2026-07-21,算力硬件,002036,联创电子,2.0,09:37,303292429.6503906,0.10076335877862608,1,0.7877777777777776,0,0,0,0.6710222222222223,False,修复,supplement,False
2026-07-21,算力硬件,603516,淳中科技,1.0,09:32,957705367.0,0.09998792416374824,1,0.7877777777777776,3,3,3,0.6330222222222223,False,修复,supplement,False
2026-07-21,算力硬件,301012,扬电科技,1.0,09:37,541369534.65625,0.20019627085377834,1,0.7877777777777776,0,0,0,0.6210222222222223,True,修复,supplement,False
2026-07-21,算力硬件,002484,江海股份,1.0,13:01,3817943066.6875,0.10007581501137208,1,0.7877777777777776,3,3,3,0.5550222222222223,False,修复,supplement,False
2026-07-21,算力硬件,301205,联特科技,1.0,13:52,2179277855.0,0.19999999999999996,1,0.7877777777777776,0,0,1,0.5370222222222223,True,修复,supplement,False
2026-07-21,算力硬件,603629,利通电子,1.0,11:00,3824670565.0,0.10000000000000009,1,0.7877777777777776,0,3,3,0.5330222222222223,False,修复,supplement,False
2026-07-21,算力硬件,688110,东芯股份,1.0,13:06,4389051885.0,0.20003984857541335,1,0.7877777777777776,0,0,0,0.5310222222222223,True,修复,supplement,False
2026-07-21,算力硬件,002879,长缆科技,1.0,09:31,39343992.240234375,0.0997566909975669,1,0.7877777777777776,2,4,4,0.49702222222222225,False,修复,supplement,False
2026-07-21,算力硬件,300137,先河环保,1.0,14:19,776002317.375,0.19980314960629908,1,0.7877777777777776,1,1,1,0.48702222222222225,True,修复,supplement,False
2026-07-21,算力硬件,002203,海亮股份,1.0,11:07,753171491.1601562,0.10024009603841533,1,0.7877777777777776,2,2,2,0.47902222222222224,False,修复,supplement,False
2026-07-21,算力硬件,600330,天通股份,1.0,13:03,1757421589.0,0.10005750431282334,1,0.7877777777777776,1,1,1,0.4490222222222222,False,修复,supplement,False
2026-07-21,算力硬件,002851,麦格米特,1.0,11:08,4726088206.0625,0.09997559586756677,1,0.7877777777777776,1,1,1,0.43902222222222226,False,修复,supplement,False
2026-07-21,算力硬件,603936,博敏电子,1.0,14:56,936911576.0,0.10031347962382431,1,0.7877777777777776,0,0,0,0.4250222222222222,False,修复,supplement,False
2026-07-21,算力硬件,603306,华懋科技,1.0,14:10,1512876988.0,0.09995329285380672,1,0.7877777777777776,0,1,2,0.4210222222222222,False,修复,supplement,False
2026-07-21,算力硬件,002970,锐明技术,1.0,13:46,370179342.5,0.10008857395925608,1,0.7877777777777776,0,1,1,0.3890222222222222,False,修复,supplement,False
2026-07-21,算力硬件,605318,法狮龙,1.0,13:02,221627397.0,0.10000000000000009,1,0.7877777777777776,2,2,2,0.36502222222222225,False,修复,supplement,False
2026-07-21,算力硬件,603124,江南新材,1.0,11:09,525956682.0,0.10000000000000009,1,0.7877777777777776,0,0,0,0.3330222222222222,False,修复,supplement,False
2026-07-21,算力硬件,002448,中原内配,1.0,14:22,381957403.0,0.09959349593495936,1,0.7877777777777776,0,0,0,0.24702222222222225,False,修复,supplement,False
2026-07-21,半导体,688347,华虹宏力,1.0,14:36,12877385762.0,0.2000120670930372,2,0.5377777777777777,3,4,4,0.6170222222222222,True,修复,theme_leader,False
2026-07-21,半导体,688361,中科飞测,1.0,13:56,5569561886.0,0.20001309843473702,2,0.5377777777777777,1,1,4,0.6023555555555555,True,修复,supplement,False
2026-07-21,半导体,688072,拓荆科技,1.0,14:19,8077980633.0,0.20000000000000018,2,0.5377777777777777,1,1,7,0.5943555555555555,True,修复,supplement,False
2026-07-21,半导体,300604,长川科技,1.0,14:35,12047998158.0,0.19999999999999996,2,0.5377777777777777,5,6,6,0.5916888888888888,True,修复,supplement,False
2026-07-21,半导体,688627,精智达,1.0,13:54,3901294717.0,0.19999562851085217,2,0.5377777777777777,2,2,5,0.5343555555555556,True,修复,supplement,False
2026-07-21,半导体,688328,深科达,1.0,14:07,843611880.0,0.20006080875646082,2,0.5377777777777777,1,2,4,0.5210222222222223,True,修复,supplement,False
2026-07-21,半导体,600584,长电科技,1.0,14:36,20904684768.0,0.1000129886998311,2,0.5377777777777777,3,4,4,0.5210222222222223,False,修复,supplement,False
2026-07-21,半导体,300643,万通智控,1.0,10:51,249526477.875,0.20025756600128797,2,0.5377777777777777,0,1,3,0.5063555555555557,True,修复,supplement,False
2026-07-21,半导体,688037,芯源微,1.0,14:37,3252884529.0,0.19999999999999996,2,0.5377777777777777,1,2,2,0.5036888888888889,True,修复,supplement,False
2026-07-21,半导体,688141,杰华特,1.0,11:09,2520382146.0,0.19996505634664108,2,0.5377777777777777,0,2,3,0.49168888888888895,True,修复,supplement,False
2026-07-21,半导体,688728,格科微,1.0,11:17,1164043112.0,0.20028409090909083,2,0.5377777777777777,0,0,1,0.4703555555555556,True,修复,supplement,False
2026-07-21,半导体,002156,通富微电,1.0,13:01,13427595645.0,0.09999999999999987,2,0.5377777777777777,2,2,2,0.4623555555555556,False,修复,supplement,False
2026-07-21,半导体,688147,微导纳米,1.0,14:20,1284028788.0,0.19996185753790408,2,0.5377777777777777,0,0,6,0.4476888888888889,True,修复,supplement,False
2026-07-21,半导体,688002,睿创微纳,1.0,11:17,4332885417.0,0.1999840713603056,2,0.5377777777777777,0,0,1,0.44635555555555556,True,修复,supplement,False
2026-07-21,半导体,002008,大族激光,1.0,11:04,4993790008.625,0.09997819450501533,2,0.5377777777777777,1,1,3,0.44502222222222226,False,修复,supplement,False
2026-07-21,半导体,688596,正帆科技,1.0,11:28,2000692674.0,0.20004780114722753,2,0.5377777777777777,0,0,0,0.4423555555555556,True,修复,supplement,False
2026-07-21,半导体,002371,北方华创,1.0,10:37,10585799840.75,0.0999985226987341,2,0.5377777777777777,0,0,2,0.43968888888888896,False,修复,supplement,False
2026-07-21,半导体,688809,强一股份,1.0,13:01,1342253139.0,0.19999441356386694,2,0.5377777777777777,2,2,2,0.43968888888888885,True,修复,supplement,False
2026-07-21,半导体,688729,屹唐股份,1.0,13:01,2151463686.0,0.19983851433185307,2,0.5377777777777777,2,2,2,0.42635555555555554,True,修复,supplement,False
2026-07-21,半导体,688261,东微半导,1.0,13:03,798975497.0,0.20003342245989297,2,0.5377777777777777,1,1,1,0.4223555555555556,True,修复,supplement,False
2026-07-21,半导体,600641,先导基电,1.0,14:08,3494916463.0,0.0998617829993087,2,0.5377777777777777,1,1,3,0.41568888888888894,False,修复,supplement,False
2026-07-21,半导体,603773,沃格光电,1.0,14:37,2013768893.0,0.10006497725795982,2,0.5377777777777777,1,2,2,0.41435555555555564,False,修复,supplement,False
2026-07-21,半导体,301369,联动科技,1.0,14:13,715201446.84375,0.19999999999999973,2,0.5377777777777777,0,2,2,0.41035555555555564,True,修复,supplement,False
2026-07-21,半导体,688120,华海清科,1.0,14:43,5423931349.0,0.1999824538316446,2,0.5377777777777777,0,0,0,0.41035555555555564,True,修复,supplement,False
2026-07-21,半导体,603516,淳中科技,1.0,09:32,957705367.0,0.09998792416374824,2,0.5377777777777777,0,0,0,0.40635555555555564,False,修复,supplement,False
2026-07-21,半导体,688001,华兴源创,1.0,14:39,982788643.0,0.19999999999999996,2,0.5377777777777777,1,1,1,0.40502222222222223,True,修复,supplement,False
2026-07-21,半导体,603061,金海通,1.0,10:57,1198040281.0,0.10000706514059621,2,0.5377777777777777,0,1,4,0.4023555555555556,False,修复,supplement,False
2026-07-21,半导体,688371,菲沃泰,1.0,13:58,389828842.0,0.19991251093613305,2,0.5377777777777777,0,2,3,0.39835555555555563,True,修复,supplement,False
2026-07-21,半导体,603005,晶方科技,1.0,13:01,1970211170.0,0.09989373007438895,2,0.5377777777777777,2,2,2,0.3503555555555556,False,修复,supplement,False
2026-07-21,半导体,603929,亚翔集成,1.0,13:05,1378952912.0,0.10001945903872356,2,0.5377777777777777,0,0,0,0.31168888888888896,False,修复,supplement,False
2026-07-21,通信,000889,中嘉博创,2.0,09:35,257976098.0,0.10144927536231862,3,0.5319444444444443,1,1,1,0.6471709401709402,False,修复,theme_leader,False
2026-07-21,通信,002036,联创电子,2.0,09:37,303292429.6503906,0.10076335877862608,3,0.5319444444444443,0,0,0,0.6164017094017095,False,修复,supplement,False
2026-07-21,通信,300814,中富电路,1.0,14:08,1399440146.5,0.19996504107673485,3,0.5319444444444443,1,1,1,0.46409401709401715,True,修复,supplement,False
2026-07-21,通信,688003,天准科技,1.0,13:49,681116725.0,0.1999699067108036,3,0.5319444444444443,0,0,1,0.4425555555555556,True,修复,supplement,False
2026-07-21,通信,688001,华兴源创,1.0,14:39,982788643.0,0.19999999999999996,3,0.5319444444444443,0,0,0,0.4425555555555556,True,修复,supplement,False
2026-07-21,通信,301310,鑫宏业,1.0,11:28,528614525.4350586,0.20003746019853885,3,0.5319444444444443,0,0,0,0.4210170940170941,True,修复,supplement,False
2026-07-21,通信,603256,宏和科技,1.0,11:08,2144931111.0,0.10003466204506073,3,0.5319444444444443,0,0,1,0.42101709401709403,False,修复,supplement,False
2026-07-21,通信,600183,生益科技,1.0,14:33,11505130457.0,0.09996756932057704,3,0.5319444444444443,0,1,1,0.41794017094017094,False,修复,supplement,False
2026-07-21,通信,603118,共进股份,1.0,10:26,1852146245.0,0.10022107590272666,3,0.5319444444444443,0,0,0,0.3994786324786325,False,修复,supplement,False
2026-07-21,通信,301282,金禄电子,1.0,13:42,277392001.50683594,0.19988479262672798,3,0.5319444444444443,0,1,1,0.3748632478632479,True,修复,supplement,False
2026-07-21,通信,600330,天通股份,1.0,13:03,1757421589.0,0.10005750431282334,3,0.5319444444444443,0,0,0,0.37178632478632484,False,修复,supplement,False
2026-07-21,通信,603306,华懋科技,1.0,14:10,1512876988.0,0.09995329285380672,3,0.5319444444444443,0,0,0,0.3133247863247864,False,修复,supplement,False
2026-07-21,通信,002745,木林森,1.0,11:05,944682047.0,0.09969788519637457,3,0.5319444444444443,1,1,1,0.30101709401709403,False,修复,supplement,False
2026-07-21,存储芯片,688347,华虹宏力,1.0,14:36,12877385762.0,0.2000120670930372,4,0.4794444444444445,0,0,0,0.5354984126984127,True,修复,theme_leader,False
2026-07-21,存储芯片,600667,太极实业,1.0,14:34,5580862896.0,0.10019775873434411,4,0.4794444444444445,1,1,1,0.47835555555555553,False,修复,follower,False
2026-07-21,存储芯片,002409,雅克科技,1.0,13:50,5945087665.8125,0.10000000000000009,4,0.4794444444444445,0,0,1,0.4440698412698413,False,修复,follower,False
2026-07-21,存储芯片,603986,兆易创新,1.0,14:05,33087873643.0,0.09999999999999987,4,0.4794444444444445,0,0,0,0.4440698412698413,False,修复,capacity_core,False
2026-07-21,存储芯片,600206,有研新材,1.0,14:34,4278407512.0,0.10008363534987463,4,0.4794444444444445,1,1,1,0.42692698412698415,False,修复,follower,False
2026-07-21,存储芯片,000021,深科技,1.0,13:01,6584954653.25,0.09988616960728502,4,0.4794444444444445,0,0,0,0.3412126984126984,False,修复,follower,False
2026-07-21,存储芯片,002213,大为股份,1.0,11:08,385448054.4921875,0.09991197183098599,4,0.4794444444444445,0,0,0,0.2783555555555556,False,修复,follower,False
2026-07-21,氧化锆,300285,国瓷材料,1.0,11:04,6099772003.5,0.1999198717948718,5,0.4444444444444444,1,1,1,0.566984126984127,True,修复,theme_leader,False
2026-07-21,氧化锆,603407,长裕集团,1.0,09:31,314855528.0,0.10005642279480909,5,0.4444444444444444,0,0,0,0.5212698412698413,False,修复,follower,False
2026-07-21,氧化锆,002167,东方锆业,1.0,09:31,2398139017.375,0.09986945169712791,5,0.4444444444444444,0,0,0,0.5212698412698413,False,修复,follower,False
2026-07-21,氧化锆,002138,顺络电子,1.0,11:02,1667426059.328125,0.10005252100840334,5,0.4444444444444444,2,2,2,0.5041269841269841,False,修复,follower,False
2026-07-21,氧化锆,301580,爱迪特,1.0,13:01,769786048.53125,0.19999999999999996,5,0.4444444444444444,0,0,0,0.4641269841269841,True,修复,follower,False
2026-07-21,氧化锆,600552,凯盛科技,1.0,11:28,1316311249.0,0.09993155373032181,5,0.4444444444444444,0,0,0,0.3441269841269841,False,修复,follower,False
2026-07-21,氧化锆,603663,三祥新材,1.0,11:06,766360010.0,0.10005238344683076,5,0.4444444444444444,0,0,0,0.326984126984127,False,修复,follower,False
2026-07-21,非金属材料,300285,国瓷材料,1.0,11:04,6099772003.5,0.1999198717948718,6,0.4361111111111111,1,1,1,0.5673888888888889,True,修复,theme_leader,False
2026-07-21,非金属材料,603407,长裕集团,1.0,09:31,314855528.0,0.10005642279480909,6,0.4361111111111111,0,0,0,0.5223888888888889,False,修复,follower,False
2026-07-21,非金属材料,002167,东方锆业,1.0,09:31,2398139017.375,0.09986945169712791,6,0.4361111111111111,0,0,0,0.5173888888888889,False,修复,follower,False
2026-07-21,非金属材料,002138,顺络电子,1.0,11:02,1667426059.328125,0.10005252100840334,6,0.4361111111111111,2,2,2,0.5173888888888889,False,修复,follower,False
2026-07-21,非金属材料,301580,爱迪特,1.0,13:01,769786048.53125,0.19999999999999996,6,0.4361111111111111,0,0,0,0.45238888888888895,True,修复,follower,False
2026-07-21,非金属材料,003031,中瓷电子,1.0,14:06,1489147802.0,0.10000000000000009,6,0.4361111111111111,0,0,0,0.36738888888888893,False,修复,follower,False
2026-07-21,非金属材料,603663,三祥新材,1.0,11:06,766360010.0,0.10005238344683076,6,0.4361111111111111,0,0,0,0.33238888888888896,False,修复,follower,False
2026-07-21,非金属材料,600552,凯盛科技,1.0,11:28,1316311249.0,0.09993155373032181,6,0.4361111111111111,0,0,0,0.32238888888888895,False,修复,follower,False
2026-07-21,地产,603221,爱丽家居,1.0,09:31,2925612.0,0.10041841004184082,7,0.3902777777777778,0,0,0,0.5512222222222224,False,修复,theme_leader,False
2026-07-21,地产,301588,美新科技,1.0,14:46,292487090.0625,0.2001442481067437,7,0.3902777777777778,0,0,0,0.5272222222222223,True,修复,elastic_core,False
2026-07-21,地产,605318,法狮龙,1.0,13:02,221627397.0,0.10000000000000009,7,0.3902777777777778,0,0,0,0.4152222222222222,False,修复,follower,False
2026-07-21,地产,600641,先导基电,1.0,14:08,3494916463.0,0.0998617829993087,7,0.3902777777777778,0,0,0,0.3992222222222222,False,修复,capacity_core,False
2026-07-21,地产,600846,同济科技,1.0,11:05,100876393.0,0.09990662931839389,7,0.3902777777777778,0,0,0,0.34322222222222226,False,修复,follower,False
2026-07-21,机器人,002245,蔚蓝锂芯,1.0,11:26,1659292220.0625,0.10025542784163477,8,0.3277777777777777,1,1,1,0.5337222222222223,False,修复,theme_leader,False
2026-07-21,机器人,301310,鑫宏业,1.0,11:28,528614525.4350586,0.20003746019853885,8,0.3277777777777777,0,0,0,0.5037222222222223,True,修复,elastic_core,False
2026-07-21,机器人,688003,天准科技,1.0,13:49,681116725.0,0.1999699067108036,8,0.3277777777777777,0,0,0,0.49872222222222223,True,修复,follower,False
2026-07-21,机器人,003033,征和工业,1.0,13:44,199299086.0,0.10006529546196541,8,0.3277777777777777,1,1,1,0.4087222222222222,False,修复,follower,False
2026-07-21,机器人,605133,嵘泰股份,1.0,14:53,485424570.0,0.10004257130693928,8,0.3277777777777777,0,0,0,0.38372222222222224,False,修复,follower,False
2026-07-21,机器人,002448,中原内配,1.0,14:22,381957403.0,0.09959349593495936,8,0.3277777777777777,0,0,0,0.2887222222222222,False,修复,follower,False
2026-07-21,机器人,603192,汇得科技,1.0,10:53,82993652.0,0.10000000000000009,8,0.3277777777777777,0,0,0,0.27872222222222226,False,修复,follower,False
2026-07-21,机器人,605288,凯迪股份,1.0,13:03,83733798.0,0.09996378123868177,8,0.3277777777777777,0,0,0,0.27372222222222226,False,修复,follower,False
2026-07-21,印制电路板,300814,中富电路,1.0,14:08,1399440146.5,0.19996504107673485,9,0.3194444444444444,0,0,0,0.5222222222222223,True,修复,theme_leader,False
2026-07-21,印制电路板,001389,广合科技,1.0,13:01,2126110585.25,0.10002524296352377,9,0.3194444444444444,1,1,1,0.5222222222222221,False,修复,capacity_core,False
2026-07-21,印制电路板,301282,金禄电子,1.0,13:42,277392001.50683594,0.19988479262672798,9,0.3194444444444444,0,0,0,0.3822222222222223,True,修复,follower,False
2026-07-21,印制电路板,603124,江南新材,1.0,11:09,525956682.0,0.10000000000000009,9,0.3194444444444444,0,0,0,0.36888888888888893,False,修复,follower,False
2026-07-21,印制电路板,002745,木林森,1.0,11:05,944682047.0,0.09969788519637457,9,0.3194444444444444,1,1,1,0.3688888888888889,False,修复,follower,False
2026-07-21,印制电路板,002913,奥士康,1.0,13:04,345654782.296875,0.09994834710743805,9,0.3194444444444444,0,0,0,0.30888888888888894,False,修复,follower,False
2026-07-22,算力硬件,000815,美利云,3.0,09:31,1447900947.953125,0.10027285129604357,1,0.725625,1,1,3,0.8660500000000001,False,退潮,theme_leader,True
2026-07-22,算力硬件,002879,长缆科技,2.0,09:33,448910906.078125,0.10029498525073732,1,0.725625,0,0,2,0.7180500000000001,False,退潮,switch_pioneer,False
2026-07-22,算力硬件,002197,证通电子,2.0,09:31,135479011.66503906,0.09936908517350163,1,0.725625,1,1,3,0.6060500000000001,False,退潮,switch_pioneer,False
2026-07-22,算力硬件,300688,创业黑马,1.0,09:49,553300259.25,0.20009596928982742,1,0.725625,0,0,0,0.5980500000000001,True,退潮,switch_pioneer,False
2026-07-22,算力硬件,603296,华勤技术,1.0,09:46,2418468356.0,0.10000000000000009,1,0.725625,1,1,1,0.5820500000000002,False,退潮,switch_pioneer,False
2026-07-22,电力电网,001258,立新能源,5.0,09:33,663233518.328125,0.09990009990009985,2,0.6428124999999999,1,2,2,0.731425,False,退潮,theme_leader,False
2026-07-22,电力电网,600396,华电辽能,1.0,10:16,3552209730.0,0.10029498525073732,2,0.6428124999999999,0,0,1,0.5536472222222222,False,退潮,switch_pioneer,False
2026-07-22,电力电网,600744,华银电力,4.0,14:08,2900445367.0,0.09972299168975085,2,0.6428124999999999,1,1,1,0.5269805555555556,False,退潮,follower,False
2026-07-22,电力电网,605162,新中港,1.0,09:42,76520873.0,0.1002865329512892,2,0.6428124999999999,0,0,0,0.5269805555555556,False,退潮,switch_pioneer,False
2026-07-22,电力电网,605028,世茂能源,1.0,09:38,59489555.0,0.10022573363431153,2,0.6428124999999999,1,1,1,0.5269805555555556,False,退潮,switch_pioneer,False
2026-07-22,电力电网,002953,日丰股份,1.0,10:07,169831662.796875,0.10044642857142838,2,0.6428124999999999,0,1,1,0.4692027777777778,False,退潮,switch_pioneer,False
2026-07-22,电力电网,600726,华电能源,1.0,14:10,2421314943.0,0.09999999999999987,2,0.6428124999999999,0,0,0,0.41142500000000004,False,退潮,switch_pioneer,False
2026-07-22,电力电网,605196,华通线缆,1.0,10:35,750409957.0,0.0998515219005196,2,0.6428124999999999,0,0,0,0.331425,False,退潮,switch_pioneer,False
2026-07-22,电力电网,600644,乐山电力,1.0,14:48,899784863.0,0.09958506224066377,2,0.6428124999999999,0,0,0,0.3047583333333333,False,退潮,switch_pioneer,False
2026-07-22,资源有色,000603,盛达资源,2.0,09:51,920227088.25,0.09990253411306038,3,0.5303125,1,1,1,0.7024250000000001,False,退潮,theme_leader,False
2026-07-22,资源有色,000975,山金国际,1.0,09:56,2073040793.59375,0.10014655593551547,3,0.5303125,0,0,0,0.7024250000000001,False,退潮,switch_pioneer,False
2026-07-22,资源有色,603988,中电电机,1.0,13:10,210885417.0,0.10007047216349552,3,0.5303125,0,0,0,0.372425,False,退潮,switch_pioneer,False
2026-07-22,资源有色,000506,招金黄金,1.0,11:23,1089691286.0,0.09966216216216206,3,0.5303125,0,0,0,0.352425,False,退潮,switch_pioneer,False
2026-07-22,国有企业,000815,美利云,3.0,09:31,1447900947.953125,0.10027285129604357,4,0.48281250000000003,0,0,0,0.7719583333333334,False,退潮,theme_leader,False
2026-07-22,国有企业,600722,金牛化工,1.0,09:58,1329859114.0,0.09988901220865709,4,0.48281250000000003,0,0,0,0.5119583333333334,False,退潮,follower,False
2026-07-22,国有企业,600403,大有能源,1.0,10:44,813834514.0,0.10038610038610041,4,0.48281250000000003,0,0,0,0.4319583333333334,False,退潮,follower,False
2026-07-22,地产,603221,爱丽家居,2.0,09:31,1443936.0,0.09980988593155904,5,0.4328125,0,0,0,0.8346250000000001,False,退潮,theme_leader,False
2026-07-22,医药,002793,罗欣药业,1.0,09:43,211419764.4453125,0.10022271714922049,6,0.365625,0,2,2,0.7059166666666667,False,退潮,theme_leader,False
2026-07-22,医药,301234,五洲医疗,1.0,09:31,21974880.0,0.19999999999999996,6,0.365625,1,1,3,0.69925,True,退潮,elastic_core,False
2026-07-22,医药,002900,哈三联,1.0,09:36,98234760.0,0.10000000000000009,6,0.365625,0,1,3,0.6425833333333334,False,退潮,follower,False
2026-07-22,医药,000566,海南海药,1.0,09:53,719071645.625,0.09915611814345993,6,0.365625,0,0,0,0.57925,False,退潮,capacity_core,False
2026-07-22,医药,600594,益佰制药,1.0,09:51,110852978.0,0.09876543209876543,6,0.365625,1,1,1,0.5059166666666666,False,退潮,follower,False
2026-07-22,医药,002412,汉森制药,1.0,10:56,247807564.15625,0.10000000000000009,6,0.365625,0,0,0,0.44258333333333333,False,退潮,follower,False
2026-07-22,交换机,603118,共进股份,2.0,09:32,1813065138.0,0.09979906229068991,7,0.34687499999999993,0,0,0,0.7277500000000001,False,退潮,theme_leader,False
2026-07-22,交换机,603803,瑞斯康达,1.0,10:27,222154564.0,0.10054644808743163,7,0.34687499999999993,0,0,0,0.44775000000000004,False,退潮,follower,False
2026-07-22,化工,300779,惠城环保,1.0,10:19,1727202683.6523438,0.19999999999999996,8,0.328125,0,0,0,0.50625,True,退潮,theme_leader,False
2026-07-22,化工,300834,星辉环材,1.0,11:12,221871275.05078125,0.20012606366214936,8,0.328125,0,0,0,0.46625000000000005,True,退潮,follower,False
2026-07-22,化工,002545,东方铁塔,1.0,10:48,546889081.5,0.10012135922330079,8,0.328125,0,0,0,0.38625,False,退潮,follower,False
2026-07-23,算力硬件,002197,证通电子,3.0,09:32,817002307.75,0.10043041606886649,1,0.6624999999999999,3,3,3,0.8615714285714287,False,修复,theme_leader,True
2026-07-23,算力硬件,000815,美利云,4.0,09:36,2101806926.6015625,0.09981401115933042,1,0.6624999999999999,1,1,1,0.7215714285714288,False,修复,capacity_core,False
2026-07-23,算力硬件,002879,长缆科技,3.0,09:34,420753293.0,0.09986595174262747,1,0.6624999999999999,2,2,2,0.6615714285714285,False,修复,follower,False
2026-07-23,算力硬件,002229,鸿博股份,1.0,09:37,240441076.0,0.10010649627263035,1,0.6624999999999999,0,0,0,0.47300000000000003,False,修复,supplement,False
2026-07-23,算力硬件,300214,日科化学,1.0,11:24,482493252.0,0.19999999999999996,1,0.6624999999999999,0,0,0,0.46728571428571436,True,修复,supplement,False
2026-07-23,算力硬件,002358,森源电气,1.0,13:38,255931783.5,0.10000000000000009,1,0.6624999999999999,0,0,1,0.34728571428571425,False,修复,supplement,False
2026-07-23,算力硬件,600449,宁夏建材,1.0,13:56,120623439.0,0.10026857654431498,1,0.6624999999999999,0,0,0,0.3187142857142857,False,修复,supplement,False
2026-07-23,电力电网,001258,立新能源,6.0,09:31,1270567214.0,0.09990917347865569,2,0.6612499999999999,2,3,4,0.8049000000000001,False,修复,theme_leader,False
2026-07-23,电力电网,605162,新中港,2.0,09:32,114023397.0,0.10026041666666652,2,0.6612499999999999,1,2,3,0.7559,False,修复,supplement,False
2026-07-23,电力电网,000533,顺钠股份,1.0,09:40,243846219.3203125,0.10012674271229405,2,0.6612499999999999,1,1,2,0.5909,False,修复,supplement,False
2026-07-23,电力电网,002339,积成电子,1.0,09:34,304396339.75,0.09999999999999987,2,0.6612499999999999,0,2,2,0.5619,False,修复,supplement,False
2026-07-23,电力电网,000862,银星能源,1.0,13:35,460882903.125,0.1003717472118959,2,0.6612499999999999,1,1,2,0.5509,False,修复,supplement,False
2026-07-23,电力电网,002298,中电鑫龙,1.0,09:44,213590043.4404297,0.1001494768310911,2,0.6612499999999999,0,0,1,0.5449,False,修复,supplement,False
2026-07-23,电力电网,600396,华电辽能,2.0,13:54,5352355382.0,0.09986595174262747,2,0.6612499999999999,0,0,1,0.5419,False,修复,supplement,False
2026-07-23,电力电网,001382,新亚电缆,1.0,09:55,107411511.3125,0.1002656042496679,2,0.6612499999999999,0,0,0,0.5049,False,修复,supplement,False
2026-07-23,电力电网,300444,双杰电气,1.0,13:04,944382045.5,0.19999999999999996,2,0.6612499999999999,0,0,0,0.5049,True,修复,supplement,False
2026-07-23,电力电网,000155,川能动力,1.0,11:30,973416546.0,0.10026857654431498,2,0.6612499999999999,0,0,0,0.48290000000000005,False,修复,supplement,False
2026-07-23,电力电网,300141,和顺电气,1.0,13:38,181487967.375,0.20000000000000018,2,0.6612499999999999,0,0,1,0.46690000000000004,True,修复,supplement,False
2026-07-23,电力电网,001388,信通电子,1.0,14:40,408115702.671875,0.10023094688221712,2,0.6612499999999999,1,1,1,0.4429,False,修复,supplement,False
2026-07-23,电力电网,600550,保变电气,1.0,10:20,703789457.0,0.10009442870632679,2,0.6612499999999999,0,0,0,0.39690000000000003,False,修复,supplement,False
2026-07-23,电力电网,001208,华菱线缆,1.0,10:20,292657280.875,0.10024252223120445,2,0.6612499999999999,0,0,0,0.3889,False,修复,supplement,False
2026-07-23,电力电网,600173,卧龙新能,1.0,10:49,127635608.0,0.10035842293906794,2,0.6612499999999999,0,0,0,0.3889,False,修复,supplement,False
2026-07-23,电力电网,600268,国电南自,1.0,14:11,539003760.0,0.10000000000000009,2,0.6612499999999999,0,0,0,0.37390000000000007,False,修复,supplement,False
2026-07-23,电力电网,603861,白云电器,1.0,14:41,242282769.0,0.09999999999999987,2,0.6612499999999999,0,0,0,0.29790000000000005,False,修复,supplement,False
2026-07-23,电力电网,002451,摩恩电气,1.0,13:04,121605610.0,0.10000000000000009,2,0.6612499999999999,0,0,0,0.28590000000000004,False,修复,supplement,False
2026-07-23,电力电网,002560,通达股份,1.0,13:04,324349081.3496094,0.09963099630996308,2,0.6612499999999999,0,0,0,0.28490000000000004,False,修复,supplement,False
2026-07-23,电力电网,002775,文科股份,1.0,11:15,85509245.625,0.09968847352024923,2,0.6612499999999999,0,0,1,0.2469,False,修复,supplement,False
2026-07-23,并购重组,301234,五洲医疗,2.0,09:31,21268224.0,0.20000000000000018,3,0.50375,1,1,2,0.7683,True,修复,theme_leader,False
2026-07-23,并购重组,603221,爱丽家居,3.0,09:31,2389421.0,0.10025929127052713,3,0.50375,1,1,2,0.7123,False,修复,follower,False
2026-07-23,并购重组,003001,中岩大地,1.0,09:50,502435516.7265625,0.1002967359050444,3,0.50375,0,0,0,0.6003000000000001,False,修复,supplement,False
2026-07-23,并购重组,600962,国投中鲁,1.0,09:32,61616843.0,0.09999999999999987,3,0.50375,0,0,1,0.4883,False,修复,supplement,False
2026-07-23,并购重组,002674,兴业科技,1.0,14:55,532003660.78125,0.10014873574615768,3,0.50375,0,0,0,0.39230000000000004,False,修复,supplement,False
2026-07-23,地产,603221,爱丽家居,3.0,09:31,2389421.0,0.10025929127052713,4,0.5025000000000001,1,1,2,0.7535333333333334,False,修复,theme_leader,False
2026-07-23,地产,002774,快意电梯,1.0,09:46,147861250.5,0.1003257328990228,4,0.5025000000000001,0,1,1,0.6868666666666667,False,修复,follower,False
2026-07-23,地产,000608,阳光股份,1.0,09:55,247145525.91992188,0.09931506849315075,4,0.5025000000000001,0,0,0,0.5668666666666667,False,修复,capacity_core,False
2026-07-23,地产,000011,深物业A,1.0,09:34,95190065.36132812,0.09956076134699843,4,0.5025000000000001,0,0,1,0.5335333333333333,False,修复,follower,False
2026-07-23,地产,603488,展鹏科技,1.0,13:34,98539062.0,0.09985734664764623,4,0.5025000000000001,0,0,0,0.39353333333333335,False,修复,follower,False
2026-07-23,地产,002596,海南瑞泽,1.0,14:42,164969764.0,0.09926470588235303,4,0.5025000000000001,0,0,0,0.34686666666666666,False,修复,follower,False
2026-07-23,电气设备,002879,长缆科技,3.0,09:34,420753293.0,0.09986595174262747,5,0.4512500000000001,0,0,2,0.7347666666666668,False,修复,theme_leader,False
2026-07-23,电气设备,002498,汉缆股份,1.0,09:50,439663062.1875,0.1005586592178771,5,0.4512500000000001,2,2,2,0.7121000000000001,False,修复,follower,False
2026-07-23,电气设备,300062,中能电气,1.0,09:54,318737077.75,0.2003780718336483,5,0.4512500000000001,1,1,1,0.6721000000000001,True,修复,elastic_core,False
2026-07-23,电气设备,002606,大连电瓷,1.0,13:36,506778647.8125,0.10024252223120445,5,0.4512500000000001,1,1,1,0.4761,False,修复,capacity_core,False
2026-07-23,电气设备,300510,金冠股份,1.0,14:53,343554868.390625,0.20000000000000018,5,0.4512500000000001,0,0,0,0.47343333333333343,True,修复,follower,False
2026-07-23,电气设备,001382,新亚电缆,1.0,09:55,107411511.3125,0.1002656042496679,5,0.4512500000000001,0,0,0,0.46676666666666666,False,修复,follower,False
2026-07-23,电气设备,002300,太阳电缆,1.0,10:20,193780700.33789062,0.10068259385665534,5,0.4512500000000001,1,1,2,0.45876666666666677,False,修复,follower,False
2026-07-23,电气设备,001208,华菱线缆,1.0,10:20,292657280.875,0.10024252223120445,5,0.4512500000000001,1,1,2,0.44143333333333334,False,修复,follower,False
2026-07-23,电气设备,002546,新联电子,1.0,13:10,369419630.625,0.10040160642570295,5,0.4512500000000001,0,0,0,0.43743333333333334,False,修复,follower,False
2026-07-23,电气设备,002112,三变科技,1.0,10:17,244138158.59375,0.10000000000000009,5,0.4512500000000001,3,3,4,0.42410000000000003,False,修复,follower,False
2026-07-23,电气设备,300141,和顺电气,1.0,13:38,181487967.375,0.20000000000000018,5,0.4512500000000001,0,0,0,0.3881000000000001,True,修复,follower,False
2026-07-23,电气设备,002560,通达股份,1.0,13:04,324349081.3496094,0.09963099630996308,5,0.4512500000000001,0,1,1,0.3494333333333333,False,修复,follower,False
2026-07-23,电气设备,603191,望变电气,1.0,10:21,229329003.0,0.10016420361247946,5,0.4512500000000001,0,0,1,0.3361,False,修复,follower,False
2026-07-23,电气设备,603050,科林电气,1.0,14:28,161992070.0,0.10017678255745444,5,0.4512500000000001,0,0,0,0.27743333333333337,False,修复,follower,False
2026-07-23,电气设备,600468,百利电气,1.0,10:32,235584041.0,0.0992063492063493,5,0.4512500000000001,0,0,0,0.25343333333333334,False,修复,follower,False
2026-07-23,机器人,605189,富春染织,1.0,09:54,265647131.0,0.10036630036630023,6,0.37625000000000003,0,0,1,0.7501000000000001,False,修复,theme_leader,False
2026-07-23,机器人,002298,中电鑫龙,1.0,09:44,213590043.4404297,0.1001494768310911,6,0.37625000000000003,0,2,2,0.7386714285714285,False,修复,follower,False
2026-07-23,机器人,603956,威派格,1.0,09:50,90037955.0,0.09961685823754807,6,0.37625000000000003,1,1,2,0.5043857142857143,False,修复,follower,False
2026-07-23,机器人,603400,华之杰,1.0,10:08,168467412.0,0.10014771048744464,6,0.37625000000000003,0,0,0,0.44724285714285716,False,修复,follower,False
2026-07-23,机器人,605288,凯迪股份,1.0,14:42,115109049.0,0.10003258390355163,6,0.37625000000000003,0,0,1,0.41295714285714286,False,修复,follower,False
2026-07-23,机器人,603082,北自科技,1.0,14:18,149602861.0,0.09986859395532188,6,0.37625000000000003,0,0,0,0.36724285714285715,False,修复,follower,False
2026-07-23,机器人,603331,百达精工,1.0,14:54,89701069.0,0.09979838709677424,6,0.37625000000000003,0,0,0,0.2701,False,修复,follower,False
2026-07-23,化工,601678,滨化股份,1.0,09:33,813510904.0,0.10088495575221224,7,0.36374999999999996,0,0,0,0.7091000000000001,False,修复,theme_leader,False
2026-07-23,化工,600409,三友化工,1.0,13:04,340846058.0,0.10033444816053505,7,0.36374999999999996,0,0,2,0.5262428571428571,False,修复,follower,False
2026-07-23,化工,600844,金煤科技,1.0,11:18,300660139.0,0.10035842293906794,7,0.36374999999999996,0,0,0,0.4291,False,修复,follower,False
2026-07-23,化工,002165,红宝丽,1.0,11:02,512287014.0703125,0.09999999999999987,7,0.36374999999999996,0,0,1,0.39481428571428573,False,修复,follower,False
2026-07-23,化工,600230,沧州大化,1.0,14:44,263141338.0,0.1003262642740621,7,0.36374999999999996,0,0,0,0.3491,False,修复,follower,False
2026-07-23,化工,603727,博迈科,1.0,13:18,153495589.0,0.10031545741324921,7,0.36374999999999996,1,1,1,0.33767142857142857,False,修复,follower,False
2026-07-23,化工,600389,江山股份,1.0,13:23,328763537.0,0.10011376564277596,7,0.36374999999999996,0,0,0,0.33767142857142857,False,修复,follower,False
2026-07-23,股权转让,603988,中电电机,2.0,09:32,81910464.0,0.09993593850096105,8,0.33875000000000005,0,0,1,0.6971,False,修复,theme_leader,False
2026-07-23,股权转让,600379,宝光股份,1.0,09:50,142304506.0,0.1002865329512892,8,0.33875000000000005,0,0,1,0.6471000000000001,False,修复,follower,False
2026-07-23,股权转让,603567,珍宝岛,1.0,10:06,666676543.0,0.09983079526226724,8,0.33875000000000005,0,0,0,0.42710000000000004,False,修复,capacity_core,False
2026-07-23,股权转让,002596,海南瑞泽,1.0,14:42,164969764.0,0.09926470588235303,8,0.33875000000000005,0,0,0,0.3371,False,修复,follower,False
2026-07-23,变压器,000533,顺钠股份,1.0,09:40,243846219.3203125,0.10012674271229405,9,0.33125000000000004,0,0,0,0.5631666666666667,False,修复,theme_leader,False
2026-07-23,变压器,300444,双杰电气,1.0,13:04,944382045.5,0.19999999999999996,9,0.33125000000000004,0,0,0,0.5498333333333334,True,修复,capacity_core,False
2026-07-23,变压器,603191,望变电气,1.0,10:21,229329003.0,0.10016420361247946,9,0.33125000000000004,0,0,0,0.40983333333333344,False,修复,follower,False
2026-07-23,变压器,002112,三变科技,1.0,10:17,244138158.59375,0.10000000000000009,9,0.33125000000000004,1,1,1,0.4031666666666667,False,修复,follower,False
2026-07-23,变压器,002358,森源电气,1.0,13:38,255931783.5,0.10000000000000009,9,0.33125000000000004,0,0,0,0.3898333333333334,False,修复,follower,False
2026-07-23,变压器,002451,摩恩电气,1.0,13:04,121605610.0,0.10000000000000009,9,0.33125000000000004,0,0,0,0.28316666666666673,False,修复,follower,False
2026-07-23,军工,600343,航天动力,1.0,13:43,950305946.0,0.10011778563015317,10,0.29375000000000007,0,1,1,0.5515000000000001,False,修复,theme_leader,False
2026-07-23,军工,301357,北方长龙,1.0,13:50,564720362.8125,0.2000278009452321,10,0.29375000000000007,0,0,0,0.4875,True,修复,elastic_core,False
2026-07-23,军工,601606,长城军工,1.0,13:15,850417713.0,0.10003775009437543,10,0.29375000000000007,0,0,1,0.47950000000000004,False,修复,follower,False
2026-07-23,军工,603488,展鹏科技,1.0,13:34,98539062.0,0.09985734664764623,10,0.29375000000000007,0,1,2,0.3435,False,修复,follower,False
2026-07-23,军工,603082,北自科技,1.0,14:18,149602861.0,0.09986859395532188,10,0.29375000000000007,0,0,0,0.3355000000000001,False,修复,follower,False
2026-07-24,并购重组,601606,长城军工,2.0,09:36,954656215.0,0.09986273164035686,1,0.6819444444444444,2,2,3,0.8305555555555556,False,冰点,theme_leader,True
2026-07-24,并购重组,301234,五洲医疗,3.0,09:31,51369824.0,0.19995915032679745,1,0.6819444444444444,2,4,5,0.8185555555555557,True,冰点,elastic_core,False
2026-07-24,并购重组,603221,爱丽家居,4.0,09:31,13813800.0,0.09976433621366843,1,0.6819444444444444,2,4,5,0.7105555555555556,False,冰点,follower,False
2026-07-24,并购重组,600698,湖南天雁,2.0,09:39,456719324.0,0.09967845659163999,1,0.6819444444444444,1,2,2,0.6785555555555556,False,冰点,switch_pioneer,False
2026-07-24,并购重组,002265,建设工业,1.0,09:40,395112843.125,0.10011376564277596,1,0.6819444444444444,0,1,1,0.6145555555555556,False,冰点,switch_pioneer,False
2026-07-24,并购重组,002374,中锐股份,1.0,09:32,79526628.265625,0.0996441281138789,1,0.6819444444444444,1,3,4,0.5065555555555555,False,冰点,switch_pioneer,False
2026-07-24,并购重组,003001,中岩大地,2.0,10:02,709006340.2265625,0.09978425026968729,1,0.6819444444444444,0,0,0,0.49455555555555564,False,冰点,switch_pioneer,False
2026-07-24,并购重组,600178,东安动力,1.0,09:47,161445295.0,0.09953703703703698,1,0.6819444444444444,0,0,1,0.4385555555555555,False,冰点,switch_pioneer,False
2026-07-24,并购重组,605198,安德利,1.0,13:02,154591509.0,0.10008054772452701,1,0.6819444444444444,0,0,1,0.40255555555555556,False,冰点,switch_pioneer,False
2026-07-24,并购重组,600539,狮头股份,1.0,13:14,438161443.0,0.09982174688057066,1,0.6819444444444444,0,0,0,0.3705555555555555,False,冰点,switch_pioneer,False
2026-07-24,半导体,301234,五洲医疗,3.0,09:31,51369824.0,0.19995915032679745,2,0.5669444444444445,1,1,1,0.7203555555555557,True,冰点,theme_leader,False
2026-07-24,半导体,300480,光力科技,1.0,10:04,1024086296.4375,0.2001516300227446,2,0.5669444444444445,0,0,0,0.5453555555555556,True,冰点,switch_pioneer,False
2026-07-24,半导体,603690,至纯科技,1.0,09:36,423157220.0,0.10019455252918297,2,0.5669444444444445,0,0,0,0.5403555555555556,False,冰点,switch_pioneer,False
2026-07-24,半导体,603726,朗迪集团,1.0,10:00,337360829.0,0.09986801583809934,2,0.5669444444444445,1,1,1,0.4703555555555555,False,冰点,switch_pioneer,False
2026-07-24,半导体,000670,盈方微,1.0,14:06,342164620.1875,0.10069444444444442,2,0.5669444444444445,0,1,1,0.45535555555555557,False,冰点,switch_pioneer,False
2026-07-24,半导体,000417,合百集团,1.0,14:53,501174469.984375,0.10034602076124566,2,0.5669444444444445,0,0,0,0.45035555555555556,False,冰点,switch_pioneer,False
2026-07-24,半导体,603068,博通集成,1.0,10:31,376209410.0,0.1001485884101041,2,0.5669444444444445,0,0,0,0.3353555555555556,False,冰点,switch_pioneer,False
2026-07-24,半导体,002189,中光学,1.0,14:14,155890474.5,0.10023041474654382,2,0.5669444444444445,0,0,0,0.32535555555555556,False,冰点,switch_pioneer,False
2026-07-24,军工,601606,长城军工,2.0,09:36,954656215.0,0.09986273164035686,3,0.5627777777777778,2,2,2,0.7583555555555556,False,冰点,theme_leader,False
2026-07-24,军工,300414,中光防雷,1.0,09:35,144511474.88671875,0.2002129925452607,3,0.5627777777777778,3,3,3,0.6916888888888889,True,冰点,switch_pioneer,False
2026-07-24,军工,002303,美盈森,1.0,09:40,169559820.21875,0.10120481927710845,3,0.5627777777777778,0,0,0,0.5583555555555555,False,冰点,switch_pioneer,False
2026-07-24,军工,002265,建设工业,1.0,09:40,395112843.125,0.10011376564277596,3,0.5627777777777778,0,0,0,0.5183555555555556,False,冰点,switch_pioneer,False
2026-07-24,军工,688237,超卓航科,1.0,13:17,455187078.0,0.2000366703337002,3,0.5627777777777778,0,0,0,0.4850222222222223,True,冰点,switch_pioneer,False
2026-07-24,军工,002189,中光学,1.0,14:14,155890474.5,0.10023041474654382,3,0.5627777777777778,0,0,0,0.3383555555555556,False,冰点,switch_pioneer,False
2026-07-24,地产,603221,爱丽家居,4.0,09:31,13813800.0,0.09976433621366843,4,0.5527777777777777,1,1,1,0.6442222222222223,False,冰点,theme_leader,False
2026-07-24,地产,000011,深物业A,2.0,09:33,204303353.56396484,0.09986684420772307,4,0.5527777777777777,0,0,0,0.6375555555555557,False,冰点,capacity_core,False
2026-07-24,地产,000668,荣丰控股,2.0,13:09,113582812.625,0.10024906600249084,4,0.5527777777777777,0,0,0,0.4908888888888889,False,冰点,follower,False
2026-07-24,电气设备,002879,长缆科技,4.0,09:31,368888207.0,0.09993906154783683,5,0.46527777777777773,0,0,0,0.663888888888889,False,冰点,theme_leader,False
2026-07-24,电气设备,002300,太阳电缆,2.0,10:22,583682967.21875,0.10077519379844957,5,0.46527777777777773,0,0,0,0.5372222222222223,False,冰点,capacity_core,False
2026-07-24,电气设备,002498,汉缆股份,2.0,09:31,484764942.0,0.09983079526226724,5,0.46527777777777773,0,0,0,0.5105555555555557,False,冰点,follower,False
2026-07-24,数字经济,002374,中锐股份,1.0,09:32,79526628.265625,0.0996441281138789,6,0.36111111111111105,0,0,0,0.8288888888888889,False,冰点,theme_leader,False
2026-07-24,元器件,002012,凯恩股份,1.0,09:36,59789463.0,0.0998080614203456,7,0.35277777777777775,0,0,0,0.8282222222222223,False,冰点,theme_leader,False
2026-07-24,存储芯片,002208,合肥城建,1.0,09:54,907429590.9375,0.10032362459546929,8,0.34027777777777773,0,0,0,0.6572222222222224,False,冰点,theme_leader,False
2026-07-24,存储芯片,000670,盈方微,1.0,14:06,342164620.1875,0.10069444444444442,8,0.34027777777777773,0,0,0,0.5172222222222222,False,冰点,follower,False
2026-07-24,ST摘帽,000668,荣丰控股,2.0,13:09,113582812.625,0.10024906600249084,9,0.28611111111111115,0,0,0,0.6628888888888889,False,冰点,theme_leader,False
2026-07-27,电力电网,000533,顺钠股份,3.0,09:31,675427015.3085938,0.10052356020942388,1,0.63375,2,3,5,0.8667,False,修复,theme_leader,False
2026-07-27,电力电网,002309,中利集团,1.0,09:37,829346999.0,0.1007194244604317,1,0.63375,0,1,2,0.7347,False,修复,supplement,False
2026-07-27,电力电网,600617,国新能源,2.0,09:32,199782980.0,0.10029498525073732,1,0.63375,2,2,4,0.7307,False,修复,supplement,False
2026-07-27,电力电网,001258,立新能源,1.0,09:34,1162371674.3203125,0.09976976208749044,1,0.63375,1,1,3,0.6407,False,修复,supplement,False
2026-07-27,电力电网,002310,东方新能,1.0,09:46,382211730.2109375,0.10045662100456632,1,0.63375,1,1,1,0.5807,False,修复,supplement,False
2026-07-27,电力电网,000862,银星能源,1.0,10:16,548077862.625,0.1007194244604317,1,0.63375,0,1,1,0.4867000000000001,False,修复,supplement,False
2026-07-27,电力电网,002364,中恒电气,1.0,14:33,1530403859.375,0.10011001100110017,1,0.63375,1,1,1,0.43670000000000003,False,修复,supplement,False
2026-07-27,电力电网,002775,文科股份,1.0,09:50,70688474.45458984,0.09887005649717517,1,0.63375,0,0,0,0.3727000000000001,False,修复,supplement,False
2026-07-27,电力电网,002270,华明装备,1.0,14:36,686725985.5,0.10027700831024933,1,0.63375,0,0,0,0.3687000000000001,False,修复,supplement,False
2026-07-27,电力电网,603097,江苏华辰,1.0,10:22,145447062.0,0.1003257328990228,1,0.63375,0,0,0,0.32870000000000005,False,修复,supplement,False
2026-07-27,并购重组,301234,五洲医疗,4.0,09:31,729659082.5,0.19999999999999996,2,0.55625,1,1,2,0.8845000000000001,True,修复,theme_leader,True
2026-07-27,算力硬件,002879,长缆科技,5.0,09:38,962946803.3125,0.10027700831024933,2,0.55625,0,0,1,0.801423076923077,False,修复,theme_leader,False
2026-07-27,并购重组,603221,爱丽家居,5.0,09:31,8398005.0,0.10000000000000009,2,0.55625,1,1,2,0.7016428571428571,False,修复,follower,False
2026-07-27,算力硬件,002448,中原内配,1.0,09:32,199048525.0,0.10046082949308754,2,0.55625,1,2,2,0.6429615384615385,False,修复,supplement,False
2026-07-27,并购重组,301121,紫建电子,1.0,09:32,74092433.93945312,0.19985825655563438,2,0.55625,0,1,1,0.6045,True,修复,supplement,False
2026-07-27,算力硬件,002580,圣阳股份,1.0,09:31,189359080.0,0.09973924380704058,2,0.55625,2,3,3,0.5475769230769231,False,修复,supplement,False
2026-07-27,算力硬件,300214,日科化学,1.0,13:03,1031061521.6875,0.19983136593591921,2,0.55625,0,0,1,0.5445,True,修复,supplement,False
2026-07-27,并购重组,600962,国投中鲁,1.0,09:42,187370662.0,0.09986000933271111,2,0.55625,0,0,0,0.5245000000000001,False,修复,supplement,False
2026-07-27,算力硬件,002364,中恒电气,1.0,14:33,1530403859.375,0.10011001100110017,2,0.55625,0,1,1,0.5106538461538462,False,修复,supplement,False
2026-07-27,算力硬件,002051,中工国际,1.0,09:33,216045428.625,0.09963547995139743,2,0.55625,1,1,1,0.4768076923076923,False,修复,supplement,False
2026-07-27,算力硬件,301085,亚康股份,1.0,13:14,444980091.8125,0.19996098322278577,2,0.55625,0,0,0,0.47065384615384614,True,修复,supplement,False
2026-07-27,算力硬件,603989,艾华集团,1.0,14:25,698339572.0,0.09984756097560976,2,0.55625,0,1,2,0.4675769230769231,False,修复,supplement,False
2026-07-27,算力硬件,002484,江海股份,1.0,14:39,2725087237.0,0.1000157257430414,2,0.55625,0,0,0,0.4675769230769231,False,修复,supplement,False
2026-07-27,并购重组,603608,天创时尚,1.0,14:41,453360960.0,0.10011990407673865,2,0.55625,0,0,0,0.4445,False,修复,supplement,False
2026-07-27,算力硬件,002647,仁东控股,1.0,14:06,265200082.125,0.09987669543773126,2,0.55625,0,0,1,0.4060384615384615,False,修复,supplement,False
2026-07-27,算力硬件,603315,福鞍股份,1.0,09:55,90330038.0,0.09963436928702007,2,0.55625,0,0,0,0.3721923076923077,False,修复,supplement,False
2026-07-27,算力硬件,603906,龙蟠科技,1.0,10:35,451038221.0,0.09976798143851529,2,0.55625,0,0,0,0.3598846153846154,False,修复,supplement,False
2026-07-27,并购重组,603955,大千生态,1.0,10:17,51095958.0,0.0998227997637331,2,0.55625,1,1,1,0.30735714285714283,False,修复,supplement,False
2026-07-27,并购重组,600683,京投发展,1.0,10:22,141351407.0,0.0997340425531914,2,0.55625,0,0,0,0.2845,False,修复,supplement,False
2026-07-27,算力硬件,601789,宁波建工,1.0,11:30,185602713.0,0.09975062344139651,2,0.55625,0,0,0,0.2706538461538462,False,修复,supplement,False
2026-07-27,机器人,002448,中原内配,1.0,09:32,199048525.0,0.10046082949308754,4,0.525,0,0,2,0.7595000000000001,False,修复,theme_leader,False
2026-07-27,机器人,600376,首开股份,1.0,09:43,460643646.0,0.09969788519637457,4,0.525,1,1,3,0.6645000000000001,False,修复,capacity_core,False
2026-07-27,机器人,603358,华达科技,1.0,09:57,268752704.0,0.10016155088852985,4,0.525,0,0,1,0.6645000000000001,False,修复,follower,False
2026-07-27,机器人,605068,明新旭腾,1.0,09:44,40436824.0,0.10028449502133707,4,0.525,0,0,2,0.6095,False,修复,follower,False
2026-07-27,机器人,603657,春光科技,1.0,09:56,53834404.0,0.09984717269485488,4,0.525,1,1,2,0.5295000000000001,False,修复,follower,False
2026-07-27,机器人,002242,九阳股份,1.0,10:33,141459773.1875,0.1003717472118959,4,0.525,0,0,0,0.4545,False,修复,follower,False
2026-07-27,机器人,603082,北自科技,1.0,10:16,155583913.0,0.10000000000000009,4,0.525,0,0,1,0.4145,False,修复,follower,False
2026-07-27,机器人,605128,上海沿浦,1.0,13:47,120024628.0,0.10010060362173046,4,0.525,0,0,0,0.35950000000000004,False,修复,follower,False
2026-07-27,通信,603256,宏和科技,1.0,09:58,3478163952.0,0.10002058036633033,5,0.47000000000000003,1,1,1,0.7131555555555557,False,修复,theme_leader,False
2026-07-27,通信,001267,汇绿生态,1.0,09:48,695142934.0,0.10000000000000009,5,0.47000000000000003,0,2,3,0.7064888888888889,False,修复,follower,False
2026-07-27,通信,301526,国际复材,1.0,14:34,6471469076.0,0.19999999999999996,5,0.47000000000000003,1,1,2,0.6331555555555556,True,修复,capacity_core,False
2026-07-27,通信,603330,天洋新材,1.0,09:54,84938647.0,0.0998336106489186,5,0.47000000000000003,2,2,2,0.5353777777777777,False,修复,follower,False
2026-07-27,通信,002141,贤丰控股,1.0,09:59,1014337728.0,0.0998080614203456,5,0.47000000000000003,0,0,0,0.5042666666666666,False,修复,follower,False
2026-07-27,通信,002636,金安国纪,1.0,14:39,2400615522.125,0.10000000000000009,5,0.47000000000000003,0,0,1,0.5020444444444445,False,修复,follower,False
2026-07-27,通信,603110,东方材料,1.0,10:23,373984632.0,0.09983982915109446,5,0.47000000000000003,0,0,0,0.3531555555555556,False,修复,follower,False
2026-07-27,通信,001223,欧克科技,1.0,14:53,65961001.849609375,0.09992810927390372,5,0.47000000000000003,0,0,0,0.3220444444444445,False,修复,follower,False
2026-07-27,通信,002522,浙江众成,1.0,11:26,169539044.5625,0.09907834101382473,5,0.47000000000000003,0,0,0,0.2687111111111112,False,修复,follower,False
2026-07-27,脑机接口,002173,创新医疗,1.0,09:34,860721289.75,0.09994683678894223,6,0.39875000000000005,2,3,3,0.7176142857142858,False,修复,theme_leader,False
2026-07-27,脑机接口,300753,爱朋医疗,1.0,09:40,318775946.14990234,0.19989047097480817,6,0.39875000000000005,0,0,0,0.6204714285714286,True,修复,elastic_core,False
2026-07-27,脑机接口,000566,海南海药,1.0,09:35,442374641.0,0.09958506224066377,6,0.39875000000000005,2,2,2,0.5976142857142858,False,修复,follower,False
2026-07-27,脑机接口,603716,塞力医疗,1.0,09:36,213675592.0,0.10014727540500723,6,0.39875000000000005,1,1,1,0.5519000000000001,False,修复,follower,False
2026-07-27,脑机接口,600775,南京熊猫,1.0,10:19,342460173.0,0.10058479532163744,6,0.39875000000000005,0,1,1,0.4947571428571428,False,修复,follower,False
2026-07-27,脑机接口,002925,盈趣科技,1.0,10:27,387740870.0,0.10024096385542158,6,0.39875000000000005,0,0,0,0.44904285714285713,False,修复,follower,False
2026-07-27,脑机接口,603610,麒盛科技,1.0,13:54,138651632.0,0.09976057462090981,6,0.39875000000000005,0,0,0,0.2719,False,修复,follower,False
2026-07-27,印制电路板,603459,红板科技,1.0,10:14,1702935798.0,0.10001189202045424,7,0.38,0,1,1,0.5664,False,修复,theme_leader,False
2026-07-27,印制电路板,603228,景旺电子,1.0,14:34,4370012124.0,0.10000000000000009,7,0.38,0,0,1,0.5584000000000001,False,修复,capacity_core,False
2026-07-27,印制电路板,002141,贤丰控股,1.0,09:59,1014337728.0,0.0998080614203456,7,0.38,0,0,1,0.5344000000000001,False,修复,follower,False
2026-07-27,印制电路板,001223,欧克科技,1.0,14:53,65961001.849609375,0.09992810927390372,7,0.38,0,0,0,0.35040000000000004,False,修复,follower,False
2026-07-27,印制电路板,603110,东方材料,1.0,10:23,373984632.0,0.09983982915109446,7,0.38,0,0,0,0.34240000000000004,False,修复,follower,False
2026-07-27,实控人变更,002969,嘉美包装,1.0,09:38,208080529.93945312,0.0998080614203456,8,0.37250000000000005,1,1,1,0.7098000000000001,False,修复,theme_leader,False
2026-07-27,实控人变更,002235,安妮股份,1.0,09:42,191085696.0,0.10060975609756095,8,0.37250000000000005,0,0,0,0.6831333333333335,False,修复,follower,False
2026-07-27,电阻电容,000636,风华高科,1.0,09:56,5540606855.375,0.09995027349577335,8,0.37250000000000005,0,0,0,0.6131333333333334,False,修复,theme_leader,False
2026-07-27,实控人变更,000428,华天酒店,1.0,09:31,117270152.921875,0.09868421052631571,8,0.37250000000000005,0,1,2,0.5764666666666667,False,修复,follower,False
2026-07-27,电阻电容,605376,博迁新材,1.0,14:25,1973518529.0,0.10002175962863569,8,0.37250000000000005,0,0,1,0.5064666666666667,False,修复,follower,False
2026-07-27,电阻电容,603115,海星股份,1.0,13:09,752703819.0,0.10004466279589108,8,0.37250000000000005,0,0,0,0.4731333333333334,False,修复,follower,False
2026-07-27,电阻电容,002484,江海股份,1.0,14:39,2725087237.0,0.1000157257430414,8,0.37250000000000005,0,0,0,0.45980000000000004,False,修复,follower,False
2026-07-27,电阻电容,603989,艾华集团,1.0,14:25,698339572.0,0.09984756097560976,8,0.37250000000000005,0,0,1,0.3198,False,修复,follower,False
2026-07-27,电阻电容,603435,嘉德利,1.0,13:42,163923302.0,0.09993232573877742,8,0.37250000000000005,0,0,0,0.2864666666666667,False,修复,follower,False
2026-07-27,端侧AI,002292,奥飞娱乐,1.0,10:21,608525391.0,0.10070921985815606,10,0.30500000000000005,0,0,0,0.5194,False,修复,theme_leader,False
2026-07-27,端侧AI,000676,智度股份,1.0,10:46,828321759.6953125,0.10046367851622873,10,0.30500000000000005,0,0,0,0.5094000000000001,False,修复,capacity_core,False
2026-07-27,端侧AI,002969,嘉美包装,1.0,09:38,208080529.93945312,0.0998080614203456,10,0.30500000000000005,0,0,0,0.48940000000000006,False,修复,follower,False
2026-07-27,端侧AI,002577,雷柏科技,1.0,13:51,79040393.625,0.10018668326073432,10,0.30500000000000005,0,0,0,0.33940000000000003,False,修复,follower,False
2026-07-28,脑机接口,002173,创新医疗,2.0,09:31,843545721.625,0.10004833252779122,1,0.6804545454545453,2,3,4,0.8444363636363637,False,分歧/震荡,theme_leader,True
2026-07-28,脑机接口,000566,海南海药,2.0,09:32,463501943.859375,0.10000000000000009,1,0.6804545454545453,1,2,3,0.7311030303030304,False,分歧/震荡,supplement,False
2026-07-28,脑机接口,300663,科蓝软件,1.0,09:46,589802607.75,0.19946452476572984,1,0.6804545454545453,0,1,1,0.6311030303030304,True,分歧/震荡,supplement,False
2026-07-28,脑机接口,603716,塞力医疗,2.0,09:36,392219278.0,0.0997322623828647,1,0.6804545454545453,1,2,3,0.6044363636363637,False,分歧/震荡,supplement,False
2026-07-28,脑机接口,600775,南京熊猫,2.0,09:53,573581555.0,0.09989373007438895,1,0.6804545454545453,0,0,0,0.6044363636363637,False,分歧/震荡,supplement,False
2026-07-28,脑机接口,002195,岩山科技,1.0,09:40,1570675618.96875,0.0998389694041868,1,0.6804545454545453,0,1,2,0.5911030303030302,False,分歧/震荡,supplement,False
2026-07-28,半导体,301421,波长光电,1.0,09:31,370496445.171875,0.20005845389449073,2,0.5759090909090908,0,0,1,0.7432155844155844,True,分歧/震荡,theme_leader,False
2026-07-28,半导体,600895,张江高科,1.0,09:31,480597751.0,0.09992912827781719,2,0.5759090909090908,0,0,1,0.651787012987013,False,分歧/震荡,supplement,False
2026-07-28,半导体,600850,电科数字,1.0,09:49,274089224.0,0.10007199424046065,2,0.5759090909090908,0,0,0,0.651787012987013,False,分歧/震荡,supplement,False
2026-07-28,半导体,002338,奥普光电,1.0,09:31,151352947.32226562,0.10002545176889788,2,0.5759090909090908,0,0,1,0.6175012987012988,False,分歧/震荡,supplement,False
2026-07-28,半导体,603297,永新光学,1.0,09:31,191526118.0,0.09997835966241064,2,0.5759090909090908,0,0,1,0.611787012987013,False,分歧/震荡,supplement,False
2026-07-28,半导体,600619,海立股份,1.0,09:31,123391768.0,0.0998389694041868,2,0.5759090909090908,0,0,1,0.5089298701298701,False,分歧/震荡,supplement,False
2026-07-28,半导体,002889,东方嘉盛,1.0,09:31,46631320.552734375,0.09982174688057044,2,0.5759090909090908,0,0,1,0.4575012987012987,False,分歧/震荡,supplement,False
2026-07-28,化工,002388,新亚制程,3.0,09:35,569087111.0,0.10000000000000009,3,0.47727272727272724,0,0,0,0.7181818181818183,False,分歧/震荡,theme_leader,False
2026-07-28,化工,300067,安诺其,1.0,13:13,824878216.59375,0.20085470085470103,3,0.47727272727272724,0,0,0,0.5381818181818182,True,分歧/震荡,supplement,False
2026-07-28,化工,603980,吉华集团,1.0,13:10,235198351.0,0.09983079526226724,3,0.47727272727272724,1,1,1,0.33818181818181814,False,分歧/震荡,supplement,False
2026-07-28,实控人变更,002969,嘉美包装,2.0,09:32,408133910.3300781,0.10034904013961587,4,0.45909090909090905,0,0,0,0.8367272727272728,False,分歧/震荡,theme_leader,False
2026-07-28,AI应用,603716,塞力医疗,2.0,09:36,392219278.0,0.0997322623828647,5,0.4397727272727272,2,3,5,0.7351818181818183,False,分歧/震荡,theme_leader,False
2026-07-28,AI应用,002279,久其软件,1.0,09:47,290790497.234375,0.10034013605442182,5,0.4397727272727272,1,1,3,0.7151818181818183,False,分歧/震荡,follower,False
2026-07-28,AI应用,002195,岩山科技,1.0,09:40,1570675618.96875,0.0998389694041868,5,0.4397727272727272,1,2,3,0.6818484848484849,False,分歧/震荡,capacity_core,False
2026-07-28,AI应用,000948,南天信息,1.0,09:42,169717054.5078125,0.10007818608287744,5,0.4397727272727272,1,2,2,0.6018484848484849,False,分歧/震荡,follower,False
2026-07-28,AI应用,002642,荣联科技,1.0,09:39,139667510.6015625,0.10000000000000009,5,0.4397727272727272,2,3,4,0.5685151515151515,False,分歧/震荡,follower,False
2026-07-28,AI应用,002212,天融信,1.0,13:17,424234854.25,0.10091743119266061,5,0.4397727272727272,0,0,0,0.49518181818181817,False,分歧/震荡,follower,False
2026-07-28,AI应用,002995,天地在线,1.0,09:51,158085262.0,0.0998055735580039,5,0.4397727272727272,0,0,2,0.49184848484848487,False,分歧/震荡,follower,False
2026-07-28,AI应用,603232,格尔软件,1.0,10:05,268262169.0,0.10036363636363643,5,0.4397727272727272,0,0,0,0.4385151515151515,False,分歧/震荡,follower,False
2026-07-28,AI应用,600756,浪潮软件,1.0,10:37,632635774.0,0.10007147962830598,5,0.4397727272727272,0,0,0,0.4251818181818182,False,分歧/震荡,follower,False
2026-07-28,AI应用,603918,金桥信息,1.0,10:03,168829641.0,0.10031678986272441,5,0.4397727272727272,1,1,1,0.4051818181818182,False,分歧/震荡,follower,False
2026-07-28,AI应用,000779,甘咨询,1.0,15:00,913367922.375,0.09990574929311968,5,0.4397727272727272,0,0,0,0.4051818181818182,False,分歧/震荡,follower,False
2026-07-28,AI应用,000503,国新健康,1.0,13:02,253578742.9375,0.09969325153374231,5,0.4397727272727272,0,0,1,0.2985151515151515,False,分歧/震荡,follower,False
2026-07-28,算力硬件,000948,南天信息,1.0,09:42,169717054.5078125,0.10007818608287744,6,0.4395454545454546,0,1,1,0.7284969696969699,False,分歧/震荡,theme_leader,False
2026-07-28,算力硬件,600850,电科数字,1.0,09:49,274089224.0,0.10007199424046065,6,0.4395454545454546,0,0,0,0.6751636363636364,False,分歧/震荡,capacity_core,False
2026-07-28,算力硬件,002642,荣联科技,1.0,09:39,139667510.6015625,0.10000000000000009,6,0.4395454545454546,1,2,2,0.581830303030303,False,分歧/震荡,follower,False
2026-07-28,机器人,603358,华达科技,2.0,09:31,153950416.0,0.10014684287812048,7,0.43863636363636366,0,1,1,0.7084242424242425,False,分歧/震荡,theme_leader,False
2026-07-28,机器人,605068,明新旭腾,2.0,09:39,82345367.0,0.10019392372333535,7,0.43863636363636366,0,0,0,0.6817575757575758,False,分歧/震荡,follower,False
2026-07-28,机器人,603400,华之杰,1.0,14:34,316575765.0,0.1001283697047497,7,0.43863636363636366,0,0,0,0.3550909090909091,False,分歧/震荡,capacity_core,False
2026-07-28,消费,000428,华天酒店,2.0,09:34,112758429.0,0.0988023952095809,8,0.4361363636363636,0,0,0,0.5648909090909091,False,分歧/震荡,theme_leader,False
2026-07-28,消费,002847,盐津铺子,1.0,11:30,282214612.875,0.10010787486515649,8,0.4361363636363636,0,0,0,0.5348909090909091,False,分歧/震荡,capacity_core,False
2026-07-28,消费,600191,华资实业,1.0,10:06,199231039.0,0.10000000000000009,8,0.4361363636363636,1,1,1,0.4848909090909091,False,分歧/震荡,follower,False
2026-07-28,消费,605179,一鸣食品,1.0,10:11,125554264.0,0.09977324263038545,8,0.4361363636363636,0,0,0,0.3548909090909091,False,分歧/震荡,follower,False
2026-07-28,光刻胶,000859,国风新材,1.0,09:36,279124868.1875,0.10039113428943924,9,0.42954545454545456,1,1,1,0.6810303030303031,False,分歧/震荡,theme_leader,False
2026-07-28,光刻胶,001358,兴欣新材,2.0,09:36,70821331.0,0.10000000000000009,9,0.42954545454545456,1,1,1,0.6343636363636365,False,分歧/震荡,follower,False
2026-07-28,光刻胶,603928,兴业股份,1.0,09:38,347808541.0,0.10035842293906794,9,0.42954545454545456,0,0,0,0.6276969696969698,False,分歧/震荡,capacity_core,False
2026-07-28,华为概念,300663,科蓝软件,1.0,09:46,589802607.75,0.19946452476572984,10,0.4125,0,0,0,0.7396666666666668,True,分歧/震荡,theme_leader,False
2026-07-28,华为概念,002889,东方嘉盛,1.0,09:31,46631320.552734375,0.09982174688057044,10,0.4125,0,0,2,0.6463333333333333,False,分歧/震荡,follower,False
2026-07-28,华为概念,002387,维信诺,1.0,09:43,194258946.29492188,0.09935897435897445,10,0.4125,1,1,1,0.5930000000000001,False,分歧/震荡,follower,False
2026-07-28,汽车,603358,华达科技,2.0,09:31,153950416.0,0.10014684287812048,11,0.35113636363636364,0,0,1,0.8180909090909092,False,分歧/震荡,theme_leader,False
2026-07-28,汽车,600303,曙光股份,1.0,09:46,67513857.0,0.10162601626016254,11,0.35113636363636364,0,0,1,0.6480909090909092,False,分歧/震荡,follower,False
2026-07-28,汽车,600619,海立股份,1.0,09:31,123391768.0,0.0998389694041868,11,0.35113636363636364,0,0,1,0.5880909090909091,False,分歧/震荡,follower,False
2026-07-28,汽车,603917,合力科技,1.0,10:01,63892439.0,0.09971777986829711,11,0.35113636363636364,0,0,0,0.2580909090909091,False,分歧/震荡,follower,False
2026-07-29,消费,000428,华天酒店,3.0,09:31,175460973.12109375,0.10081743869209814,1,0.675625,2,2,7,0.9105205882352941,False,升温,theme_leader,True
2026-07-29,消费,300997,欢乐家,1.0,09:36,351587115.0,0.19999999999999996,1,0.675625,0,3,5,0.8164029411764707,True,升温,supplement,False
2026-07-29,消费,605179,一鸣食品,2.0,09:31,87804776.0,0.10034364261168394,1,0.675625,2,2,7,0.8046382352941178,False,升温,supplement,False
2026-07-29,消费,605337,李子园,1.0,09:48,89252533.0,0.1004514672686232,1,0.675625,1,1,4,0.6940500000000001,False,升温,supplement,False
2026-07-29,消费,605388,均瑶健康,1.0,09:34,49350424.0,0.10099009900990086,1,0.675625,1,4,6,0.6728735294117647,False,升温,supplement,False
2026-07-29,消费,603719,良品铺子,1.0,09:42,74643827.0,0.10011641443538988,1,0.675625,1,3,6,0.6211088235294119,False,升温,supplement,False
2026-07-29,消费,002286,保龄宝,1.0,09:49,146849390.75,0.09986504723346834,1,0.675625,0,0,3,0.6187558823529412,False,升温,supplement,False
2026-07-29,消费,605188,国光连锁,1.0,09:42,76137575.0,0.0999123575810692,1,0.675625,1,3,6,0.5834617647058824,False,升温,supplement,False
2026-07-29,消费,600419,天润乳业,1.0,10:00,146916118.0,0.09962640099626419,1,0.675625,2,2,3,0.5811088235294118,False,升温,supplement,False
2026-07-29,消费,603696,安记食品,1.0,09:43,85450723.0,0.09963436928702007,1,0.675625,1,2,5,0.545814705882353,False,升温,supplement,False
2026-07-29,消费,002956,西麦食品,1.0,13:03,194581441.14624023,0.10012062726176119,1,0.675625,0,0,1,0.4964029411764706,False,升温,supplement,False
2026-07-29,消费,600429,三元股份,1.0,13:17,164007011.0,0.10093896713615047,1,0.675625,0,0,0,0.47522647058823525,False,升温,supplement,False
2026-07-29,消费,002568,百润股份,1.0,10:01,359083230.765625,0.09994385176866927,1,0.675625,0,0,1,0.4681676470588235,False,升温,supplement,False
2026-07-29,消费,001318,阳光乳业,1.0,10:01,125666250.5,0.10009910802775024,1,0.675625,0,0,1,0.4164029411764706,False,升温,supplement,False
2026-07-29,消费,605016,百龙创园,1.0,11:14,173150571.0,0.09980430528375739,1,0.675625,0,0,0,0.35522647058823525,False,升温,supplement,False
2026-07-29,消费,603057,紫燕食品,1.0,11:13,69827044.0,0.09995100440960303,1,0.675625,1,1,1,0.3481676470588235,False,升温,supplement,False
2026-07-29,消费,605339,南侨食品,1.0,10:12,46490847.0,0.09966216216216206,1,0.675625,0,0,0,0.23052058823529414,False,升温,supplement,False
2026-07-29,机器人,605068,明新旭腾,3.0,09:31,104826997.0,0.099882491186839,2,0.64375,1,3,4,0.7143571428571429,False,升温,theme_leader,False
2026-07-29,机器人,301112,信邦智能,1.0,09:37,182160352.125,0.20000000000000018,2,0.64375,1,2,2,0.6800714285714285,True,升温,supplement,False
2026-07-29,机器人,002298,中电鑫龙,1.0,09:44,906954616.875,0.10037641154328725,2,0.64375,0,0,0,0.6629285714285714,False,升温,supplement,False
2026-07-29,机器人,002903,宇环数控,1.0,09:32,92452746.0,0.10021786492374729,2,0.64375,1,2,3,0.6172142857142857,False,升温,supplement,False
2026-07-29,机器人,603400,华之杰,2.0,14:31,385986151.0,0.10011668611435232,2,0.64375,0,0,1,0.5829285714285715,False,升温,supplement,False
2026-07-29,机器人,603178,圣龙股份,1.0,09:41,187738562.0,0.09986772486772488,2,0.64375,1,1,1,0.4915,False,升温,supplement,False
2026-07-29,机器人,002833,弘亚数控,1.0,14:45,225614097.9375,0.10006064281382665,2,0.64375,0,0,0,0.37150000000000005,False,升温,supplement,False
2026-07-29,AI应用,002212,天融信,2.0,09:31,494175284.703125,0.09999999999999987,3,0.5437500000000001,0,2,2,0.7334999999999999,False,升温,theme_leader,False
2026-07-29,AI应用,300359,全通教育,1.0,09:40,198626134.90625,0.20054200542005418,3,0.5437500000000001,1,1,1,0.6635000000000001,True,升温,supplement,False
2026-07-29,AI应用,002607,中公教育,1.0,09:41,615829751.484375,0.10052910052910069,3,0.5437500000000001,0,0,0,0.6535000000000001,False,升温,supplement,False
2026-07-29,AI应用,000892,欢瑞世纪,1.0,09:31,168795286.0,0.10031347962382431,3,0.5437500000000001,0,2,2,0.5635,False,升温,supplement,False
2026-07-29,零售,600693,东百集团,2.0,09:32,1085318350.0,0.09988385598141702,4,0.4864583333333334,0,1,2,0.8689166666666668,False,升温,theme_leader,False
2026-07-29,零售,605188,国光连锁,1.0,09:42,76137575.0,0.0999123575810692,4,0.4864583333333334,1,1,2,0.6589166666666667,False,升温,follower,False
2026-07-29,零售,603696,安记食品,1.0,09:43,85450723.0,0.09963436928702007,4,0.4864583333333334,0,0,1,0.5589166666666667,False,升温,follower,False
2026-07-29,零售,601086,国芳集团,1.0,09:59,160240804.0,0.09957325746799439,4,0.4864583333333334,0,0,0,0.5089166666666667,False,升温,follower,False
2026-07-29,地产,000736,中交发展,1.0,09:51,68014958.40625,0.10000000000000009,5,0.4083333333333334,0,0,2,0.5926666666666666,False,升温,theme_leader,False
2026-07-29,地产,603221,爱丽家居,7.0,09:31,20936431.0,0.09976387249114516,5,0.4083333333333334,0,0,1,0.5726666666666667,False,升温,follower,False
2026-07-29,地产,000668,荣丰控股,1.0,13:30,124564436.0,0.10027100271002709,5,0.4083333333333334,0,0,0,0.506,False,升温,follower,False
2026-07-29,地产,603833,欧派家居,1.0,13:25,243579503.0,0.0999377334993774,5,0.4083333333333334,1,1,1,0.43933333333333335,False,升温,capacity_core,False
2026-07-29,地产,603801,志邦家居,1.0,10:02,57702950.0,0.1001855287569573,5,0.4083333333333334,1,1,1,0.4326666666666667,False,升温,follower,False
2026-07-29,地产,002791,坚朗五金,1.0,10:03,95446782.3046875,0.10014306151645203,5,0.4083333333333334,0,0,0,0.4126666666666667,False,升温,follower,False
2026-07-29,电气设备,002882,金龙羽,1.0,10:19,143124989.0,0.10022396416573343,6,0.4083333333333333,0,1,2,0.5276666666666666,False,升温,theme_leader,False
2026-07-29,电气设备,002112,三变科技,1.0,10:26,388762876.41796875,0.0998641304347827,6,0.4083333333333333,0,0,1,0.4676666666666667,False,升温,follower,False
2026-07-29,电气设备,603556,海兴电力,1.0,10:39,229293151.0,0.09995517705064993,6,0.4083333333333333,0,0,0,0.43766666666666676,False,升温,follower,False
2026-07-29,电气设备,002498,汉缆股份,1.0,13:16,1745934075.0625,0.09938837920489307,6,0.4083333333333333,0,0,0,0.4176666666666667,False,升温,capacity_core,False
2026-07-29,电力电网,002298,中电鑫龙,1.0,09:44,906954616.875,0.10037641154328725,7,0.4052083333333334,0,0,0,0.7624166666666667,False,升温,theme_leader,False
2026-07-29,电力电网,603556,海兴电力,1.0,10:39,229293151.0,0.09995517705064993,7,0.4052083333333334,0,0,0,0.4224166666666667,False,升温,follower,False
2026-07-29,基础建设,600722,金牛化工,1.0,09:31,538163325.0,0.10043196544276456,8,0.39583333333333337,1,1,2,0.8183333333333334,False,升温,theme_leader,False
2026-07-29,基础建设,003001,中岩大地,1.0,09:49,340725816.1755371,0.10022650056625149,8,0.39583333333333337,0,0,0,0.6183333333333333,False,升温,follower,False
2026-07-29,基础建设,002037,保利联合,1.0,09:35,49531939.0,0.09983633387888702,8,0.39583333333333337,0,0,1,0.5383333333333333,False,升温,follower,False
2026-07-29,乳业,605179,一鸣食品,2.0,09:31,87804776.0,0.10034364261168394,9,0.38020833333333337,0,0,2,0.7618452380952381,False,升温,theme_leader,False
2026-07-29,乳业,605337,李子园,1.0,09:48,89252533.0,0.1004514672686232,9,0.38020833333333337,0,0,2,0.6732738095238094,False,升温,follower,False
2026-07-29,乳业,603719,良品铺子,1.0,09:42,74643827.0,0.10011641443538988,9,0.38020833333333337,0,1,3,0.6104166666666666,False,升温,follower,False
2026-07-29,乳业,600419,天润乳业,1.0,10:00,146916118.0,0.09962640099626419,9,0.38020833333333337,1,1,2,0.5761309523809524,False,升温,follower,False
2026-07-29,乳业,600429,三元股份,1.0,13:17,164007011.0,0.10093896713615047,9,0.38020833333333337,0,0,0,0.5304166666666666,False,升温,capacity_core,False
2026-07-29,乳业,001318,阳光乳业,1.0,10:01,125666250.5,0.10009910802775024,9,0.38020833333333337,0,0,1,0.41041666666666665,False,升温,follower,False
2026-07-29,乳业,605339,南侨食品,1.0,10:12,46490847.0,0.09966216216216206,9,0.38020833333333337,0,0,0,0.2504166666666667,False,升温,follower,False
2026-07-29,代糖概念,300997,欢乐家,1.0,09:36,351587115.0,0.19999999999999996,10,0.34895833333333337,0,0,1,0.7229166666666668,True,升温,theme_leader,False
2026-07-29,代糖概念,002597,金禾实业,1.0,14:27,376755231.125,0.10010214504596537,10,0.34895833333333337,0,0,0,0.5129166666666668,False,升温,capacity_core,False
2026-07-29,代糖概念,002286,保龄宝,1.0,09:49,146849390.75,0.09986504723346834,10,0.34895833333333337,0,0,0,0.5029166666666667,False,升温,follower,False
2026-07-29,代糖概念,605016,百龙创园,1.0,11:14,173150571.0,0.09980430528375739,10,0.34895833333333337,0,0,0,0.3329166666666667,False,升温,follower,False
2026-07-29,新型工业化,301112,信邦智能,1.0,09:37,182160352.125,0.20000000000000018,11,0.3458333333333333,0,0,0,0.681,True,升温,theme_leader,False
2026-07-29,新型工业化,002903,宇环数控,1.0,09:32,92452746.0,0.10021786492374729,11,0.3458333333333333,1,1,1,0.601,False,升温,follower,False
2026-07-29,新型工业化,002833,弘亚数控,1.0,14:45,225614097.9375,0.10006064281382665,11,0.3458333333333333,0,0,0,0.441,False,升温,capacity_core,False
2026-07-29,装修家具,603801,志邦家居,1.0,10:02,57702950.0,0.1001855287569573,12,0.24270833333333336,1,1,1,0.47441666666666665,False,升温,theme_leader,False
2026-07-29,装修家具,002791,坚朗五金,1.0,10:03,95446782.3046875,0.10014306151645203,12,0.24270833333333336,0,0,0,0.46441666666666676,False,升温,follower,False
2026-07-29,装修家具,603833,欧派家居,1.0,13:25,243579503.0,0.0999377334993774,12,0.24270833333333336,0,0,0,0.45441666666666675,False,升温,capacity_core,False
2026-07-29,装修家具,001323,慕思股份,1.0,10:49,92565492.71777344,0.09993593850096105,12,0.24270833333333336,0,0,0,0.32441666666666674,False,升温,follower,False
2026-07-30,消费,605388,均瑶健康,2.0,09:31,89647624.0,0.1007194244604317,1,0.5554545454545454,0,1,1,0.7377696969696971,False,退潮,theme_leader,False
2026-07-30,消费,605179,一鸣食品,3.0,09:31,49035047.0,0.09993753903810099,1,0.5554545454545454,0,1,1,0.6444363636363637,False,退潮,follower,False
2026-07-30,消费,002702,海欣食品,1.0,09:40,172610372.796875,0.10022271714922049,1,0.5554545454545454,0,0,0,0.5911030303030304,False,退潮,switch_pioneer,False
2026-07-30,实控人变更,002827,高争民爆,2.0,09:31,52276191.0,0.10003497726477795,2,0.5386363636363636,0,0,0,0.6730909090909091,False,退潮,theme_leader,False
2026-07-30,实控人变更,002686,亿利达,1.0,09:31,118797585.0,0.10037878787878785,2,0.5386363636363636,0,0,0,0.6230909090909091,False,退潮,switch_pioneer,False
2026-07-30,实控人变更,002258,利尔化学,1.0,09:31,593390705.625,0.0999320190346702,2,0.5386363636363636,0,0,0,0.5630909090909091,False,退潮,switch_pioneer,False
2026-07-30,实控人变更,300996,普联软件,1.0,,704744273.2036133,0.07034482758620686,2,0.5386363636363636,0,0,0,0.39309090909090905,True,退潮,switch_pioneer,False
2026-07-30,汽车,002882,金龙羽,2.0,09:31,331261458.0,0.10025445292620883,3,0.5045454545454545,1,1,1,0.7692525252525254,False,退潮,theme_leader,True
2026-07-30,汽车,600418,江淮汽车,1.0,10:00,1807543002.0,0.10013531799729347,3,0.5045454545454545,1,2,3,0.6936969696969697,False,退潮,switch_pioneer,False
2026-07-30,汽车,605068,明新旭腾,4.0,09:31,122509989.0,0.09989316239316248,3,0.5045454545454545,1,1,1,0.635919191919192,False,退潮,follower,False
2026-07-30,汽车,002703,浙江世宝,1.0,09:36,703339396.09375,0.10015060240963858,3,0.5045454545454545,0,0,0,0.5781414141414142,False,退潮,switch_pioneer,False
2026-07-30,汽车,301667,纳百川,1.0,10:06,253699353.50830078,0.19999999999999973,3,0.5045454545454545,0,1,2,0.5514747474747475,True,退潮,switch_pioneer,False
2026-07-30,汽车,301449,天溯计量,1.0,13:21,180993302.83984375,0.19987718759594708,3,0.5045454545454545,0,0,0,0.4314747474747475,True,退潮,switch_pioneer,False
2026-07-30,汽车,603376,大明电子,1.0,10:05,77095135.0,0.10020790020790016,3,0.5045454545454545,1,1,2,0.3959191919191919,False,退潮,switch_pioneer,False
2026-07-30,汽车,603352,至信股份,1.0,10:26,115861496.0,0.09999999999999987,3,0.5045454545454545,0,0,0,0.28480808080808084,False,退潮,switch_pioneer,False
2026-07-30,汽车,603348,文灿股份,1.0,10:16,83619617.0,0.09985096870342769,3,0.5045454545454545,0,1,1,0.2625858585858586,False,退潮,switch_pioneer,False
2026-07-30,电力电网,603556,海兴电力,2.0,11:23,653582485.0,0.0998370008149958,4,0.48522727272727273,0,0,0,0.6121515151515152,False,退潮,theme_leader,False
2026-07-30,电力电网,301668,昊创瑞通,1.0,10:01,200747933.86083984,0.19999999999999996,4,0.48522727272727273,0,0,0,0.4321515151515152,True,退潮,elastic_core,False
2026-07-30,电力电网,600475,华光环能,1.0,13:44,338659827.0,0.0997782705099779,4,0.48522727272727273,0,0,0,0.35215151515151516,False,退潮,follower,False
2026-07-30,并购重组,603221,爱丽家居,8.0,09:31,67861869.0,0.0998389694041868,5,0.47727272727272724,0,1,1,0.6981818181818182,False,退潮,theme_leader,False
2026-07-30,并购重组,603137,恒尚节能,1.0,09:38,814847808.0,0.09987410826689058,5,0.47727272727272724,0,0,0,0.6981818181818182,False,退潮,capacity_core,False
2026-07-30,AI应用,603171,税友股份,1.0,09:45,361568664.0,0.09999999999999987,6,0.4534090909090909,0,0,0,0.6602727272727272,False,退潮,theme_leader,False
2026-07-30,AI应用,000526,学大教育,1.0,09:43,220878675.0,0.09990917347865569,6,0.4534090909090909,1,1,1,0.5962727272727274,False,退潮,follower,False
2026-07-30,AI应用,603660,苏州科达,1.0,09:37,294624008.0,0.09962640099626419,6,0.4534090909090909,0,2,2,0.5882727272727273,False,退潮,follower,False
2026-07-30,AI应用,603039,泛微网络,1.0,13:10,758642606.0,0.0999030067895248,6,0.4534090909090909,0,0,0,0.48427272727272735,False,退潮,capacity_core,False
2026-07-30,AI应用,300996,普联软件,1.0,,704744273.2036133,0.07034482758620686,6,0.4534090909090909,0,0,0,0.3722727272727273,True,退潮,elastic_core,False
2026-07-30,医药,000566,海南海药,1.0,09:47,2127007170.9375,0.09981515711645095,7,0.4193181818181818,0,1,1,0.8035454545454547,False,退潮,theme_leader,False
2026-07-30,医药,600513,联环药业,1.0,09:56,525693621.0,0.09973753280839914,7,0.4193181818181818,0,0,0,0.5835454545454546,False,退潮,follower,False
2026-07-30,地产,603221,爱丽家居,8.0,09:31,67861869.0,0.0998389694041868,8,0.4147727272727272,1,1,1,0.7665151515151516,False,退潮,theme_leader,False
2026-07-30,地产,600162,香江控股,1.0,09:35,332022322.0,0.09885931558935379,8,0.4147727272727272,0,0,0,0.5065151515151516,False,退潮,follower,False
2026-07-30,地产,600663,陆家嘴,1.0,14:31,427785195.0,0.09960159362549792,8,0.4147727272727272,0,0,0,0.46651515151515155,False,退潮,capacity_core,False
2026-07-30,复合集流体,002846,英联股份,1.0,09:58,124513905.09375,0.10040983606557385,9,0.4125,0,0,0,0.683,False,退潮,theme_leader,False
2026-07-30,复合集流体,002585,双星新材,1.0,09:32,1088433895.0,0.10038119440914861,9,0.4125,0,0,0,0.6630000000000001,False,退潮,capacity_core,False
2026-07-30,农业,600712,南宁百货,1.0,09:40,103381076.0,0.10062893081761026,10,0.3340909090909091,1,1,1,0.6817272727272727,False,退潮,theme_leader,False
2026-07-30,农业,002258,利尔化学,1.0,09:31,593390705.625,0.0999320190346702,10,0.3340909090909091,0,1,2,0.6517272727272727,False,退潮,capacity_core,False
2026-07-30,农业,605033,美邦股份,1.0,09:43,76486201.0,0.09999999999999987,10,0.3340909090909091,0,0,1,0.5417272727272727,False,退潮,follower,False
2026-07-30,农业,000009,中国宝安,1.0,10:03,390363863.5,0.10000000000000009,10,0.3340909090909091,0,0,0,0.4717272727272728,False,退潮,follower,False
2026-07-30,国有企业,601003,柳钢股份,2.0,09:34,155440680.0,0.09973753280839914,11,0.28977272727272724,0,0,0,0.6431818181818182,False,退潮,theme_leader,False
2026-07-30,国有企业,000025,特力Ａ,1.0,10:38,223174736.19140625,0.09985935302391002,11,0.28977272727272724,0,0,0,0.5231818181818182,False,退潮,capacity_core,False
2026-07-31,AI应用,300996,普联软件,2.0,09:50,1192361537.8699646,0.1997422680412373,1,0.6512500000000001,1,2,7,0.8792428571428572,True,修复,theme_leader,True
2026-07-31,AI应用,603039,泛微网络,2.0,09:54,859784943.0,0.09994121105232212,1,0.6512500000000001,1,4,6,0.7649571428571429,False,修复,supplement,False
2026-07-31,AI应用,000892,欢瑞世纪,1.0,09:44,364344855.875,0.10149253731343277,1,0.6512500000000001,3,6,10,0.6806714285714286,False,修复,supplement,False
2026-07-31,AI应用,002432,九安医疗,1.0,09:47,3216973802.625,0.09993573264781475,1,0.6512500000000001,2,4,7,0.6692428571428573,False,修复,supplement,False
2026-07-31,AI应用,002774,快意电梯,1.0,09:45,309131298.0,0.10022271714922049,1,0.6512500000000001,4,5,9,0.6478142857142858,False,修复,supplement,False
2026-07-31,AI应用,605069,正和生态,1.0,09:50,119636136.0,0.10055248618784529,1,0.6512500000000001,1,2,7,0.6335285714285716,False,修复,supplement,False
2026-07-31,AI应用,300364,中文在线,1.0,10:42,2053546610.984375,0.2000966650555822,1,0.6512500000000001,0,1,6,0.6335285714285714,True,修复,supplement,False
2026-07-31,AI应用,603171,税友股份,2.0,10:39,962360704.0,0.10007234145165178,1,0.6512500000000001,1,1,7,0.6321000000000001,False,修复,supplement,False
2026-07-31,AI应用,300058,蓝色光标,1.0,10:28,8552639283.25,0.19983277591973225,1,0.6512500000000001,1,1,3,0.6263857142857143,True,修复,supplement,False
2026-07-31,AI应用,301171,易点天下,1.0,10:10,2076622352.0742188,0.19992129083038157,1,0.6512500000000001,0,0,4,0.6178142857142858,True,修复,supplement,False
2026-07-31,AI应用,300418,昆仑万维,1.0,10:55,6065935266.0625,0.20000000000000018,1,0.6512500000000001,2,2,2,0.6092428571428572,True,修复,supplement,False
2026-07-31,AI应用,605287,德才股份,1.0,09:47,122893588.0,0.10012674271229405,1,0.6512500000000001,2,4,7,0.5963857142857143,False,修复,supplement,False
2026-07-31,AI应用,000676,智度股份,1.0,09:57,1019645572.8710938,0.0998531571218797,1,0.6512500000000001,0,3,5,0.5935285714285715,False,修复,supplement,False
2026-07-31,AI应用,603106,恒银科技,1.0,09:41,88957876.0,0.10014727540500723,1,0.6512500000000001,2,6,8,0.5806714285714286,False,修复,supplement,False
2026-07-31,AI应用,688095,福昕软件,1.0,10:04,457974169.0,0.19996419620479777,1,0.6512500000000001,1,2,4,0.5621,True,修复,supplement,False
2026-07-31,AI应用,600588,用友网络,1.0,10:21,1036206370.0,0.10029791459781534,1,0.6512500000000001,0,2,3,0.5463857142857144,False,修复,supplement,False
2026-07-31,AI应用,002131,利欧股份,1.0,10:03,3761789346.46875,0.09905660377358494,1,0.6512500000000001,1,3,5,0.45781428571428573,False,修复,supplement,False
2026-07-31,AI应用,600986,浙文互联,1.0,10:50,1114577799.0,0.09985935302391002,1,0.6512500000000001,3,5,5,0.45210000000000006,False,修复,supplement,False
2026-07-31,AI应用,301231,荣信文化,1.0,10:58,254810741.4375,0.1999091322126305,1,0.6512500000000001,1,1,1,0.44495714285714283,True,修复,supplement,False
2026-07-31,AI应用,002659,凯文教育,1.0,10:54,179565348.0,0.10000000000000009,1,0.6512500000000001,4,4,4,0.42424285714285714,False,修复,supplement,False
2026-07-31,AI应用,603598,引力传媒,1.0,10:21,343681422.0,0.09987113402061865,1,0.6512500000000001,0,2,3,0.4078142857142858,False,修复,supplement,False
2026-07-31,AI应用,603533,掌阅科技,1.0,10:09,658133388.0,0.09980237154150218,1,0.6512500000000001,1,1,5,0.40352857142857146,False,修复,supplement,False
2026-07-31,AI应用,603466,风语筑,1.0,10:59,825712869.0,0.10021551724137945,1,0.6512500000000001,0,0,0,0.3892428571428572,False,修复,supplement,False
2026-07-31,AI应用,605168,三人行,1.0,10:03,105795344.0,0.09987277353689561,1,0.6512500000000001,1,3,5,0.3749571428571429,False,修复,supplement,False
2026-07-31,AI应用,002115,三维通信,1.0,13:01,1302545972.0625,0.09990205680705189,1,0.6512500000000001,0,0,0,0.36495714285714287,False,修复,supplement,False
2026-07-31,AI应用,603721,中广天择,1.0,10:29,100466918.0,0.10000000000000009,1,0.6512500000000001,0,1,2,0.3613857142857143,False,修复,supplement,False
2026-07-31,AI应用,603956,威派格,1.0,13:01,202399441.0,0.10016694490818034,1,0.6512500000000001,0,0,0,0.34209999999999996,False,修复,supplement,False
2026-07-31,AI应用,003005,竞业达,1.0,10:55,61186814.85595703,0.09975062344139651,1,0.6512500000000001,2,2,2,0.2821,False,修复,supplement,False
2026-07-31,算力硬件,301396,宏景科技,1.0,09:31,1032017454.5,0.20003073849227704,2,0.57,3,6,7,0.7916869565217391,True,修复,theme_leader,False
2026-07-31,算力硬件,600673,东阳光,1.0,09:36,1399864695.0,0.10007757951900698,2,0.57,3,4,5,0.7360347826086956,False,修复,supplement,False
2026-07-31,算力硬件,002851,麦格米特,1.0,09:36,3106508821.1875,0.1000310013433916,2,0.57,3,4,5,0.7238608695652174,False,修复,supplement,False
2026-07-31,算力硬件,603629,利通电子,1.0,09:31,1812470867.0,0.10002291475710368,2,0.57,3,6,7,0.7082086956521739,False,修复,supplement,False
2026-07-31,算力硬件,603031,安孚科技,1.0,09:41,705081569.0,0.10011743981209609,2,0.57,1,1,3,0.6925565217391305,False,修复,supplement,False
2026-07-31,算力硬件,000009,中国宝安,2.0,10:56,1105250707.3125,0.10069930069930066,2,0.57,0,1,1,0.6899478260869566,False,修复,supplement,False
2026-07-31,算力硬件,603738,泰晶科技,1.0,09:31,889229462.0,0.10000000000000009,2,0.57,3,6,7,0.6577739130434782,False,修复,supplement,False
2026-07-31,算力硬件,600449,宁夏建材,1.0,09:40,141956317.0,0.1000841042893188,2,0.57,3,3,5,0.6473391304347826,False,修复,supplement,False
2026-07-31,算力硬件,003018,金富科技,1.0,09:33,113157950.33172607,0.10017331022530329,2,0.57,2,6,6,0.6456,False,修复,supplement,False
2026-07-31,算力硬件,605289,罗曼股份,1.0,09:31,160607045.0,0.10006414368184724,2,0.57,3,6,7,0.636904347826087,False,修复,supplement,False
2026-07-31,算力硬件,001267,汇绿生态,1.0,09:41,991301936.5,0.09996311324234597,2,0.57,1,1,3,0.636904347826087,False,修复,supplement,False
2026-07-31,算力硬件,603139,康惠股份,1.0,09:42,120756670.0,0.1000997672098436,2,0.57,0,0,2,0.6021217391304348,False,修复,supplement,False
2026-07-31,算力硬件,600162,香江控股,2.0,11:06,836513375.0,0.10034602076124566,2,0.57,0,0,0,0.5995130434782608,False,修复,supplement,False
2026-07-31,算力硬件,000967,盈峰环境,1.0,09:31,344648382.125,0.09943977591036424,2,0.57,3,6,7,0.5308173913043478,False,修复,supplement,False
2026-07-31,算力硬件,000815,美利云,1.0,10:27,943860991.5,0.09999999999999987,2,0.57,3,3,4,0.4916869565217391,False,修复,supplement,False
2026-07-31,算力硬件,001400,江顺科技,1.0,10:00,70857905.94726562,0.09999999999999987,2,0.57,0,0,0,0.4273391304347826,False,修复,supplement,False
2026-07-31,算力硬件,000032,深桑达Ａ,1.0,10:47,845913606.4765625,0.09991876523151899,2,0.57,0,1,2,0.40733913043478254,False,修复,supplement,False
2026-07-31,算力硬件,002963,豪尔赛,1.0,09:55,43337427.0,0.0998336106489186,2,0.57,1,1,1,0.4038608695652174,False,修复,supplement,False
2026-07-31,算力硬件,002346,柘中股份,1.0,13:24,113964783.0625,0.10019267822736033,2,0.57,0,0,0,0.38125217391304345,False,修复,supplement,False
2026-07-31,算力硬件,002929,润建股份,1.0,10:28,744845610.25,0.09997706947947727,2,0.57,0,0,1,0.36386086956521735,False,修复,supplement,False
2026-07-31,算力硬件,600602,云赛智联,1.0,10:28,745980171.0,0.09987515605493136,2,0.57,0,0,1,0.3447304347826086,False,修复,supplement,False
2026-07-31,算力硬件,605318,法狮龙,1.0,13:01,126870727.0,0.10006000600060005,2,0.57,0,0,0,0.33429565217391305,False,修复,supplement,False
2026-07-31,算力硬件,002197,证通电子,1.0,10:28,525179414.6953125,0.09983633387888702,2,0.57,0,0,1,0.3151652173913043,False,修复,supplement,False
2026-07-31,机器人,300720,海川智能,1.0,09:35,334734344.0,0.20009449562957715,3,0.5549999999999999,1,1,3,0.7789454545454546,True,修复,theme_leader,False
2026-07-31,机器人,002896,中大力德,1.0,09:33,522419178.90625,0.0999831394368571,3,0.5549999999999999,2,2,4,0.7134909090909091,False,修复,supplement,False
2026-07-31,机器人,002957,科瑞技术,1.0,09:31,307177097.046875,0.1001626016260162,3,0.5549999999999999,4,4,6,0.6916727272727273,False,修复,supplement,False
2026-07-31,机器人,002354,天娱数科,1.0,09:33,1133352548.6875,0.09966216216216206,3,0.5549999999999999,2,2,4,0.655309090909091,False,修复,supplement,False
2026-07-31,机器人,300508,维宏股份,1.0,09:36,75011184.99707031,0.19999999999999996,3,0.5549999999999999,0,1,2,0.6244,True,修复,supplement,False
2026-07-31,机器人,002931,锋龙股份,1.0,09:46,356849041.5,0.09995100440960303,3,0.5549999999999999,1,1,1,0.5862181818181819,False,修复,supplement,False
2026-07-31,机器人,603337,杰克科技,1.0,09:48,301478217.0,0.1000255167134474,3,0.5549999999999999,0,0,0,0.5389454545454546,False,修复,supplement,False
2026-07-31,机器人,603608,天创时尚,1.0,13:08,363611878.0,0.0998055735580039,3,0.5549999999999999,1,2,2,0.4444,False,修复,supplement,False
2026-07-31,机器人,605208,永茂泰,1.0,13:09,201962149.0,0.10027598896044165,3,0.5549999999999999,1,1,1,0.44076363636363636,False,修复,supplement,False
2026-07-31,机器人,300789,唐源电气,1.0,13:14,172518031.2421875,0.19999999999999996,3,0.5549999999999999,0,0,0,0.4134909090909091,True,修复,supplement,False
2026-07-31,机器人,603286,日盈电子,1.0,11:11,127217909.0,0.09994172494172493,3,0.5549999999999999,0,0,0,0.2807636363636363,False,修复,supplement,False
2026-07-31,存储芯片,600667,太极实业,1.0,09:31,6338231304.0,0.10025542784163477,4,0.49500000000000005,0,0,2,0.8146,False,修复,theme_leader,False
2026-07-31,存储芯片,605178,时空科技,1.0,09:31,147213803.0,0.09998145056575769,4,0.49500000000000005,0,0,2,0.6746,False,修复,follower,False
2026-07-31,存储芯片,603316,诚邦股份,1.0,09:46,99138564.0,0.10017421602787469,4,0.49500000000000005,0,0,0,0.6046,False,修复,follower,False
2026-07-31,存储芯片,603375,盛景微,1.0,09:42,92656572.0,0.09993425378040754,4,0.49500000000000005,1,1,1,0.5046,False,修复,follower,False
2026-07-31,实控人变更,002827,高争民爆,3.0,09:31,760995363.8125,0.10015898251192379,5,0.47250000000000003,1,1,2,0.860657142857143,False,修复,theme_leader,False
2026-07-31,实控人变更,603336,宏辉果蔬,1.0,09:56,378110222.0,0.10022522522522515,5,0.47250000000000003,0,0,0,0.6235142857142857,False,修复,follower,False
2026-07-31,实控人变更,002931,锋龙股份,1.0,09:46,356849041.5,0.09995100440960303,5,0.47250000000000003,0,1,1,0.5549428571428572,False,修复,follower,False
2026-07-31,实控人变更,000428,华天酒店,1.0,09:35,487285294.0,0.09921671018276768,5,0.47250000000000003,0,0,1,0.5435142857142858,False,修复,follower,False
2026-07-31,实控人变更,603779,威龙股份,1.0,11:04,298789957.0,0.10060060060060061,5,0.47250000000000003,0,0,1,0.4635142857142857,False,修复,follower,False
2026-07-31,实控人变更,002235,安妮股份,1.0,11:29,356542932.2792969,0.09999999999999987,5,0.47250000000000003,0,0,0,0.36065714285714284,False,修复,follower,False
2026-07-31,实控人变更,603637,镇海股份,1.0,11:20,101416196.0,0.09990574929311968,5,0.47250000000000003,0,1,1,0.2978,False,修复,follower,False
2026-07-31,地产,603221,爱丽家居,9.0,09:31,450589335.0,0.10004880429477803,6,0.46499999999999997,0,0,2,0.7652,False,修复,theme_leader,False
2026-07-31,地产,600162,香江控股,2.0,11:06,836513375.0,0.10034602076124566,6,0.46499999999999997,0,0,0,0.6212000000000001,False,修复,capacity_core,False
2026-07-31,地产,002774,快意电梯,1.0,09:45,309131298.0,0.10022271714922049,6,0.46499999999999997,0,0,0,0.5652,False,修复,follower,False
2026-07-31,地产,600791,京能置业,1.0,09:43,58165988.0,0.09932659932659926,6,0.46499999999999997,1,1,1,0.4212,False,修复,follower,False
2026-07-31,地产,605318,法狮龙,1.0,13:01,126870727.0,0.10006000600060005,6,0.46499999999999997,0,0,0,0.33320000000000005,False,修复,follower,False
2026-07-31,并购重组,603221,爱丽家居,9.0,09:31,450589335.0,0.10004880429477803,7,0.43625,1,1,2,0.8482333333333334,False,修复,theme_leader,False
2026-07-31,并购重组,003001,中岩大地,1.0,09:32,239705895.9375,0.10005717552887372,7,0.43625,0,1,1,0.6815666666666668,False,修复,follower,False
2026-07-31,并购重组,605198,安德利,1.0,09:42,161975796.0,0.10003862495171889,7,0.43625,0,0,0,0.4549,False,修复,follower,False
2026-07-31,AI营销,000676,智度股份,1.0,09:57,1019645572.8710938,0.0998531571218797,8,0.395,0,2,3,0.5816,False,修复,theme_leader,False
2026-07-31,AI营销,301171,易点天下,1.0,10:10,2076622352.0742188,0.19992129083038157,8,0.395,0,0,2,0.5716,True,修复,elastic_core,False
2026-07-31,AI营销,603171,税友股份,2.0,10:39,962360704.0,0.10007234145165178,8,0.395,0,0,1,0.5616,False,修复,follower,False
2026-07-31,AI营销,300058,蓝色光标,1.0,10:28,8552639283.25,0.19983277591973225,8,0.395,0,0,1,0.5466000000000001,True,修复,capacity_core,False
2026-07-31,AI营销,002131,利欧股份,1.0,10:03,3761789346.46875,0.09905660377358494,8,0.395,0,1,2,0.4166,False,修复,follower,False
2026-07-31,AI营销,605168,三人行,1.0,10:03,105795344.0,0.09987277353689561,8,0.395,0,1,2,0.3966,False,修复,follower,False
2026-07-31,AI营销,603598,引力传媒,1.0,10:21,343681422.0,0.09987113402061865,8,0.395,0,1,2,0.3916,False,修复,follower,False
2026-07-31,AI营销,600986,浙文互联,1.0,10:50,1114577799.0,0.09985935302391002,8,0.395,0,0,0,0.3466000000000001,False,修复,follower,False
2026-07-31,通信,002552,宝鼎科技,1.0,09:31,344018358.0,0.10012554927809147,9,0.38,1,2,2,0.7137333333333333,False,修复,theme_leader,False
2026-07-31,通信,003036,泰坦股份,1.0,09:36,212505108.0,0.10012210012209999,9,0.38,1,1,2,0.6537333333333334,False,修复,follower,False
2026-07-31,通信,603738,泰晶科技,1.0,09:31,889229462.0,0.10000000000000009,9,0.38,1,2,2,0.6504,False,修复,follower,False
2026-07-31,通信,001359,平安电工,1.0,09:31,399931802.02734375,0.10000000000000009,9,0.38,1,2,2,0.6237333333333334,False,修复,follower,False
2026-07-31,通信,001267,汇绿生态,1.0,09:41,991301936.5,0.09996311324234597,9,0.38,0,0,1,0.5870666666666667,False,修复,capacity_core,False
2026-07-31,通信,001223,欧克科技,1.0,09:52,51870437.740234375,0.10003345600535307,9,0.38,0,0,0,0.5137333333333334,False,修复,follower,False
2026-07-31,AI视频,300364,中文在线,1.0,10:42,2053546610.984375,0.2000966650555822,10,0.32000000000000006,0,0,3,0.6433777777777778,True,修复,theme_leader,False
2026-07-31,AI视频,000892,欢瑞世纪,1.0,09:44,364344855.875,0.10149253731343277,10,0.32000000000000006,1,1,1,0.6033777777777778,False,修复,follower,False
2026-07-31,AI视频,300418,昆仑万维,1.0,10:55,6065935266.0625,0.20000000000000018,10,0.32000000000000006,1,1,1,0.5589333333333334,True,修复,capacity_core,False
2026-07-31,AI视频,605287,德才股份,1.0,09:47,122893588.0,0.10012674271229405,10,0.32000000000000006,0,0,0,0.5056,False,修复,follower,False
2026-07-31,AI视频,301231,荣信文化,1.0,10:58,254810741.4375,0.1999091322126305,10,0.32000000000000006,0,0,0,0.40782222222222225,True,修复,follower,False
2026-07-31,AI视频,002115,三维通信,1.0,13:01,1302545972.0625,0.09990205680705189,10,0.32000000000000006,0,0,0,0.37226666666666675,False,修复,follower,False
2026-07-31,AI视频,603533,掌阅科技,1.0,10:09,658133388.0,0.09980237154150218,10,0.32000000000000006,0,0,1,0.3722666666666667,False,修复,follower,False
2026-07-31,AI视频,603721,中广天择,1.0,10:29,100466918.0,0.10000000000000009,10,0.32000000000000006,0,0,1,0.3456,False,修复,follower,False
2026-07-31,AI视频,003005,竞业达,1.0,10:55,61186814.85595703,0.09975062344139651,10,0.32000000000000006,1,1,1,0.2611555555555556,False,修复,follower,False
