date,source_id,raw_theme,canonical_theme,source_theme_count,code,stock_name,source_seal_time,risk_flag,trade_effective_date,availability_confidence,github_tradeable_match,mapping_scope,unmatched_reason
2026-07-01,yyqyx_limitup,机器人概念,机器人,22,002747,埃斯顿,09:31,False,2026-07-02,medium_archive_membership,True,formal_nonrisk_universe,matched_same_day_github_tradeable_evidence
2026-07-01,yyqyx_limitup,机器人概念,机器人,22,001331,胜通能源,11:08,False,2026-07-02,medium_archive_membership,True,formal_nonrisk_universe,matched_same_day_github_tradeable_evidence
2026-07-01,yyqyx_limitup,机器人概念,机器人,22,002232,启明信息,09:34,False,2026-07-02,medium_archive_membership,True,formal_nonrisk_universe,matched_same_day_github_tradeable_evidence
2026-07-01,yyqyx_limitup,机器人概念,机器人,22,600845,宝信软件,09:37,False,2026-07-02,medium_archive_membership,True,formal_nonrisk_universe,matched_same_day_github_tradeable_evidence
2026-07-01,yyqyx_limitup,机器人概念,机器人,22,001365,天海电子,09:42,False,2026-07-02,medium_archive_membership,True,formal_nonrisk_universe,matched_same_day_github_tradeable_evidence
2026-07-01,yyqyx_limitup,机器人概念,机器人,22,300607,拓斯达,09:45,False,2026-07-02,medium_archive_membership,True,formal_nonrisk_universe,matched_same_day_github_tradeable_evidence
2026-07-01,yyqyx_limitup,机器人概念,机器人,22,605189,富春染织,09:48,False,2026-07-02,medium_archive_membership,True,formal_nonrisk_universe,matched_same_day_github_tradeable_evidence
2026-07-01,yyqyx_limitup,机器人概念,机器人,22,603725,天安新材,09:49,False,2026-07-02,medium_archive_membership,True,formal_nonrisk_universe,matched_same_day_github_tradeable_evidence
2026-07-01,yyqyx_limitup,机器人概念,机器人,22,603166,福达股份,10:00,False,2026-07-02,medium_archive_membership,True,formal_nonrisk_universe,matched_same_day_github_tradeable_evidence
2026-07-01,yyqyx_limitup,机器人概念,机器人,22,300539,横河精密,10:03,False,2026-07-02,medium_archive_membership,True,formal_nonrisk_universe,matched_same_day_github_tradeable_evidence
2026-07-01,yyqyx_limitup,机器人概念,机器人,22,301279,金道科技,10:10,False,2026-07-02,medium_archive_membership,True,formal_nonrisk_universe,matched_same_day_github_tradeable_evidence
2026-07-01,yyqyx_limitup,机器人概念,机器人,22,603666,亿嘉和,10:23,False,2026-07-02,medium_archive_membership,True,formal_nonrisk_universe,matched_same_day_github_tradeable_evidence
2026-07-01,yyqyx_limitup,机器人概念,机器人,22,002403,爱仕达,11:03,False,2026-07-02,medium_archive_membership,True,formal_nonrisk_universe,matched_same_day_github_tradeable_evidence
2026-07-01,yyqyx_limitup,机器人概念,机器人,22,603131,上海沪工,11:16,False,2026-07-02,medium_archive_membership,True,formal_nonrisk_universe,matched_same_day_github_tradeable_evidence
2026-07-01,yyqyx_limitup,机器人概念,机器人,22,603040,新坐标,11:22,False,2026-07-02,medium_archive_membership,True,formal_nonrisk_universe,matched_same_day_github_tradeable_evidence
2026-07-01,yyqyx_limitup,机器人概念,机器人,22,002698,博实股份,13:00,False,2026-07-02,medium_archive_membership,True,formal_nonrisk_universe,matched_same_day_github_tradeable_evidence
2026-07-01,yyqyx_limitup,机器人概念,机器人,22,600826,兰生股份,13:03,False,2026-07-02,medium_archive_membership,True,formal_nonrisk_universe,matched_same_day_github_tradeable_evidence
2026-07-01,yyqyx_limitup,机器人概念,机器人,22,300345,华民股份,13:05,False,2026-07-02,medium_archive_membership,True,formal_nonrisk_universe,matched_same_day_github_tradeable_evidence
2026-07-01,yyqyx_limitup,机器人概念,机器人,22,603758,秦安股份,13:11,False,2026-07-02,medium_archive_membership,True,formal_nonrisk_universe,matched_same_day_github_tradeable_evidence
2026-07-01,yyqyx_limitup,农业,农业,17,603166,福达股份,10:00,False,2026-07-02,medium_archive_membership,True,formal_nonrisk_universe,matched_same_day_github_tradeable_evidence
2026-07-01,yyqyx_limitup,农业,农业,17,002548,金新农,10:00,False,2026-07-02,medium_archive_membership,True,formal_nonrisk_universe,matched_same_day_github_tradeable_evidence
2026-07-01,yyqyx_limitup,农业,农业,17,002124,天邦食品,10:17,False,2026-07-02,medium_archive_membership,True,formal_nonrisk_universe,matched_same_day_github_tradeable_evidence
2026-07-01,yyqyx_limitup,农业,农业,17,600975,新五丰,10:32,False,2026-07-02,medium_archive_membership,True,formal_nonrisk_universe,matched_same_day_github_tradeable_evidence
2026-07-01,yyqyx_limitup,农业,农业,17,603363,傲农生物,10:38,False,2026-07-02,medium_archive_membership,True,formal_nonrisk_universe,matched_same_day_github_tradeable_evidence
2026-07-01,yyqyx_limitup,农业,农业,17,300175,朗源股份,10:39,False,2026-07-02,medium_archive_membership,True,formal_nonrisk_universe,matched_same_day_github_tradeable_evidence
2026-07-01,yyqyx_limitup,农业,农业,17,000876,新希望,10:40,False,2026-07-02,medium_archive_membership,True,formal_nonrisk_universe,matched_same_day_github_tradeable_evidence
2026-07-01,yyqyx_limitup,农业,农业,17,002982,湘佳股份,10:49,False,2026-07-02,medium_archive_membership,True,formal_nonrisk_universe,matched_same_day_github_tradeable_evidence
2026-07-01,yyqyx_limitup,农业,农业,17,002840,华统股份,10:49,False,2026-07-02,medium_archive_membership,True,formal_nonrisk_universe,matched_same_day_github_tradeable_evidence
2026-07-01,yyqyx_limitup,农业,农业,17,001313,粤海饲料,13:04,False,2026-07-02,medium_archive_membership,True,formal_nonrisk_universe,matched_same_day_github_tradeable_evidence
2026-07-01,yyqyx_limitup,化工,化工,14,603379,三美股份,09:31,False,2026-07-02,medium_archive_membership,True,formal_nonrisk_universe,matched_same_day_github_tradeable_evidence
2026-07-01,yyqyx_limitup,化工,化工,14,603120,肯特催化,09:42,False,2026-07-02,medium_archive_membership,True,formal_nonrisk_universe,matched_same_day_github_tradeable_evidence
2026-07-01,yyqyx_limitup,化工,化工,14,603948,建业股份,09:42,False,2026-07-02,medium_archive_membership,True,formal_nonrisk_universe,matched_same_day_github_tradeable_evidence
2026-07-01,yyqyx_limitup,化工,化工,14,000545,金浦钛业,09:53,False,2026-07-02,medium_archive_membership,True,formal_nonrisk_universe,matched_same_day_github_tradeable_evidence
2026-07-01,yyqyx_limitup,化工,化工,14,600784,鲁银投资,10:27,False,2026-07-02,medium_archive_membership,True,formal_nonrisk_universe,matched_same_day_github_tradeable_evidence
2026-07-01,yyqyx_limitup,化工,化工,14,002455,百川股份,11:07,False,2026-07-02,medium_archive_membership,True,formal_nonrisk_universe,matched_same_day_github_tradeable_evidence
2026-07-01,yyqyx_limitup,化工,化工,14,603505,金石资源,11:12,False,2026-07-02,medium_archive_membership,True,formal_nonrisk_universe,matched_same_day_github_tradeable_evidence
2026-07-01,yyqyx_limitup,化工,化工,14,300481,濮阳惠成,13:05,False,2026-07-02,medium_archive_membership,True,formal_nonrisk_universe,matched_same_day_github_tradeable_evidence
2026-07-01,yyqyx_limitup,化工,化工,14,002440,闰土股份,13:06,False,2026-07-02,medium_archive_membership,True,formal_nonrisk_universe,matched_same_day_github_tradeable_evidence
2026-07-01,yyqyx_limitup,化工,化工,14,002971,和远气体,13:39,False,2026-07-02,medium_archive_membership,True,formal_nonrisk_universe,matched_same_day_github_tradeable_evidence
2026-07-01,yyqyx_limitup,地产链,地产,9,600641,先导基电,10:00,False,2026-07-02,medium_archive_membership,True,formal_nonrisk_universe,matched_same_day_github_tradeable_evidence
2026-07-01,yyqyx_limitup,地产链,地产,9,603725,天安新材,09:49,False,2026-07-02,medium_archive_membership,True,formal_nonrisk_universe,matched_same_day_github_tradeable_evidence
2026-07-01,yyqyx_limitup,地产链,地产,9,000863,三湘印象,09:55,False,2026-07-02,medium_archive_membership,True,formal_nonrisk_universe,matched_same_day_github_tradeable_evidence
2026-07-01,yyqyx_limitup,地产链,地产,9,600724,宁波富达,10:13,False,2026-07-02,medium_archive_membership,True,formal_nonrisk_universe,matched_same_day_github_tradeable_evidence
2026-07-01,yyqyx_limitup,地产链,地产,9,600665,天地源,10:35,False,2026-07-02,medium_archive_membership,True,formal_nonrisk_universe,matched_same_day_github_tradeable_evidence
2026-07-01,yyqyx_limitup,地产链,地产,9,600658,电子城,11:24,False,2026-07-02,medium_archive_membership,True,formal_nonrisk_universe,matched_same_day_github_tradeable_evidence
2026-07-01,yyqyx_limitup,算力,算力硬件,9,002929,润建股份,13:00,False,2026-07-02,medium_archive_membership,True,formal_nonrisk_universe,matched_same_day_github_tradeable_evidence
2026-07-01,yyqyx_limitup,算力,算力硬件,9,002313,日海智能,09:30,False,2026-07-02,medium_archive_membership,True,formal_nonrisk_universe,matched_same_day_github_tradeable_evidence
2026-07-01,yyqyx_limitup,算力,算力硬件,9,605289,罗曼股份,09:47,False,2026-07-02,medium_archive_membership,True,formal_nonrisk_universe,matched_same_day_github_tradeable_evidence
2026-07-01,yyqyx_limitup,算力,算力硬件,9,003007,直真科技,10:29,False,2026-07-02,medium_archive_membership,True,formal_nonrisk_universe,matched_same_day_github_tradeable_evidence
2026-07-01,yyqyx_limitup,算力,算力硬件,9,600673,东阳光,13:18,False,2026-07-02,medium_archive_membership,True,formal_nonrisk_universe,matched_same_day_github_tradeable_evidence
2026-07-01,yyqyx_limitup,算力,算力硬件,9,002123,梦网科技,13:29,False,2026-07-02,medium_archive_membership,True,formal_nonrisk_universe,matched_same_day_github_tradeable_evidence
2026-07-01,yyqyx_limitup,算力,算力硬件,9,002881,美格智能,13:39,False,2026-07-02,medium_archive_membership,True,formal_nonrisk_universe,matched_same_day_github_tradeable_evidence
2026-07-01,yyqyx_limitup,金融概念,金融概念,9,600783,鲁信创投,09:46,False,2026-07-02,medium_archive_membership,True,formal_nonrisk_universe,matched_same_day_github_tradeable_evidence
2026-07-01,yyqyx_limitup,金融概念,金融概念,9,300561,汇金科技,10:15,False,2026-07-02,medium_archive_membership,True,formal_nonrisk_universe,matched_same_day_github_tradeable_evidence
2026-07-01,yyqyx_limitup,金融概念,金融概念,9,600857,宁波中百,10:21,False,2026-07-02,medium_archive_membership,True,formal_nonrisk_universe,matched_same_day_github_tradeable_evidence
2026-07-01,yyqyx_limitup,金融概念,金融概念,9,002670,国盛证券,10:24,False,2026-07-02,medium_archive_membership,True,formal_nonrisk_universe,matched_same_day_github_tradeable_evidence
2026-07-01,yyqyx_limitup,金融概念,金融概念,9,600784,鲁银投资,10:27,False,2026-07-02,medium_archive_membership,True,formal_nonrisk_universe,matched_same_day_github_tradeable_evidence
2026-07-01,yyqyx_limitup,金融概念,金融概念,9,002423,中粮资本,10:50,False,2026-07-02,medium_archive_membership,True,formal_nonrisk_universe,matched_same_day_github_tradeable_evidence
2026-07-01,yyqyx_limitup,金融概念,金融概念,9,600826,兰生股份,13:03,False,2026-07-02,medium_archive_membership,True,formal_nonrisk_universe,matched_same_day_github_tradeable_evidence
2026-07-01,yyqyx_limitup,金融概念,金融概念,9,600446,金证股份,13:18,False,2026-07-02,medium_archive_membership,True,formal_nonrisk_universe,matched_same_day_github_tradeable_evidence
2026-07-01,yyqyx_limitup,医药,医药,8,688247,宣泰医药,10:44,False,2026-07-02,medium_archive_membership,True,formal_nonrisk_universe,matched_same_day_github_tradeable_evidence
2026-07-01,yyqyx_limitup,医药,医药,8,603567,珍宝岛,13:03,False,2026-07-02,medium_archive_membership,True,formal_nonrisk_universe,matched_same_day_github_tradeable_evidence
2026-07-01,yyqyx_limitup,医药,医药,8,688553,汇宇制药,13:28,False,2026-07-02,medium_archive_membership,True,formal_nonrisk_universe,matched_same_day_github_tradeable_evidence
2026-07-01,yyqyx_limitup,医药,医药,8,603351,威尔药业,13:51,False,2026-07-02,medium_archive_membership,True,formal_nonrisk_universe,matched_same_day_github_tradeable_evidence
2026-07-01,yyqyx_limitup,医药,医药,8,002826,易明医药,14:16,False,2026-07-02,medium_archive_membership,True,formal_nonrisk_universe,matched_same_day_github_tradeable_evidence
2026-07-01,yyqyx_limitup,基础建设,基础建设,8,603137,恒尚节能,09:25,False,2026-07-02,medium_archive_membership,True,formal_nonrisk_universe,matched_same_day_github_tradeable_evidence
2026-07-01,yyqyx_limitup,基础建设,基础建设,8,000068,华控赛格,09:39,False,2026-07-02,medium_archive_membership,True,formal_nonrisk_universe,matched_same_day_github_tradeable_evidence
2026-07-01,yyqyx_limitup,基础建设,基础建设,8,301279,金道科技,10:10,False,2026-07-02,medium_archive_membership,True,formal_nonrisk_universe,matched_same_day_github_tradeable_evidence
2026-07-01,yyqyx_limitup,基础建设,基础建设,8,605155,西大门,13:13,False,2026-07-02,medium_archive_membership,True,formal_nonrisk_universe,matched_same_day_github_tradeable_evidence
2026-07-01,yyqyx_limitup,并购重组,并购重组,8,603137,恒尚节能,09:25,False,2026-07-02,medium_archive_membership,True,formal_nonrisk_universe,matched_same_day_github_tradeable_evidence
2026-07-01,yyqyx_limitup,并购重组,并购重组,8,002635,安洁科技,09:25,False,2026-07-02,medium_archive_membership,True,formal_nonrisk_universe,matched_same_day_github_tradeable_evidence
2026-07-01,yyqyx_limitup,并购重组,并购重组,8,603014,威高血净,09:36,False,2026-07-02,medium_archive_membership,True,formal_nonrisk_universe,matched_same_day_github_tradeable_evidence
2026-07-01,yyqyx_limitup,并购重组,并购重组,8,000795,英洛华,09:36,False,2026-07-02,medium_archive_membership,True,formal_nonrisk_universe,matched_same_day_github_tradeable_evidence
2026-07-01,yyqyx_limitup,并购重组,并购重组,8,605289,罗曼股份,09:47,False,2026-07-02,medium_archive_membership,True,formal_nonrisk_universe,matched_same_day_github_tradeable_evidence
2026-07-01,yyqyx_limitup,并购重组,并购重组,8,600793,宜宾纸业,10:15,False,2026-07-02,medium_archive_membership,True,formal_nonrisk_universe,matched_same_day_github_tradeable_evidence
2026-07-01,yyqyx_limitup,股权转让,股权转让,8,002313,日海智能,09:30,False,2026-07-02,medium_archive_membership,True,formal_nonrisk_universe,matched_same_day_github_tradeable_evidence
2026-07-01,yyqyx_limitup,股权转让,股权转让,8,000536,华映科技,09:40,False,2026-07-02,medium_archive_membership,True,formal_nonrisk_universe,matched_same_day_github_tradeable_evidence
2026-07-01,yyqyx_limitup,股权转让,股权转让,8,000863,三湘印象,09:55,False,2026-07-02,medium_archive_membership,True,formal_nonrisk_universe,matched_same_day_github_tradeable_evidence
2026-07-01,yyqyx_limitup,股权转让,股权转让,8,603499,翔港科技,13:08,False,2026-07-02,medium_archive_membership,True,formal_nonrisk_universe,matched_same_day_github_tradeable_evidence
2026-07-01,yyqyx_limitup,芯片,半导体,8,600076,康欣新材,09:31,False,2026-07-02,medium_archive_membership,True,formal_nonrisk_universe,matched_same_day_github_tradeable_evidence
2026-07-01,yyqyx_limitup,芯片,半导体,8,688728,格科微,13:33,False,2026-07-02,medium_archive_membership,True,formal_nonrisk_universe,matched_same_day_github_tradeable_evidence
2026-07-01,yyqyx_limitup,芯片,半导体,8,002559,亚威股份,09:25,False,2026-07-02,medium_archive_membership,True,formal_nonrisk_universe,matched_same_day_github_tradeable_evidence
2026-07-01,yyqyx_limitup,芯片,半导体,8,000733,振华科技,09:30,False,2026-07-02,medium_archive_membership,True,formal_nonrisk_universe,matched_same_day_github_tradeable_evidence
2026-07-01,yyqyx_limitup,芯片,半导体,8,688571,杭华股份,10:03,False,2026-07-02,medium_archive_membership,True,formal_nonrisk_universe,matched_same_day_github_tradeable_evidence
2026-07-01,yyqyx_limitup,芯片,半导体,8,603353,和顺石油,10:44,False,2026-07-02,medium_archive_membership,True,formal_nonrisk_universe,matched_same_day_github_tradeable_evidence
2026-07-01,yyqyx_limitup,芯片,半导体,8,002930,宏川智慧,13:29,False,2026-07-02,medium_archive_membership,True,formal_nonrisk_universe,matched_same_day_github_tradeable_evidence
2026-07-02,yyqyx_limitup,机器人概念,机器人,21,605189,富春染织,13:34,False,2026-07-03,medium_archive_membership,True,formal_nonrisk_universe,matched_same_day_github_tradeable_evidence
2026-07-02,yyqyx_limitup,机器人概念,机器人,21,002979,雷赛智能,09:25,False,2026-07-03,medium_archive_membership,True,formal_nonrisk_universe,matched_same_day_github_tradeable_evidence
2026-07-02,yyqyx_limitup,机器人概念,机器人,21,603286,日盈电子,09:32,False,2026-07-03,medium_archive_membership,True,formal_nonrisk_universe,matched_same_day_github_tradeable_evidence
2026-07-02,yyqyx_limitup,机器人概念,机器人,21,603897,长城科技,09:35,False,2026-07-03,medium_archive_membership,True,formal_nonrisk_universe,matched_same_day_github_tradeable_evidence
2026-07-02,yyqyx_limitup,机器人概念,机器人,21,603273,天元智能,09:43,False,2026-07-03,medium_archive_membership,True,formal_nonrisk_universe,matched_same_day_github_tradeable_evidence
2026-07-02,yyqyx_limitup,机器人概念,机器人,21,603926,铁流股份,09:46,False,2026-07-03,medium_archive_membership,True,formal_nonrisk_universe,matched_same_day_github_tradeable_evidence
2026-07-02,yyqyx_limitup,机器人概念,机器人,21,002931,锋龙股份,09:57,False,2026-07-03,medium_archive_membership,True,formal_nonrisk_universe,matched_same_day_github_tradeable_evidence
2026-07-02,yyqyx_limitup,机器人概念,机器人,21,605055,迎丰股份,09:58,False,2026-07-03,medium_archive_membership,True,formal_nonrisk_universe,matched_same_day_github_tradeable_evidence
2026-07-02,yyqyx_limitup,机器人概念,机器人,21,603416,信捷电气,10:02,False,2026-07-03,medium_archive_membership,True,formal_nonrisk_universe,matched_same_day_github_tradeable_evidence
2026-07-02,yyqyx_limitup,机器人概念,机器人,21,301008,宏昌科技,10:09,False,2026-07-03,medium_archive_membership,True,formal_nonrisk_universe,matched_same_day_github_tradeable_evidence
2026-07-02,yyqyx_limitup,机器人概念,机器人,21,000700,模塑科技,10:09,False,2026-07-03,medium_archive_membership,True,formal_nonrisk_universe,matched_same_day_github_tradeable_evidence
2026-07-02,yyqyx_limitup,机器人概念,机器人,21,603337,杰克科技,10:16,False,2026-07-03,medium_archive_membership,True,formal_nonrisk_universe,matched_same_day_github_tradeable_evidence
2026-07-02,yyqyx_limitup,机器人概念,机器人,21,603638,艾迪精密,10:22,False,2026-07-03,medium_archive_membership,True,formal_nonrisk_universe,matched_same_day_github_tradeable_evidence
2026-07-02,yyqyx_limitup,机器人概念,机器人,21,001319,铭科精技,10:45,False,2026-07-03,medium_archive_membership,True,formal_nonrisk_universe,matched_same_day_github_tradeable_evidence
2026-07-02,yyqyx_limitup,机器人概念,机器人,21,603608,天创时尚,11:10,False,2026-07-03,medium_archive_membership,True,formal_nonrisk_universe,matched_same_day_github_tradeable_evidence
2026-07-02,yyqyx_limitup,机器人概念,机器人,21,603338,浙江鼎力,13:00,False,2026-07-03,medium_archive_membership,True,formal_nonrisk_universe,matched_same_day_github_tradeable_evidence
2026-07-02,yyqyx_limitup,机器人概念,机器人,21,603135,中重科技,13:01,False,2026-07-03,medium_archive_membership,True,formal_nonrisk_universe,matched_same_day_github_tradeable_evidence
2026-07-02,yyqyx_limitup,机器人概念,机器人,21,600480,凌云股份,13:44,False,2026-07-03,medium_archive_membership,True,formal_nonrisk_universe,matched_same_day_github_tradeable_evidence
2026-07-02,yyqyx_limitup,机器人概念,机器人,21,300695,兆丰股份,14:23,False,2026-07-03,medium_archive_membership,True,formal_nonrisk_universe,matched_same_day_github_tradeable_evidence
2026-07-02,yyqyx_limitup,化工,化工,11,002971,和远气体,09:40,False,2026-07-03,medium_archive_membership,True,formal_nonrisk_universe,matched_same_day_github_tradeable_evidence
2026-07-02,yyqyx_limitup,化工,化工,11,603505,金石资源,11:28,False,2026-07-03,medium_archive_membership,True,formal_nonrisk_universe,matched_same_day_github_tradeable_evidence
2026-07-02,yyqyx_limitup,化工,化工,11,002998,优彩资源,09:25,False,2026-07-03,medium_archive_membership,True,formal_nonrisk_universe,matched_same_day_github_tradeable_evidence
2026-07-02,yyqyx_limitup,化工,化工,11,002427,尤夫股份,09:39,False,2026-07-03,medium_archive_membership,True,formal_nonrisk_universe,matched_same_day_github_tradeable_evidence
2026-07-02,yyqyx_limitup,化工,化工,11,601678,滨化股份,09:50,False,2026-07-03,medium_archive_membership,True,formal_nonrisk_universe,matched_same_day_github_tradeable_evidence
2026-07-02,yyqyx_limitup,化工,化工,11,301019,宁波色母,10:01,False,2026-07-03,medium_archive_membership,True,formal_nonrisk_universe,matched_same_day_github_tradeable_evidence
2026-07-02,yyqyx_limitup,化工,化工,11,001378,德冠新材,10:06,False,2026-07-03,medium_archive_membership,True,formal_nonrisk_universe,matched_same_day_github_tradeable_evidence
2026-07-02,yyqyx_limitup,化工,化工,11,605020,永和股份,11:20,False,2026-07-03,medium_archive_membership,True,formal_nonrisk_universe,matched_same_day_github_tradeable_evidence
2026-07-02,yyqyx_limitup,基础建设,基础建设,10,603137,恒尚节能,09:25,False,2026-07-03,medium_archive_membership,True,formal_nonrisk_universe,matched_same_day_github_tradeable_evidence
2026-07-02,yyqyx_limitup,基础建设,基础建设,10,603273,天元智能,09:43,False,2026-07-03,medium_archive_membership,True,formal_nonrisk_universe,matched_same_day_github_tradeable_evidence
2026-07-02,yyqyx_limitup,基础建设,基础建设,10,600815,厦工股份,09:45,False,2026-07-03,medium_archive_membership,True,formal_nonrisk_universe,matched_same_day_github_tradeable_evidence
2026-07-02,yyqyx_limitup,基础建设,基础建设,10,300163,先锋新材,09:58,False,2026-07-03,medium_archive_membership,True,formal_nonrisk_universe,matched_same_day_github_tradeable_evidence
2026-07-02,yyqyx_limitup,基础建设,基础建设,10,603638,艾迪精密,10:22,False,2026-07-03,medium_archive_membership,True,formal_nonrisk_universe,matched_same_day_github_tradeable_evidence
2026-07-02,yyqyx_limitup,基础建设,基础建设,10,603338,浙江鼎力,13:00,False,2026-07-03,medium_archive_membership,True,formal_nonrisk_universe,matched_same_day_github_tradeable_evidence
2026-07-02,yyqyx_limitup,农业,农业,8,001313,粤海饲料,13:01,False,2026-07-03,medium_archive_membership,True,formal_nonrisk_universe,matched_same_day_github_tradeable_evidence
2026-07-02,yyqyx_limitup,农业,农业,8,603717,天域生物,09:44,False,2026-07-03,medium_archive_membership,True,formal_nonrisk_universe,matched_same_day_github_tradeable_evidence
2026-07-02,yyqyx_limitup,农业,农业,8,002258,利尔化学,13:04,False,2026-07-03,medium_archive_membership,True,formal_nonrisk_universe,matched_same_day_github_tradeable_evidence
2026-07-02,yyqyx_limitup,农业,农业,8,002696,百洋股份,14:14,False,2026-07-03,medium_archive_membership,True,formal_nonrisk_universe,matched_same_day_github_tradeable_evidence
2026-07-02,yyqyx_limitup,服装家纺,服装家纺,7,605189,富春染织,13:34,False,2026-07-03,medium_archive_membership,True,formal_nonrisk_universe,matched_same_day_github_tradeable_evidence
2026-07-02,yyqyx_limitup,服装家纺,服装家纺,7,600630,龙头股份,09:48,False,2026-07-03,medium_archive_membership,True,formal_nonrisk_universe,matched_same_day_github_tradeable_evidence
2026-07-02,yyqyx_limitup,服装家纺,服装家纺,7,605055,迎丰股份,09:58,False,2026-07-03,medium_archive_membership,True,formal_nonrisk_universe,matched_same_day_github_tradeable_evidence
2026-07-02,yyqyx_limitup,服装家纺,服装家纺,7,603608,天创时尚,11:10,False,2026-07-03,medium_archive_membership,True,formal_nonrisk_universe,matched_same_day_github_tradeable_evidence
2026-07-02,yyqyx_limitup,服装家纺,服装家纺,7,002029,七匹狼,13:09,False,2026-07-03,medium_archive_membership,True,formal_nonrisk_universe,matched_same_day_github_tradeable_evidence
2026-07-02,yyqyx_limitup,服装家纺,服装家纺,7,002674,兴业科技,13:31,False,2026-07-03,medium_archive_membership,True,formal_nonrisk_universe,matched_same_day_github_tradeable_evidence
2026-07-02,yyqyx_limitup,股权转让,股权转让,7,000536,华映科技,09:51,False,2026-07-03,medium_archive_membership,True,formal_nonrisk_universe,matched_same_day_github_tradeable_evidence
2026-07-02,yyqyx_limitup,股权转让,股权转让,7,000890,法尔胜,09:35,False,2026-07-03,medium_archive_membership,True,formal_nonrisk_universe,matched_same_day_github_tradeable_evidence
2026-07-02,yyqyx_limitup,股权转让,股权转让,7,002931,锋龙股份,09:57,False,2026-07-03,medium_archive_membership,True,formal_nonrisk_universe,matched_same_day_github_tradeable_evidence
2026-07-02,yyqyx_limitup,AI应用,AI应用,6,002354,天娱数科,09:30,False,2026-07-03,medium_archive_membership,True,formal_nonrisk_universe,matched_same_day_github_tradeable_evidence
2026-07-02,yyqyx_limitup,AI应用,AI应用,6,300071,福石控股,09:32,False,2026-07-03,medium_archive_membership,True,formal_nonrisk_universe,matched_same_day_github_tradeable_evidence
2026-07-02,yyqyx_limitup,AI应用,AI应用,6,002995,天地在线,09:32,False,2026-07-03,medium_archive_membership,True,formal_nonrisk_universe,matched_same_day_github_tradeable_evidence
2026-07-02,yyqyx_limitup,AI应用,AI应用,6,000892,欢瑞世纪,09:32,False,2026-07-03,medium_archive_membership,True,formal_nonrisk_universe,matched_same_day_github_tradeable_evidence
2026-07-02,yyqyx_limitup,AI应用,AI应用,6,002798,帝欧水华,09:46,False,2026-07-03,medium_archive_membership,True,formal_nonrisk_universe,matched_same_day_github_tradeable_evidence
2026-07-02,yyqyx_limitup,地产链,地产,6,600641,先导基电,09:25,False,2026-07-03,medium_archive_membership,True,formal_nonrisk_universe,matched_same_day_github_tradeable_evidence
2026-07-02,yyqyx_limitup,地产链,地产,6,002596,海南瑞泽,09:46,False,2026-07-03,medium_archive_membership,True,formal_nonrisk_universe,matched_same_day_github_tradeable_evidence
2026-07-02,yyqyx_limitup,通信,通信,6,301092,争光股份,09:35,False,2026-07-03,medium_archive_membership,True,formal_nonrisk_universe,matched_same_day_github_tradeable_evidence
2026-07-02,yyqyx_limitup,通信,通信,6,000890,法尔胜,09:35,False,2026-07-03,medium_archive_membership,True,formal_nonrisk_universe,matched_same_day_github_tradeable_evidence
2026-07-02,yyqyx_limitup,通信,通信,6,603928,兴业股份,09:49,False,2026-07-03,medium_archive_membership,True,formal_nonrisk_universe,matched_same_day_github_tradeable_evidence
2026-07-02,yyqyx_limitup,医药,医药,5,002826,易明医药,09:32,False,2026-07-03,medium_archive_membership,True,formal_nonrisk_universe,matched_same_day_github_tradeable_evidence
2026-07-02,yyqyx_limitup,医药,医药,5,002020,京新药业,09:25,False,2026-07-03,medium_archive_membership,True,formal_nonrisk_universe,matched_same_day_github_tradeable_evidence
2026-07-02,yyqyx_limitup,医药,医药,5,600630,龙头股份,09:48,False,2026-07-03,medium_archive_membership,True,formal_nonrisk_universe,matched_same_day_github_tradeable_evidence
2026-07-02,yyqyx_limitup,医药,医药,5,002693,双成药业,13:52,False,2026-07-03,medium_archive_membership,True,formal_nonrisk_universe,matched_same_day_github_tradeable_evidence
2026-07-03,yyqyx_limitup,机器人概念,机器人,42,605189,富春染织,13:18,False,2026-07-06,medium_archive_membership,True,formal_nonrisk_universe,matched_same_day_github_tradeable_evidence
2026-07-03,yyqyx_limitup,机器人概念,机器人,42,002979,雷赛智能,09:25,False,2026-07-06,medium_archive_membership,True,formal_nonrisk_universe,matched_same_day_github_tradeable_evidence
2026-07-03,yyqyx_limitup,机器人概念,机器人,42,603286,日盈电子,10:17,False,2026-07-06,medium_archive_membership,True,formal_nonrisk_universe,matched_same_day_github_tradeable_evidence
2026-07-03,yyqyx_limitup,机器人概念,机器人,42,600376,首开股份,09:25,False,2026-07-06,medium_archive_membership,True,formal_nonrisk_universe,matched_same_day_github_tradeable_evidence
2026-07-03,yyqyx_limitup,机器人概念,机器人,42,002067,景兴纸业,09:33,False,2026-07-06,medium_archive_membership,True,formal_nonrisk_universe,matched_same_day_github_tradeable_evidence
2026-07-03,yyqyx_limitup,机器人概念,机器人,42,002747,埃斯顿,09:34,False,2026-07-06,medium_archive_membership,True,formal_nonrisk_universe,matched_same_day_github_tradeable_evidence
2026-07-03,yyqyx_limitup,机器人概念,机器人,42,605068,明新旭腾,09:35,False,2026-07-06,medium_archive_membership,True,formal_nonrisk_universe,matched_same_day_github_tradeable_evidence
2026-07-03,yyqyx_limitup,机器人概念,机器人,42,002520,日发精机,09:35,False,2026-07-06,medium_archive_membership,True,formal_nonrisk_universe,matched_same_day_github_tradeable_evidence
2026-07-03,yyqyx_limitup,机器人概念,机器人,42,603211,晋拓股份,09:36,False,2026-07-06,medium_archive_membership,True,formal_nonrisk_universe,matched_same_day_github_tradeable_evidence
2026-07-03,yyqyx_limitup,机器人概念,机器人,42,001306,夏厦精密,09:36,False,2026-07-06,medium_archive_membership,True,formal_nonrisk_universe,matched_same_day_github_tradeable_evidence
2026-07-03,yyqyx_limitup,机器人概念,机器人,42,601177,杭齿前进,09:43,False,2026-07-06,medium_archive_membership,True,formal_nonrisk_universe,matched_same_day_github_tradeable_evidence
2026-07-03,yyqyx_limitup,机器人概念,机器人,42,603178,圣龙股份,09:45,False,2026-07-06,medium_archive_membership,True,formal_nonrisk_universe,matched_same_day_github_tradeable_evidence
2026-07-03,yyqyx_limitup,机器人概念,机器人,42,300912,凯龙高科,09:45,False,2026-07-06,medium_archive_membership,True,formal_nonrisk_universe,matched_same_day_github_tradeable_evidence
2026-07-03,yyqyx_limitup,机器人概念,机器人,42,002249,大洋电机,09:45,False,2026-07-06,medium_archive_membership,True,formal_nonrisk_universe,matched_same_day_github_tradeable_evidence
2026-07-03,yyqyx_limitup,机器人概念,机器人,42,002765,蓝黛科技,09:50,False,2026-07-06,medium_archive_membership,True,formal_nonrisk_universe,matched_same_day_github_tradeable_evidence
2026-07-03,yyqyx_limitup,机器人概念,机器人,42,002434,万里扬,09:59,False,2026-07-06,medium_archive_membership,True,formal_nonrisk_universe,matched_same_day_github_tradeable_evidence
2026-07-03,yyqyx_limitup,机器人概念,机器人,42,002981,朝阳科技,10:06,False,2026-07-06,medium_archive_membership,True,formal_nonrisk_universe,matched_same_day_github_tradeable_evidence
2026-07-03,yyqyx_limitup,机器人概念,机器人,42,603165,荣晟环保,10:07,False,2026-07-06,medium_archive_membership,True,formal_nonrisk_universe,matched_same_day_github_tradeable_evidence
2026-07-03,yyqyx_limitup,机器人概念,机器人,42,603730,岱美股份,10:09,False,2026-07-06,medium_archive_membership,True,formal_nonrisk_universe,matched_same_day_github_tradeable_evidence
2026-07-03,yyqyx_limitup,机器人概念,机器人,42,002896,中大力德,10:10,False,2026-07-06,medium_archive_membership,True,formal_nonrisk_universe,matched_same_day_github_tradeable_evidence
2026-07-03,yyqyx_limitup,机器人概念,机器人,42,002850,科达利,10:17,False,2026-07-06,medium_archive_membership,True,formal_nonrisk_universe,matched_same_day_github_tradeable_evidence
2026-07-03,yyqyx_limitup,机器人概念,机器人,42,603596,伯特利,10:24,False,2026-07-06,medium_archive_membership,True,formal_nonrisk_universe,matched_same_day_github_tradeable_evidence
2026-07-03,yyqyx_limitup,机器人概念,机器人,42,002090,金智科技,10:28,False,2026-07-06,medium_archive_membership,True,formal_nonrisk_universe,matched_same_day_github_tradeable_evidence
2026-07-03,yyqyx_limitup,机器人概念,机器人,42,002472,双环传动,10:29,False,2026-07-06,medium_archive_membership,True,formal_nonrisk_universe,matched_same_day_github_tradeable_evidence
2026-07-03,yyqyx_limitup,机器人概念,机器人,42,603051,鹿山新材,11:02,False,2026-07-06,medium_archive_membership,True,formal_nonrisk_universe,matched_same_day_github_tradeable_evidence
2026-07-03,yyqyx_limitup,机器人概念,机器人,42,002664,信质集团,11:18,False,2026-07-06,medium_archive_membership,True,formal_nonrisk_universe,matched_same_day_github_tradeable_evidence
2026-07-03,yyqyx_limitup,机器人概念,机器人,42,002283,天润工业,13:02,False,2026-07-06,medium_archive_membership,True,formal_nonrisk_universe,matched_same_day_github_tradeable_evidence
2026-07-03,yyqyx_limitup,机器人概念,机器人,42,003028,振邦智能,13:03,False,2026-07-06,medium_archive_membership,True,formal_nonrisk_universe,matched_same_day_github_tradeable_evidence
2026-07-03,yyqyx_limitup,机器人概念,机器人,42,300580,贝斯特,13:04,False,2026-07-06,medium_archive_membership,True,formal_nonrisk_universe,matched_same_day_github_tradeable_evidence
2026-07-03,yyqyx_limitup,机器人概念,机器人,42,603915,国茂股份,13:08,False,2026-07-06,medium_archive_membership,True,formal_nonrisk_universe,matched_same_day_github_tradeable_evidence
2026-07-03,yyqyx_limitup,机器人概念,机器人,42,603278,大业股份,13:09,False,2026-07-06,medium_archive_membership,True,formal_nonrisk_universe,matched_same_day_github_tradeable_evidence
2026-07-03,yyqyx_limitup,机器人概念,机器人,42,601689,拓普集团,13:09,False,2026-07-06,medium_archive_membership,True,formal_nonrisk_universe,matched_same_day_github_tradeable_evidence
2026-07-03,yyqyx_limitup,机器人概念,机器人,42,301596,瑞迪智驱,13:09,False,2026-07-06,medium_archive_membership,True,formal_nonrisk_universe,matched_same_day_github_tradeable_evidence
2026-07-03,yyqyx_limitup,机器人概念,机器人,42,300718,长盛轴承,13:13,False,2026-07-06,medium_archive_membership,True,formal_nonrisk_universe,matched_same_day_github_tradeable_evidence
2026-07-03,yyqyx_limitup,机器人概念,机器人,42,600592,龙溪股份,13:18,False,2026-07-06,medium_archive_membership,True,formal_nonrisk_universe,matched_same_day_github_tradeable_evidence
2026-07-03,yyqyx_limitup,机器人概念,机器人,42,603466,风语筑,13:22,False,2026-07-06,medium_archive_membership,True,formal_nonrisk_universe,matched_same_day_github_tradeable_evidence
2026-07-03,yyqyx_limitup,机器人概念,机器人,42,301499,维科精密,13:46,False,2026-07-06,medium_archive_membership,True,formal_nonrisk_universe,matched_same_day_github_tradeable_evidence
2026-07-03,yyqyx_limitup,机器人概念,机器人,42,002767,先锋电子,13:50,False,2026-07-06,medium_archive_membership,True,formal_nonrisk_universe,matched_same_day_github_tradeable_evidence
2026-07-03,yyqyx_limitup,机器人概念,机器人,42,301199,迈赫股份,14:05,False,2026-07-06,medium_archive_membership,True,formal_nonrisk_universe,matched_same_day_github_tradeable_evidence
2026-07-03,yyqyx_limitup,机器人概念,机器人,42,002988,豪美新材,14:06,False,2026-07-06,medium_archive_membership,True,formal_nonrisk_universe,matched_same_day_github_tradeable_evidence
2026-07-03,yyqyx_limitup,汽车零部件,汽车,11,001306,夏厦精密,09:36,False,2026-07-06,medium_archive_membership,True,formal_nonrisk_universe,matched_same_day_github_tradeable_evidence
2026-07-03,yyqyx_limitup,汽车零部件,汽车,11,300912,凯龙高科,09:45,False,2026-07-06,medium_archive_membership,True,formal_nonrisk_universe,matched_same_day_github_tradeable_evidence
2026-07-03,yyqyx_limitup,汽车零部件,汽车,11,002765,蓝黛科技,09:50,False,2026-07-06,medium_archive_membership,True,formal_nonrisk_universe,matched_same_day_github_tradeable_evidence
2026-07-03,yyqyx_limitup,汽车零部件,汽车,11,603730,岱美股份,10:09,False,2026-07-06,medium_archive_membership,True,formal_nonrisk_universe,matched_same_day_github_tradeable_evidence
2026-07-03,yyqyx_limitup,汽车零部件,汽车,11,605255,天普股份,13:01,False,2026-07-06,medium_archive_membership,True,formal_nonrisk_universe,matched_same_day_github_tradeable_evidence
2026-07-03,yyqyx_limitup,汽车零部件,汽车,11,003028,振邦智能,13:03,False,2026-07-06,medium_archive_membership,True,formal_nonrisk_universe,matched_same_day_github_tradeable_evidence
2026-07-03,yyqyx_limitup,汽车零部件,汽车,11,003021,兆威机电,13:04,False,2026-07-06,medium_archive_membership,True,formal_nonrisk_universe,matched_same_day_github_tradeable_evidence
2026-07-03,yyqyx_limitup,汽车零部件,汽车,11,603013,亚普股份,13:12,False,2026-07-06,medium_archive_membership,True,formal_nonrisk_universe,matched_same_day_github_tradeable_evidence
2026-07-03,yyqyx_limitup,汽车零部件,汽车,11,002715,登云股份,14:10,False,2026-07-06,medium_archive_membership,True,formal_nonrisk_universe,matched_same_day_github_tradeable_evidence
2026-07-03,yyqyx_limitup,基础建设,基础建设,7,603137,恒尚节能,09:25,False,2026-07-06,medium_archive_membership,True,formal_nonrisk_universe,matched_same_day_github_tradeable_evidence
2026-07-03,yyqyx_limitup,基础建设,基础建设,7,603338,浙江鼎力,11:23,False,2026-07-06,medium_archive_membership,True,formal_nonrisk_universe,matched_same_day_github_tradeable_evidence
2026-07-03,yyqyx_limitup,基础建设,基础建设,7,600801,华新建材,09:46,False,2026-07-06,medium_archive_membership,True,formal_nonrisk_universe,matched_same_day_github_tradeable_evidence
2026-07-03,yyqyx_limitup,基础建设,基础建设,7,002377,国创高新,14:12,False,2026-07-06,medium_archive_membership,True,formal_nonrisk_universe,matched_same_day_github_tradeable_evidence
2026-07-03,yyqyx_limitup,基础建设,基础建设,7,601100,恒立液压,14:18,False,2026-07-06,medium_archive_membership,True,formal_nonrisk_universe,matched_same_day_github_tradeable_evidence
2026-07-03,yyqyx_limitup,宇树机器人,机器人,7,002148,北纬科技,09:25,False,2026-07-06,medium_archive_membership,True,formal_nonrisk_universe,matched_same_day_github_tradeable_evidence
2026-07-03,yyqyx_limitup,宇树机器人,机器人,7,600580,卧龙电驱,10:02,False,2026-07-06,medium_archive_membership,True,formal_nonrisk_universe,matched_same_day_github_tradeable_evidence
2026-07-03,yyqyx_limitup,宇树机器人,机器人,7,600143,金发科技,11:26,False,2026-07-06,medium_archive_membership,True,formal_nonrisk_universe,matched_same_day_github_tradeable_evidence
2026-07-03,yyqyx_limitup,商业航天,商业航天,6,001270,铖昌科技,09:33,False,2026-07-06,medium_archive_membership,True,formal_nonrisk_universe,matched_same_day_github_tradeable_evidence
2026-07-03,yyqyx_limitup,商业航天,商业航天,6,300129,泰胜风能,10:50,False,2026-07-06,medium_archive_membership,True,formal_nonrisk_universe,matched_same_day_github_tradeable_evidence
2026-07-03,yyqyx_limitup,商业航天,商业航天,6,001400,江顺科技,11:08,False,2026-07-06,medium_archive_membership,True,formal_nonrisk_universe,matched_same_day_github_tradeable_evidence
2026-07-03,yyqyx_limitup,商业航天,商业航天,6,688311,盟升电子,14:04,False,2026-07-06,medium_archive_membership,True,formal_nonrisk_universe,matched_same_day_github_tradeable_evidence
2026-07-03,yyqyx_limitup,商业航天,商业航天,6,600990,四创电子,14:27,False,2026-07-06,medium_archive_membership,True,formal_nonrisk_universe,matched_same_day_github_tradeable_evidence
2026-07-03,yyqyx_limitup,并购重组,并购重组,6,603137,恒尚节能,09:25,False,2026-07-06,medium_archive_membership,True,formal_nonrisk_universe,matched_same_day_github_tradeable_evidence
2026-07-03,yyqyx_limitup,并购重组,并购重组,6,600793,宜宾纸业,09:30,False,2026-07-06,medium_archive_membership,True,formal_nonrisk_universe,matched_same_day_github_tradeable_evidence
2026-07-03,yyqyx_limitup,并购重组,并购重组,6,002635,安洁科技,09:48,False,2026-07-06,medium_archive_membership,True,formal_nonrisk_universe,matched_same_day_github_tradeable_evidence
2026-07-03,yyqyx_limitup,算力,算力硬件,6,603798,康普顿,09:41,False,2026-07-06,medium_archive_membership,True,formal_nonrisk_universe,matched_same_day_github_tradeable_evidence
2026-07-03,yyqyx_limitup,算力,算力硬件,6,002536,飞龙股份,09:41,False,2026-07-06,medium_archive_membership,True,formal_nonrisk_universe,matched_same_day_github_tradeable_evidence
2026-07-03,yyqyx_limitup,算力,算力硬件,6,002771,真视通,10:00,False,2026-07-06,medium_archive_membership,True,formal_nonrisk_universe,matched_same_day_github_tradeable_evidence
2026-07-03,yyqyx_limitup,算力,算力硬件,6,001400,江顺科技,11:08,False,2026-07-06,medium_archive_membership,True,formal_nonrisk_universe,matched_same_day_github_tradeable_evidence
2026-07-03,yyqyx_limitup,黄金,资源有色,6,000506,招金黄金,09:30,False,2026-07-06,medium_archive_membership,True,formal_nonrisk_universe,matched_same_day_github_tradeable_evidence
2026-07-03,yyqyx_limitup,黄金,资源有色,6,600988,赤峰黄金,09:31,False,2026-07-06,medium_archive_membership,True,formal_nonrisk_universe,matched_same_day_github_tradeable_evidence
2026-07-03,yyqyx_limitup,黄金,资源有色,6,000975,山金国际,09:31,False,2026-07-06,medium_archive_membership,True,formal_nonrisk_universe,matched_same_day_github_tradeable_evidence
2026-07-03,yyqyx_limitup,黄金,资源有色,6,001337,四川黄金,09:33,False,2026-07-06,medium_archive_membership,True,formal_nonrisk_universe,matched_same_day_github_tradeable_evidence
2026-07-03,yyqyx_limitup,黄金,资源有色,6,601069,西部黄金,09:35,False,2026-07-06,medium_archive_membership,True,formal_nonrisk_universe,matched_same_day_github_tradeable_evidence
2026-07-03,yyqyx_limitup,黄金,资源有色,6,002715,登云股份,14:10,False,2026-07-06,medium_archive_membership,True,formal_nonrisk_universe,matched_same_day_github_tradeable_evidence
2026-07-03,yyqyx_limitup,ST摘帽,ST摘帽,5,002868,绿康生化,09:37,False,2026-07-06,medium_archive_membership,True,formal_nonrisk_universe,matched_same_day_github_tradeable_evidence
2026-07-03,yyqyx_limitup,军工,军工,5,001268,联合精密,11:12,False,2026-07-06,medium_archive_membership,True,formal_nonrisk_universe,matched_same_day_github_tradeable_evidence
2026-07-03,yyqyx_limitup,军工,军工,5,600592,龙溪股份,13:18,False,2026-07-06,medium_archive_membership,True,formal_nonrisk_universe,matched_same_day_github_tradeable_evidence
2026-07-03,yyqyx_limitup,军工,军工,5,688311,盟升电子,14:04,False,2026-07-06,medium_archive_membership,True,formal_nonrisk_universe,matched_same_day_github_tradeable_evidence
2026-07-03,yyqyx_limitup,天然气,天然气,5,002700,万憬能源,09:52,False,2026-07-06,medium_archive_membership,True,formal_nonrisk_universe,matched_same_day_github_tradeable_evidence
2026-07-03,yyqyx_limitup,天然气,天然气,5,300985,致远新能,13:01,False,2026-07-06,medium_archive_membership,True,formal_nonrisk_universe,matched_same_day_github_tradeable_evidence
2026-07-03,yyqyx_limitup,天然气,天然气,5,002767,先锋电子,13:50,False,2026-07-06,medium_archive_membership,True,formal_nonrisk_universe,matched_same_day_github_tradeable_evidence
2026-07-03,yyqyx_limitup,天然气,天然气,5,002377,国创高新,14:12,False,2026-07-06,medium_archive_membership,True,formal_nonrisk_universe,matched_same_day_github_tradeable_evidence
2026-07-06,yyqyx_limitup,液冷,算力硬件,8,605060,XD联德股,09:37,False,2026-07-07,medium_archive_membership,True,formal_nonrisk_universe,matched_same_day_github_tradeable_evidence
2026-07-06,yyqyx_limitup,液冷,算力硬件,8,603269,海鸥股份,09:38,False,2026-07-07,medium_archive_membership,True,formal_nonrisk_universe,matched_same_day_github_tradeable_evidence
2026-07-06,yyqyx_limitup,液冷,算力硬件,8,603757,大元泵业,09:45,False,2026-07-07,medium_archive_membership,True,formal_nonrisk_universe,matched_same_day_github_tradeable_evidence
2026-07-06,yyqyx_limitup,液冷,算力硬件,8,300684,中石科技,09:50,False,2026-07-07,medium_archive_membership,True,formal_nonrisk_universe,matched_same_day_github_tradeable_evidence
2026-07-06,yyqyx_limitup,液冷,算力硬件,8,603090,宏盛股份,09:52,False,2026-07-07,medium_archive_membership,True,formal_nonrisk_universe,matched_same_day_github_tradeable_evidence
2026-07-06,yyqyx_limitup,液冷,算力硬件,8,301317,鑫磊股份,13:06,False,2026-07-07,medium_archive_membership,True,formal_nonrisk_universe,matched_same_day_github_tradeable_evidence
2026-07-06,yyqyx_limitup,液冷,算力硬件,8,000066,中国长城,13:12,False,2026-07-07,medium_archive_membership,True,formal_nonrisk_universe,matched_same_day_github_tradeable_evidence
2026-07-06,yyqyx_limitup,液冷,算力硬件,8,000938,紫光股份,13:46,False,2026-07-07,medium_archive_membership,True,formal_nonrisk_universe,matched_same_day_github_tradeable_evidence
2026-07-06,yyqyx_limitup,并购重组,并购重组,6,603137,恒尚节能,09:25,False,2026-07-07,medium_archive_membership,True,formal_nonrisk_universe,matched_same_day_github_tradeable_evidence
2026-07-06,yyqyx_limitup,并购重组,并购重组,6,600793,宜宾纸业,09:36,False,2026-07-07,medium_archive_membership,True,formal_nonrisk_universe,matched_same_day_github_tradeable_evidence
2026-07-06,yyqyx_limitup,并购重组,并购重组,6,603020,爱普股份,09:42,False,2026-07-07,medium_archive_membership,True,formal_nonrisk_universe,matched_same_day_github_tradeable_evidence
2026-07-06,yyqyx_limitup,并购重组,并购重组,6,688206,概伦电子,09:43,False,2026-07-07,medium_archive_membership,True,formal_nonrisk_universe,matched_same_day_github_tradeable_evidence
2026-07-06,yyqyx_limitup,并购重组,并购重组,6,603268,松发股份,09:44,False,2026-07-07,medium_archive_membership,True,formal_nonrisk_universe,matched_same_day_github_tradeable_evidence
2026-07-06,yyqyx_limitup,并购重组,并购重组,6,603201,常润股份,09:44,False,2026-07-07,medium_archive_membership,True,formal_nonrisk_universe,matched_same_day_github_tradeable_evidence
2026-07-06,yyqyx_limitup,机器人概念,机器人,6,002767,先锋电子,09:30,False,2026-07-07,medium_archive_membership,True,formal_nonrisk_universe,matched_same_day_github_tradeable_evidence
2026-07-06,yyqyx_limitup,机器人概念,机器人,6,603211,晋拓股份,09:32,False,2026-07-07,medium_archive_membership,True,formal_nonrisk_universe,matched_same_day_github_tradeable_evidence
2026-07-06,yyqyx_limitup,机器人概念,机器人,6,002245,蔚蓝锂芯,09:30,False,2026-07-07,medium_archive_membership,True,formal_nonrisk_universe,matched_same_day_github_tradeable_evidence
2026-07-06,yyqyx_limitup,机器人概念,机器人,6,002403,爱仕达,09:33,False,2026-07-07,medium_archive_membership,True,formal_nonrisk_universe,matched_same_day_github_tradeable_evidence
2026-07-06,yyqyx_limitup,机器人概念,机器人,6,600215,派斯林,09:40,False,2026-07-07,medium_archive_membership,True,formal_nonrisk_universe,matched_same_day_github_tradeable_evidence
2026-07-06,yyqyx_limitup,机器人概念,机器人,6,688039,当虹科技,11:27,False,2026-07-07,medium_archive_membership,True,formal_nonrisk_universe,matched_same_day_github_tradeable_evidence
2026-07-06,yyqyx_limitup,芯片,半导体,6,603722,阿科力,09:25,False,2026-07-07,medium_archive_membership,True,formal_nonrisk_universe,matched_same_day_github_tradeable_evidence
2026-07-06,yyqyx_limitup,芯片,半导体,6,603155,新亚强,09:37,False,2026-07-07,medium_archive_membership,True,formal_nonrisk_universe,matched_same_day_github_tradeable_evidence
2026-07-06,yyqyx_limitup,芯片,半导体,6,002989,中天精装,09:37,False,2026-07-07,medium_archive_membership,True,formal_nonrisk_universe,matched_same_day_github_tradeable_evidence
2026-07-06,yyqyx_limitup,芯片,半导体,6,603903,中持股份,09:40,False,2026-07-07,medium_archive_membership,True,formal_nonrisk_universe,matched_same_day_github_tradeable_evidence
2026-07-06,yyqyx_limitup,芯片,半导体,6,603931,格林达,11:18,False,2026-07-07,medium_archive_membership,True,formal_nonrisk_universe,matched_same_day_github_tradeable_evidence
2026-07-06,yyqyx_limitup,芯片,半导体,6,600246,万通发展,11:29,False,2026-07-07,medium_archive_membership,True,formal_nonrisk_universe,matched_same_day_github_tradeable_evidence
2026-07-06,yyqyx_limitup,通信,通信,6,002141,贤丰控股,09:32,False,2026-07-07,medium_archive_membership,True,formal_nonrisk_universe,matched_same_day_github_tradeable_evidence
2026-07-06,yyqyx_limitup,通信,通信,6,603155,新亚强,09:37,False,2026-07-07,medium_archive_membership,True,formal_nonrisk_universe,matched_same_day_github_tradeable_evidence
2026-07-06,yyqyx_limitup,通信,通信,6,002815,崇达技术,09:43,False,2026-07-07,medium_archive_membership,True,formal_nonrisk_universe,matched_same_day_github_tradeable_evidence
2026-07-06,yyqyx_limitup,通信,通信,6,002025,航天电器,11:12,False,2026-07-07,medium_archive_membership,True,formal_nonrisk_universe,matched_same_day_github_tradeable_evidence
2026-07-06,yyqyx_limitup,通信,通信,6,301191,菲菱科思,13:39,False,2026-07-07,medium_archive_membership,True,formal_nonrisk_universe,matched_same_day_github_tradeable_evidence
2026-07-06,yyqyx_limitup,通信,通信,6,603118,共进股份,13:41,False,2026-07-07,medium_archive_membership,True,formal_nonrisk_universe,matched_same_day_github_tradeable_evidence
2026-07-06,yyqyx_limitup,基础建设,基础建设,5,603137,恒尚节能,09:25,False,2026-07-07,medium_archive_membership,True,formal_nonrisk_universe,matched_same_day_github_tradeable_evidence
2026-07-06,yyqyx_limitup,基础建设,基础建设,5,002828,贝肯能源,09:36,False,2026-07-07,medium_archive_membership,True,formal_nonrisk_universe,matched_same_day_github_tradeable_evidence
2026-07-06,yyqyx_limitup,基础建设,基础建设,5,603815,交建股份,13:18,False,2026-07-07,medium_archive_membership,True,formal_nonrisk_universe,matched_same_day_github_tradeable_evidence
2026-07-06,yyqyx_limitup,基础建设,基础建设,5,603375,盛景微,13:47,False,2026-07-07,medium_archive_membership,True,formal_nonrisk_universe,matched_same_day_github_tradeable_evidence
2026-07-06,yyqyx_limitup,基础建设,基础建设,5,601368,绿城水务,14:19,False,2026-07-07,medium_archive_membership,True,formal_nonrisk_universe,matched_same_day_github_tradeable_evidence
2026-07-06,yyqyx_limitup,交换机,交换机,4,002396,星网锐捷,09:25,False,2026-07-07,medium_archive_membership,True,formal_nonrisk_universe,matched_same_day_github_tradeable_evidence
2026-07-06,yyqyx_limitup,交换机,交换机,4,301191,菲菱科思,13:39,False,2026-07-07,medium_archive_membership,True,formal_nonrisk_universe,matched_same_day_github_tradeable_evidence
2026-07-06,yyqyx_limitup,交换机,交换机,4,603118,共进股份,13:41,False,2026-07-07,medium_archive_membership,True,formal_nonrisk_universe,matched_same_day_github_tradeable_evidence
2026-07-06,yyqyx_limitup,交换机,交换机,4,000938,紫光股份,13:46,False,2026-07-07,medium_archive_membership,True,formal_nonrisk_universe,matched_same_day_github_tradeable_evidence
2026-07-06,yyqyx_limitup,农业,农业,3,603477,巨星农牧,13:21,False,2026-07-07,medium_archive_membership,True,formal_nonrisk_universe,matched_same_day_github_tradeable_evidence
2026-07-06,yyqyx_limitup,地产链,地产,3,002774,快意电梯,09:39,False,2026-07-07,medium_archive_membership,True,formal_nonrisk_universe,matched_same_day_github_tradeable_evidence
2026-07-06,yyqyx_limitup,地产链,地产,3,603221,爱丽家居,10:59,False,2026-07-07,medium_archive_membership,True,formal_nonrisk_universe,matched_same_day_github_tradeable_evidence
2026-07-06,yyqyx_limitup,地产链,地产,3,600791,京能置业,13:05,False,2026-07-07,medium_archive_membership,True,formal_nonrisk_universe,matched_same_day_github_tradeable_evidence
2026-07-06,yyqyx_limitup,天然气,天然气,3,002767,先锋电子,09:30,False,2026-07-07,medium_archive_membership,True,formal_nonrisk_universe,matched_same_day_github_tradeable_evidence
2026-07-06,yyqyx_limitup,天然气,天然气,3,000593,德龙汇能,09:44,False,2026-07-07,medium_archive_membership,True,formal_nonrisk_universe,matched_same_day_github_tradeable_evidence
2026-07-06,yyqyx_limitup,实控人变更,实控人变更,3,603722,阿科力,09:25,False,2026-07-07,medium_archive_membership,True,formal_nonrisk_universe,matched_same_day_github_tradeable_evidence
2026-07-06,yyqyx_limitup,实控人变更,实控人变更,3,000593,德龙汇能,09:44,False,2026-07-07,medium_archive_membership,True,formal_nonrisk_universe,matched_same_day_github_tradeable_evidence
2026-07-06,yyqyx_limitup,实控人变更,实控人变更,3,600172,黄河旋风,09:46,False,2026-07-07,medium_archive_membership,True,formal_nonrisk_universe,matched_same_day_github_tradeable_evidence
2026-07-07,yyqyx_limitup,机器人概念,机器人,5,002841,视源股份,09:25,False,2026-07-08,medium_archive_membership,True,formal_nonrisk_universe,matched_same_day_github_tradeable_evidence
2026-07-07,yyqyx_limitup,机器人概念,机器人,5,001311,多利科技,09:31,False,2026-07-08,medium_archive_membership,True,formal_nonrisk_universe,matched_same_day_github_tradeable_evidence
2026-07-07,yyqyx_limitup,机器人概念,机器人,5,603178,圣龙股份,09:35,False,2026-07-08,medium_archive_membership,True,formal_nonrisk_universe,matched_same_day_github_tradeable_evidence
2026-07-07,yyqyx_limitup,机器人概念,机器人,5,001365,天海电子,09:38,False,2026-07-08,medium_archive_membership,True,formal_nonrisk_universe,matched_same_day_github_tradeable_evidence
2026-07-07,yyqyx_limitup,机器人概念,机器人,5,001230,劲旅环境,13:10,False,2026-07-08,medium_archive_membership,True,formal_nonrisk_universe,matched_same_day_github_tradeable_evidence
2026-07-07,yyqyx_limitup,先进封装,半导体,4,600206,有研新材,09:45,False,2026-07-08,medium_archive_membership,True,formal_nonrisk_universe,matched_same_day_github_tradeable_evidence
2026-07-07,yyqyx_limitup,先进封装,半导体,4,002137,实益达,09:53,False,2026-07-08,medium_archive_membership,True,formal_nonrisk_universe,matched_same_day_github_tradeable_evidence
2026-07-07,yyqyx_limitup,先进封装,半导体,4,002185,华天科技,10:30,False,2026-07-08,medium_archive_membership,True,formal_nonrisk_universe,matched_same_day_github_tradeable_evidence
2026-07-07,yyqyx_limitup,先进封装,半导体,4,600360,华微电子,13:45,False,2026-07-08,medium_archive_membership,True,formal_nonrisk_universe,matched_same_day_github_tradeable_evidence
2026-07-07,yyqyx_limitup,物理AI,机器人,4,600288,大恒科技,09:34,False,2026-07-08,medium_archive_membership,True,formal_nonrisk_universe,matched_same_day_github_tradeable_evidence
2026-07-07,yyqyx_limitup,物理AI,机器人,4,001229,魅视科技,09:30,False,2026-07-08,medium_archive_membership,True,formal_nonrisk_universe,matched_same_day_github_tradeable_evidence
2026-07-07,yyqyx_limitup,物理AI,机器人,4,605118,力鼎光电,09:37,False,2026-07-08,medium_archive_membership,True,formal_nonrisk_universe,matched_same_day_github_tradeable_evidence
2026-07-07,yyqyx_limitup,物理AI,机器人,4,003004,声迅股份,11:08,False,2026-07-08,medium_archive_membership,True,formal_nonrisk_universe,matched_same_day_github_tradeable_evidence
2026-07-07,yyqyx_limitup,机器视觉,机器视觉,3,600288,大恒科技,09:34,False,2026-07-08,medium_archive_membership,True,formal_nonrisk_universe,matched_same_day_github_tradeable_evidence
2026-07-07,yyqyx_limitup,机器视觉,机器视觉,3,001229,魅视科技,09:30,False,2026-07-08,medium_archive_membership,True,formal_nonrisk_universe,matched_same_day_github_tradeable_evidence
2026-07-07,yyqyx_limitup,机器视觉,机器视觉,3,605118,力鼎光电,09:37,False,2026-07-08,medium_archive_membership,True,formal_nonrisk_universe,matched_same_day_github_tradeable_evidence
2026-07-07,yyqyx_limitup,芯片,半导体,3,600246,万通发展,09:48,False,2026-07-08,medium_archive_membership,True,formal_nonrisk_universe,matched_same_day_github_tradeable_evidence
2026-07-07,yyqyx_limitup,芯片,半导体,3,600120,浙江东方,09:25,False,2026-07-08,medium_archive_membership,True,formal_nonrisk_universe,matched_same_day_github_tradeable_evidence
2026-07-07,yyqyx_limitup,芯片,半导体,3,688432,有研硅,09:56,False,2026-07-08,medium_archive_membership,True,formal_nonrisk_universe,matched_same_day_github_tradeable_evidence
2026-07-07,yyqyx_limitup,地产链,地产,2,603356,华菱精工,09:35,False,2026-07-08,medium_archive_membership,True,formal_nonrisk_universe,matched_same_day_github_tradeable_evidence
2026-07-07,yyqyx_limitup,地产链,地产,2,600094,大名城,10:58,False,2026-07-08,medium_archive_membership,True,formal_nonrisk_universe,matched_same_day_github_tradeable_evidence
2026-07-07,yyqyx_limitup,并购重组,并购重组,2,603137,恒尚节能,09:25,False,2026-07-08,medium_archive_membership,True,formal_nonrisk_universe,matched_same_day_github_tradeable_evidence
2026-07-07,yyqyx_limitup,并购重组,并购重组,2,600793,宜宾纸业,09:46,False,2026-07-08,medium_archive_membership,True,formal_nonrisk_universe,matched_same_day_github_tradeable_evidence
2026-07-07,yyqyx_limitup,新材料概念,新材料概念,2,603065,宿迁联盛,09:37,False,2026-07-08,medium_archive_membership,True,formal_nonrisk_universe,matched_same_day_github_tradeable_evidence
2026-07-07,yyqyx_limitup,新材料概念,新材料概念,2,603823,百合花,10:35,False,2026-07-08,medium_archive_membership,True,formal_nonrisk_universe,matched_same_day_github_tradeable_evidence
2026-07-07,yyqyx_limitup,汽车零部件,汽车,2,002497,雅化集团,09:25,False,2026-07-08,medium_archive_membership,True,formal_nonrisk_universe,matched_same_day_github_tradeable_evidence
2026-07-07,yyqyx_limitup,汽车零部件,汽车,2,001365,天海电子,09:38,False,2026-07-08,medium_archive_membership,True,formal_nonrisk_universe,matched_same_day_github_tradeable_evidence
2026-07-07,yyqyx_limitup,电源,电源,2,301251,威尔高,09:25,False,2026-07-08,medium_archive_membership,True,formal_nonrisk_universe,matched_same_day_github_tradeable_evidence
2026-07-07,yyqyx_limitup,电源,电源,2,301516,中远通,10:09,False,2026-07-08,medium_archive_membership,True,formal_nonrisk_universe,matched_same_day_github_tradeable_evidence
2026-07-07,yyqyx_limitup,硅片,硅片,2,688432,有研硅,09:56,False,2026-07-08,medium_archive_membership,True,formal_nonrisk_universe,matched_same_day_github_tradeable_evidence
2026-07-07,yyqyx_limitup,硅片,硅片,2,002129,TCL中环,10:05,False,2026-07-08,medium_archive_membership,True,formal_nonrisk_universe,matched_same_day_github_tradeable_evidence
2026-07-07,yyqyx_limitup,通信,通信,2,301251,威尔高,09:25,False,2026-07-08,medium_archive_membership,True,formal_nonrisk_universe,matched_same_day_github_tradeable_evidence
2026-07-07,yyqyx_limitup,通信,通信,2,301516,中远通,10:09,False,2026-07-08,medium_archive_membership,True,formal_nonrisk_universe,matched_same_day_github_tradeable_evidence
2026-07-08,yyqyx_limitup,算力,算力硬件,17,600094,大名城,09:30,False,2026-07-09,medium_archive_membership,True,formal_nonrisk_universe,matched_same_day_github_tradeable_evidence
2026-07-08,yyqyx_limitup,算力,算力硬件,17,000977,浪潮信息,09:25,False,2026-07-09,medium_archive_membership,True,formal_nonrisk_universe,matched_same_day_github_tradeable_evidence
2026-07-08,yyqyx_limitup,算力,算力硬件,17,603380,易德龙,09:30,False,2026-07-09,medium_archive_membership,True,formal_nonrisk_universe,matched_same_day_github_tradeable_evidence
2026-07-08,yyqyx_limitup,算力,算力硬件,17,603296,华勤技术,09:30,False,2026-07-09,medium_archive_membership,True,formal_nonrisk_universe,matched_same_day_github_tradeable_evidence
2026-07-08,yyqyx_limitup,算力,算力硬件,17,603496,恒为科技,09:37,False,2026-07-09,medium_archive_membership,True,formal_nonrisk_universe,matched_same_day_github_tradeable_evidence
2026-07-08,yyqyx_limitup,算力,算力硬件,17,301202,朗威股份,09:38,False,2026-07-09,medium_archive_membership,True,formal_nonrisk_universe,matched_same_day_github_tradeable_evidence
2026-07-08,yyqyx_limitup,算力,算力硬件,17,000506,招金黄金,10:00,False,2026-07-09,medium_archive_membership,True,formal_nonrisk_universe,matched_same_day_github_tradeable_evidence
2026-07-08,yyqyx_limitup,算力,算力硬件,17,002757,南兴股份,10:27,False,2026-07-09,medium_archive_membership,True,formal_nonrisk_universe,matched_same_day_github_tradeable_evidence
2026-07-08,yyqyx_limitup,算力,算力硬件,17,603881,数据港,10:31,False,2026-07-09,medium_archive_membership,True,formal_nonrisk_universe,matched_same_day_github_tradeable_evidence
2026-07-08,yyqyx_limitup,算力,算力硬件,17,600602,云赛智联,10:31,False,2026-07-09,medium_archive_membership,True,formal_nonrisk_universe,matched_same_day_github_tradeable_evidence
2026-07-08,yyqyx_limitup,算力,算力硬件,17,000948,南天信息,10:42,False,2026-07-09,medium_archive_membership,True,formal_nonrisk_universe,matched_same_day_github_tradeable_evidence
2026-07-08,yyqyx_limitup,算力,算力硬件,17,603339,四方科技,10:57,False,2026-07-09,medium_archive_membership,True,formal_nonrisk_universe,matched_same_day_github_tradeable_evidence
2026-07-08,yyqyx_limitup,算力,算力硬件,17,002642,荣联科技,11:02,False,2026-07-09,medium_archive_membership,True,formal_nonrisk_universe,matched_same_day_github_tradeable_evidence
2026-07-08,yyqyx_limitup,算力,算力硬件,17,603661,恒林股份,11:11,False,2026-07-09,medium_archive_membership,True,formal_nonrisk_universe,matched_same_day_github_tradeable_evidence
2026-07-08,yyqyx_limitup,算力,算力硬件,17,603183,建研院,13:06,False,2026-07-09,medium_archive_membership,True,formal_nonrisk_universe,matched_same_day_github_tradeable_evidence
2026-07-08,yyqyx_limitup,算力,算力硬件,17,002152,广电运通,13:19,False,2026-07-09,medium_archive_membership,True,formal_nonrisk_universe,matched_same_day_github_tradeable_evidence
2026-07-08,yyqyx_limitup,算力,算力硬件,17,603285,键邦股份,14:17,False,2026-07-09,medium_archive_membership,True,formal_nonrisk_universe,matched_same_day_github_tradeable_evidence
2026-07-08,yyqyx_limitup,AI应用,AI应用,8,600756,浪潮软件,09:30,False,2026-07-09,medium_archive_membership,True,formal_nonrisk_universe,matched_same_day_github_tradeable_evidence
2026-07-08,yyqyx_limitup,AI应用,AI应用,8,600129,太极集团,09:38,False,2026-07-09,medium_archive_membership,True,formal_nonrisk_universe,matched_same_day_github_tradeable_evidence
2026-07-08,yyqyx_limitup,AI应用,AI应用,8,300017,网宿科技,10:06,False,2026-07-09,medium_archive_membership,True,formal_nonrisk_universe,matched_same_day_github_tradeable_evidence
2026-07-08,yyqyx_limitup,AI应用,AI应用,8,002467,二六三,10:24,False,2026-07-09,medium_archive_membership,True,formal_nonrisk_universe,matched_same_day_github_tradeable_evidence
2026-07-08,yyqyx_limitup,AI应用,AI应用,8,002757,南兴股份,10:27,False,2026-07-09,medium_archive_membership,True,formal_nonrisk_universe,matched_same_day_github_tradeable_evidence
2026-07-08,yyqyx_limitup,AI应用,AI应用,8,300454,深信服,11:20,False,2026-07-09,medium_archive_membership,True,formal_nonrisk_universe,matched_same_day_github_tradeable_evidence
2026-07-08,yyqyx_limitup,AI应用,AI应用,8,300369,绿盟科技,13:12,False,2026-07-09,medium_archive_membership,True,formal_nonrisk_universe,matched_same_day_github_tradeable_evidence
2026-07-08,yyqyx_limitup,AI应用,AI应用,8,002152,广电运通,13:19,False,2026-07-09,medium_archive_membership,True,formal_nonrisk_universe,matched_same_day_github_tradeable_evidence
2026-07-08,yyqyx_limitup,数据中心,算力硬件,6,002467,二六三,10:24,False,2026-07-09,medium_archive_membership,True,formal_nonrisk_universe,matched_same_day_github_tradeable_evidence
2026-07-08,yyqyx_limitup,并购重组,并购重组,5,603137,恒尚节能,09:25,False,2026-07-09,medium_archive_membership,True,formal_nonrisk_universe,matched_same_day_github_tradeable_evidence
2026-07-08,yyqyx_limitup,并购重组,并购重组,5,000524,岭南控股,09:25,False,2026-07-09,medium_archive_membership,True,formal_nonrisk_universe,matched_same_day_github_tradeable_evidence
2026-07-08,yyqyx_limitup,并购重组,并购重组,5,002674,兴业科技,10:46,False,2026-07-09,medium_archive_membership,True,formal_nonrisk_universe,matched_same_day_github_tradeable_evidence
2026-07-08,yyqyx_limitup,并购重组,并购重组,5,301321,翰博高新,13:12,False,2026-07-09,medium_archive_membership,True,formal_nonrisk_universe,matched_same_day_github_tradeable_evidence
2026-07-08,yyqyx_limitup,机器人概念,机器人,4,002841,视源股份,09:34,False,2026-07-09,medium_archive_membership,True,formal_nonrisk_universe,matched_same_day_github_tradeable_evidence
2026-07-08,yyqyx_limitup,机器人概念,机器人,4,001365,天海电子,13:07,False,2026-07-09,medium_archive_membership,True,formal_nonrisk_universe,matched_same_day_github_tradeable_evidence
2026-07-08,yyqyx_limitup,机器人概念,机器人,4,001208,华菱线缆,09:25,False,2026-07-09,medium_archive_membership,True,formal_nonrisk_universe,matched_same_day_github_tradeable_evidence
2026-07-08,yyqyx_limitup,机器人概念,机器人,4,603183,建研院,13:06,False,2026-07-09,medium_archive_membership,True,formal_nonrisk_universe,matched_same_day_github_tradeable_evidence
2026-07-08,yyqyx_limitup,地产链,地产,3,600094,大名城,09:30,False,2026-07-09,medium_archive_membership,True,formal_nonrisk_universe,matched_same_day_github_tradeable_evidence
2026-07-08,yyqyx_limitup,地产链,地产,3,603313,梦百合,14:11,False,2026-07-09,medium_archive_membership,True,formal_nonrisk_universe,matched_same_day_github_tradeable_evidence
2026-07-08,yyqyx_limitup,智能电网,电力电网,3,002546,新联电子,09:30,False,2026-07-09,medium_archive_membership,True,formal_nonrisk_universe,matched_same_day_github_tradeable_evidence
2026-07-08,yyqyx_limitup,智能电网,电力电网,3,001207,联科科技,09:56,False,2026-07-09,medium_archive_membership,True,formal_nonrisk_universe,matched_same_day_github_tradeable_evidence
2026-07-08,yyqyx_limitup,智能电网,电力电网,3,002350,北京科锐,10:20,False,2026-07-09,medium_archive_membership,True,formal_nonrisk_universe,matched_same_day_github_tradeable_evidence
2026-07-08,yyqyx_limitup,股权转让,股权转让,3,002490,山东墨龙,09:52,False,2026-07-09,medium_archive_membership,True,formal_nonrisk_universe,matched_same_day_github_tradeable_evidence
2026-07-08,yyqyx_limitup,股权转让,股权转让,3,001207,联科科技,09:56,False,2026-07-09,medium_archive_membership,True,formal_nonrisk_universe,matched_same_day_github_tradeable_evidence
2026-07-08,yyqyx_limitup,股权转让,股权转让,3,600350,山东高速,14:49,False,2026-07-09,medium_archive_membership,True,formal_nonrisk_universe,matched_same_day_github_tradeable_evidence
2026-07-08,yyqyx_limitup,食品饮料,消费,3,002910,庄园牧场,11:04,False,2026-07-09,medium_archive_membership,True,formal_nonrisk_universe,matched_same_day_github_tradeable_evidence
2026-07-08,yyqyx_limitup,AI安全,AI安全,2,300454,深信服,11:20,False,2026-07-09,medium_archive_membership,True,formal_nonrisk_universe,matched_same_day_github_tradeable_evidence
2026-07-08,yyqyx_limitup,AI安全,AI安全,2,300369,绿盟科技,13:12,False,2026-07-09,medium_archive_membership,True,formal_nonrisk_universe,matched_same_day_github_tradeable_evidence
2026-07-08,yyqyx_limitup,交换机,交换机,2,002396,星网锐捷,09:34,False,2026-07-09,medium_archive_membership,True,formal_nonrisk_universe,matched_same_day_github_tradeable_evidence
2026-07-08,yyqyx_limitup,交换机,交换机,2,603496,恒为科技,09:37,False,2026-07-09,medium_archive_membership,True,formal_nonrisk_universe,matched_same_day_github_tradeable_evidence
2026-07-09,yyqyx_limitup,芯片,半导体,16,600909,华安证券,09:30,False,2026-07-10,medium_archive_membership,True,formal_nonrisk_universe,matched_same_day_github_tradeable_evidence
2026-07-09,yyqyx_limitup,芯片,半导体,16,002845,同兴达,09:32,False,2026-07-10,medium_archive_membership,True,formal_nonrisk_universe,matched_same_day_github_tradeable_evidence
2026-07-09,yyqyx_limitup,芯片,半导体,16,000417,合百集团,09:32,False,2026-07-10,medium_archive_membership,True,formal_nonrisk_universe,matched_same_day_github_tradeable_evidence
2026-07-09,yyqyx_limitup,芯片,半导体,16,603726,朗迪集团,09:35,False,2026-07-10,medium_archive_membership,True,formal_nonrisk_universe,matched_same_day_github_tradeable_evidence
2026-07-09,yyqyx_limitup,芯片,半导体,16,301379,天山电子,09:39,False,2026-07-10,medium_archive_membership,True,formal_nonrisk_universe,matched_same_day_github_tradeable_evidence
2026-07-09,yyqyx_limitup,芯片,半导体,16,688584,上海合晶,10:13,False,2026-07-10,medium_archive_membership,True,formal_nonrisk_universe,matched_same_day_github_tradeable_evidence
2026-07-09,yyqyx_limitup,芯片,半导体,16,605319,无锡振华,13:01,False,2026-07-10,medium_archive_membership,True,formal_nonrisk_universe,matched_same_day_github_tradeable_evidence
2026-07-09,yyqyx_limitup,芯片,半导体,16,603222,济民健康,13:34,False,2026-07-10,medium_archive_membership,True,formal_nonrisk_universe,matched_same_day_github_tradeable_evidence
2026-07-09,yyqyx_limitup,芯片,半导体,16,000672,上峰材料,13:38,False,2026-07-10,medium_archive_membership,True,formal_nonrisk_universe,matched_same_day_github_tradeable_evidence
2026-07-09,yyqyx_limitup,芯片,半导体,16,688432,有研硅,13:40,False,2026-07-10,medium_archive_membership,True,formal_nonrisk_universe,matched_same_day_github_tradeable_evidence
2026-07-09,yyqyx_limitup,芯片,半导体,16,603688,石英股份,13:42,False,2026-07-10,medium_archive_membership,True,formal_nonrisk_universe,matched_same_day_github_tradeable_evidence
2026-07-09,yyqyx_limitup,芯片,半导体,16,603005,晶方科技,13:56,False,2026-07-10,medium_archive_membership,True,formal_nonrisk_universe,matched_same_day_github_tradeable_evidence
2026-07-09,yyqyx_limitup,芯片,半导体,16,605358,立昂微,14:05,False,2026-07-10,medium_archive_membership,True,formal_nonrisk_universe,matched_same_day_github_tradeable_evidence
2026-07-09,yyqyx_limitup,芯片,半导体,16,600770,综艺股份,14:08,False,2026-07-10,medium_archive_membership,True,formal_nonrisk_universe,matched_same_day_github_tradeable_evidence
2026-07-09,yyqyx_limitup,芯片,半导体,16,603061,金海通,14:11,False,2026-07-10,medium_archive_membership,True,formal_nonrisk_universe,matched_same_day_github_tradeable_evidence
2026-07-09,yyqyx_limitup,存储,存储芯片,13,002208,合肥城建,09:30,False,2026-07-10,medium_archive_membership,True,formal_nonrisk_universe,matched_same_day_github_tradeable_evidence
2026-07-09,yyqyx_limitup,存储,存储芯片,13,301379,天山电子,09:39,False,2026-07-10,medium_archive_membership,True,formal_nonrisk_universe,matched_same_day_github_tradeable_evidence
2026-07-09,yyqyx_limitup,存储,存储芯片,13,000021,深科技,13:04,False,2026-07-10,medium_archive_membership,True,formal_nonrisk_universe,matched_same_day_github_tradeable_evidence
2026-07-09,yyqyx_limitup,存储,存储芯片,13,688328,深科达,13:07,False,2026-07-10,medium_archive_membership,True,formal_nonrisk_universe,matched_same_day_github_tradeable_evidence
2026-07-09,yyqyx_limitup,存储,存储芯片,13,600206,有研新材,13:26,False,2026-07-10,medium_archive_membership,True,formal_nonrisk_universe,matched_same_day_github_tradeable_evidence
2026-07-09,yyqyx_limitup,存储,存储芯片,13,688720,艾森股份,13:36,False,2026-07-10,medium_archive_membership,True,formal_nonrisk_universe,matched_same_day_github_tradeable_evidence
2026-07-09,yyqyx_limitup,存储,存储芯片,13,603986,兆易创新,13:40,False,2026-07-10,medium_archive_membership,True,formal_nonrisk_universe,matched_same_day_github_tradeable_evidence
2026-07-09,yyqyx_limitup,存储,存储芯片,13,002409,雅克科技,13:40,False,2026-07-10,medium_archive_membership,True,formal_nonrisk_universe,matched_same_day_github_tradeable_evidence
2026-07-09,yyqyx_limitup,存储,存储芯片,13,300469,信息发展,13:41,False,2026-07-10,medium_archive_membership,True,formal_nonrisk_universe,matched_same_day_github_tradeable_evidence
2026-07-09,yyqyx_limitup,存储,存储芯片,13,600667,太极实业,13:42,False,2026-07-10,medium_archive_membership,True,formal_nonrisk_universe,matched_same_day_github_tradeable_evidence
2026-07-09,yyqyx_limitup,存储,存储芯片,13,603933,睿能科技,14:00,False,2026-07-10,medium_archive_membership,True,formal_nonrisk_universe,matched_same_day_github_tradeable_evidence
2026-07-09,yyqyx_limitup,存储,存储芯片,13,002975,博杰股份,14:09,False,2026-07-10,medium_archive_membership,True,formal_nonrisk_universe,matched_same_day_github_tradeable_evidence
2026-07-09,yyqyx_limitup,存储,存储芯片,13,603156,养元饮品,14:15,False,2026-07-10,medium_archive_membership,True,formal_nonrisk_universe,matched_same_day_github_tradeable_evidence
2026-07-09,yyqyx_limitup,机器人概念,机器人,6,002841,视源股份,10:06,False,2026-07-10,medium_archive_membership,True,formal_nonrisk_universe,matched_same_day_github_tradeable_evidence
2026-07-09,yyqyx_limitup,机器人概念,机器人,6,002067,景兴纸业,09:30,False,2026-07-10,medium_archive_membership,True,formal_nonrisk_universe,matched_same_day_github_tradeable_evidence
2026-07-09,yyqyx_limitup,机器人概念,机器人,6,603666,亿嘉和,09:48,False,2026-07-10,medium_archive_membership,True,formal_nonrisk_universe,matched_same_day_github_tradeable_evidence
2026-07-09,yyqyx_limitup,机器人概念,机器人,6,300626,华瑞股份,10:20,False,2026-07-10,medium_archive_membership,True,formal_nonrisk_universe,matched_same_day_github_tradeable_evidence
2026-07-09,yyqyx_limitup,机器人概念,机器人,6,000887,中鼎股份,10:51,False,2026-07-10,medium_archive_membership,True,formal_nonrisk_universe,matched_same_day_github_tradeable_evidence
2026-07-09,yyqyx_limitup,机器人概念,机器人,6,603933,睿能科技,14:00,False,2026-07-10,medium_archive_membership,True,formal_nonrisk_universe,matched_same_day_github_tradeable_evidence
2026-07-09,yyqyx_limitup,算力,算力硬件,6,000977,浪潮信息,09:38,False,2026-07-10,medium_archive_membership,True,formal_nonrisk_universe,matched_same_day_github_tradeable_evidence
2026-07-09,yyqyx_limitup,算力,算力硬件,6,002346,柘中股份,09:33,False,2026-07-10,medium_archive_membership,True,formal_nonrisk_universe,matched_same_day_github_tradeable_evidence
2026-07-09,yyqyx_limitup,算力,算力硬件,6,002851,麦格米特,13:46,False,2026-07-10,medium_archive_membership,True,formal_nonrisk_universe,matched_same_day_github_tradeable_evidence
2026-07-09,yyqyx_limitup,算力,算力硬件,6,000811,冰轮环境,13:52,False,2026-07-10,medium_archive_membership,True,formal_nonrisk_universe,matched_same_day_github_tradeable_evidence
2026-07-09,yyqyx_limitup,算力,算力硬件,6,603757,大元泵业,13:57,False,2026-07-10,medium_archive_membership,True,formal_nonrisk_universe,matched_same_day_github_tradeable_evidence
2026-07-09,yyqyx_limitup,算力,算力硬件,6,003018,金富科技,14:35,False,2026-07-10,medium_archive_membership,True,formal_nonrisk_universe,matched_same_day_github_tradeable_evidence
2026-07-09,yyqyx_limitup,通信,通信,6,603928,兴业股份,09:32,False,2026-07-10,medium_archive_membership,True,formal_nonrisk_universe,matched_same_day_github_tradeable_evidence
2026-07-09,yyqyx_limitup,通信,通信,6,002552,宝鼎科技,09:31,False,2026-07-10,medium_archive_membership,True,formal_nonrisk_universe,matched_same_day_github_tradeable_evidence
2026-07-09,yyqyx_limitup,通信,通信,6,002745,木林森,09:35,False,2026-07-10,medium_archive_membership,True,formal_nonrisk_universe,matched_same_day_github_tradeable_evidence
2026-07-09,yyqyx_limitup,通信,通信,6,002815,崇达技术,13:01,False,2026-07-10,medium_archive_membership,True,formal_nonrisk_universe,matched_same_day_github_tradeable_evidence
2026-07-09,yyqyx_limitup,通信,通信,6,688720,艾森股份,13:36,False,2026-07-10,medium_archive_membership,True,formal_nonrisk_universe,matched_same_day_github_tradeable_evidence
2026-07-09,yyqyx_limitup,通信,通信,6,002916,深南电路,14:06,False,2026-07-10,medium_archive_membership,True,formal_nonrisk_universe,matched_same_day_github_tradeable_evidence
2026-07-09,yyqyx_limitup,印制电路板,印制电路板,5,002745,木林森,09:35,False,2026-07-10,medium_archive_membership,True,formal_nonrisk_universe,matched_same_day_github_tradeable_evidence
2026-07-09,yyqyx_limitup,印制电路板,印制电路板,5,002579,中京电子,09:38,False,2026-07-10,medium_archive_membership,True,formal_nonrisk_universe,matched_same_day_github_tradeable_evidence
2026-07-09,yyqyx_limitup,印制电路板,印制电路板,5,002815,崇达技术,13:01,False,2026-07-10,medium_archive_membership,True,formal_nonrisk_universe,matched_same_day_github_tradeable_evidence
2026-07-09,yyqyx_limitup,印制电路板,印制电路板,5,002916,深南电路,14:06,False,2026-07-10,medium_archive_membership,True,formal_nonrisk_universe,matched_same_day_github_tradeable_evidence
2026-07-09,yyqyx_limitup,印制电路板,印制电路板,5,002436,兴森科技,14:45,False,2026-07-10,medium_archive_membership,True,formal_nonrisk_universe,matched_same_day_github_tradeable_evidence
2026-07-09,yyqyx_limitup,AI应用,AI应用,4,000892,欢瑞世纪,09:42,False,2026-07-10,medium_archive_membership,True,formal_nonrisk_universe,matched_same_day_github_tradeable_evidence
2026-07-09,yyqyx_limitup,AI应用,AI应用,4,603898,好莱客,10:25,False,2026-07-10,medium_archive_membership,True,formal_nonrisk_universe,matched_same_day_github_tradeable_evidence
2026-07-09,yyqyx_limitup,AI应用,AI应用,4,002907,华森制药,13:01,False,2026-07-10,medium_archive_membership,True,formal_nonrisk_universe,matched_same_day_github_tradeable_evidence
2026-07-09,yyqyx_limitup,AI应用,AI应用,4,300469,信息发展,13:41,False,2026-07-10,medium_archive_membership,True,formal_nonrisk_universe,matched_same_day_github_tradeable_evidence
2026-07-09,yyqyx_limitup,先进封装,半导体,4,002185,华天科技,10:11,False,2026-07-10,medium_archive_membership,True,formal_nonrisk_universe,matched_same_day_github_tradeable_evidence
2026-07-09,yyqyx_limitup,先进封装,半导体,4,600584,长电科技,13:05,False,2026-07-10,medium_archive_membership,True,formal_nonrisk_universe,matched_same_day_github_tradeable_evidence
2026-07-09,yyqyx_limitup,先进封装,半导体,4,002156,通富微电,13:38,False,2026-07-10,medium_archive_membership,True,formal_nonrisk_universe,matched_same_day_github_tradeable_evidence
2026-07-09,yyqyx_limitup,创新药,医药,3,003020,立方制药,10:05,False,2026-07-10,medium_archive_membership,True,formal_nonrisk_universe,matched_same_day_github_tradeable_evidence
2026-07-09,yyqyx_limitup,创新药,医药,3,002907,华森制药,13:01,False,2026-07-10,medium_archive_membership,True,formal_nonrisk_universe,matched_same_day_github_tradeable_evidence
2026-07-09,yyqyx_limitup,创新药,医药,3,603222,济民健康,13:34,False,2026-07-10,medium_archive_membership,True,formal_nonrisk_universe,matched_same_day_github_tradeable_evidence
2026-07-09,yyqyx_limitup,半导体设备,半导体,3,688610,埃科光电,13:29,False,2026-07-10,medium_archive_membership,True,formal_nonrisk_universe,matched_same_day_github_tradeable_evidence
2026-07-09,yyqyx_limitup,半导体设备,半导体,3,688371,菲沃泰,14:20,False,2026-07-10,medium_archive_membership,True,formal_nonrisk_universe,matched_same_day_github_tradeable_evidence
2026-07-09,yyqyx_limitup,商业航天,商业航天,3,600992,贵绳股份,09:30,False,2026-07-10,medium_archive_membership,True,formal_nonrisk_universe,matched_same_day_github_tradeable_evidence
2026-07-09,yyqyx_limitup,商业航天,商业航天,3,002829,星网宇达,09:30,False,2026-07-10,medium_archive_membership,True,formal_nonrisk_universe,matched_same_day_github_tradeable_evidence
2026-07-09,yyqyx_limitup,商业航天,商业航天,3,688333,铂力特,13:07,False,2026-07-10,medium_archive_membership,True,formal_nonrisk_universe,matched_same_day_github_tradeable_evidence
2026-07-09,yyqyx_limitup,消费电子,消费,3,603726,朗迪集团,09:35,False,2026-07-10,medium_archive_membership,True,formal_nonrisk_universe,matched_same_day_github_tradeable_evidence
2026-07-09,yyqyx_limitup,消费电子,消费,3,688333,铂力特,13:07,False,2026-07-10,medium_archive_membership,True,formal_nonrisk_universe,matched_same_day_github_tradeable_evidence
2026-07-09,yyqyx_limitup,消费电子,消费,3,688371,菲沃泰,14:20,False,2026-07-10,medium_archive_membership,True,formal_nonrisk_universe,matched_same_day_github_tradeable_evidence
2026-07-10,yyqyx_limitup,商业航天,商业航天,27,002414,高德红外,09:25,False,2026-07-13,medium_archive_membership,True,formal_nonrisk_universe,matched_same_day_github_tradeable_evidence
2026-07-10,yyqyx_limitup,商业航天,商业航天,27,002829,星网宇达,09:53,False,2026-07-13,medium_archive_membership,True,formal_nonrisk_universe,matched_same_day_github_tradeable_evidence
2026-07-10,yyqyx_limitup,商业航天,商业航天,27,600992,贵绳股份,10:03,False,2026-07-13,medium_archive_membership,True,formal_nonrisk_universe,matched_same_day_github_tradeable_evidence
2026-07-10,yyqyx_limitup,商业航天,商业航天,27,002115,三维通信,09:25,False,2026-07-13,medium_archive_membership,True,formal_nonrisk_universe,matched_same_day_github_tradeable_evidence
2026-07-10,yyqyx_limitup,商业航天,商业航天,27,002342,巨力索具,10:34,False,2026-07-13,medium_archive_membership,True,formal_nonrisk_universe,matched_same_day_github_tradeable_evidence
2026-07-10,yyqyx_limitup,商业航天,商业航天,27,001208,华菱线缆,13:00,False,2026-07-13,medium_archive_membership,True,formal_nonrisk_universe,matched_same_day_github_tradeable_evidence
2026-07-10,yyqyx_limitup,商业航天,商业航天,27,688722,同益中,13:00,False,2026-07-13,medium_archive_membership,True,formal_nonrisk_universe,matched_same_day_github_tradeable_evidence
2026-07-10,yyqyx_limitup,商业航天,商业航天,27,605090,九丰能源,13:00,False,2026-07-13,medium_archive_membership,True,formal_nonrisk_universe,matched_same_day_github_tradeable_evidence
2026-07-10,yyqyx_limitup,商业航天,商业航天,27,600685,中船防务,13:00,False,2026-07-13,medium_archive_membership,True,formal_nonrisk_universe,matched_same_day_github_tradeable_evidence
2026-07-10,yyqyx_limitup,商业航天,商业航天,27,600343,航天动力,13:00,False,2026-07-13,medium_archive_membership,True,formal_nonrisk_universe,matched_same_day_github_tradeable_evidence
2026-07-10,yyqyx_limitup,商业航天,商业航天,27,600118,中国卫星,13:00,False,2026-07-13,medium_archive_membership,True,formal_nonrisk_universe,matched_same_day_github_tradeable_evidence
2026-07-10,yyqyx_limitup,商业航天,商业航天,27,301117,佳缘科技,13:00,False,2026-07-13,medium_archive_membership,True,formal_nonrisk_universe,matched_same_day_github_tradeable_evidence
2026-07-10,yyqyx_limitup,商业航天,商业航天,27,300065,海兰信,13:00,False,2026-07-13,medium_archive_membership,True,formal_nonrisk_universe,matched_same_day_github_tradeable_evidence
2026-07-10,yyqyx_limitup,商业航天,商业航天,27,002361,神剑股份,13:00,False,2026-07-13,medium_archive_membership,True,formal_nonrisk_universe,matched_same_day_github_tradeable_evidence
2026-07-10,yyqyx_limitup,商业航天,商业航天,27,003009,中天火箭,13:01,False,2026-07-13,medium_archive_membership,True,formal_nonrisk_universe,matched_same_day_github_tradeable_evidence
2026-07-10,yyqyx_limitup,商业航天,商业航天,27,000901,航天科技,13:01,False,2026-07-13,medium_archive_membership,True,formal_nonrisk_universe,matched_same_day_github_tradeable_evidence
2026-07-10,yyqyx_limitup,商业航天,商业航天,27,000547,航天发展,13:01,False,2026-07-13,medium_archive_membership,True,formal_nonrisk_universe,matched_same_day_github_tradeable_evidence
2026-07-10,yyqyx_limitup,商业航天,商业航天,27,601698,中国卫通,13:02,False,2026-07-13,medium_archive_membership,True,formal_nonrisk_universe,matched_same_day_github_tradeable_evidence
2026-07-10,yyqyx_limitup,商业航天,商业航天,27,300069,金利华电,13:02,False,2026-07-13,medium_archive_membership,True,formal_nonrisk_universe,matched_same_day_github_tradeable_evidence
2026-07-10,yyqyx_limitup,商业航天,商业航天,27,605598,上海港湾,13:03,False,2026-07-13,medium_archive_membership,True,formal_nonrisk_universe,matched_same_day_github_tradeable_evidence
2026-07-10,yyqyx_limitup,商业航天,商业航天,27,002865,钧达股份,13:03,False,2026-07-13,medium_archive_membership,True,formal_nonrisk_universe,matched_same_day_github_tradeable_evidence
2026-07-10,yyqyx_limitup,商业航天,商业航天,27,600879,XD航天电,13:05,False,2026-07-13,medium_archive_membership,True,formal_nonrisk_universe,matched_same_day_github_tradeable_evidence
2026-07-10,yyqyx_limitup,商业航天,商业航天,27,688523,航天环宇,13:12,False,2026-07-13,medium_archive_membership,True,formal_nonrisk_universe,matched_same_day_github_tradeable_evidence
2026-07-10,yyqyx_limitup,商业航天,商业航天,27,002202,金风科技,13:12,False,2026-07-13,medium_archive_membership,True,formal_nonrisk_universe,matched_same_day_github_tradeable_evidence
2026-07-10,yyqyx_limitup,商业航天,商业航天,27,600192,长城电工,13:17,False,2026-07-13,medium_archive_membership,True,formal_nonrisk_universe,matched_same_day_github_tradeable_evidence
2026-07-10,yyqyx_limitup,商业航天,商业航天,27,002544,普天科技,13:21,False,2026-07-13,medium_archive_membership,True,formal_nonrisk_universe,matched_same_day_github_tradeable_evidence
2026-07-10,yyqyx_limitup,商业航天,商业航天,27,601608,中信重工,14:56,False,2026-07-13,medium_archive_membership,True,formal_nonrisk_universe,matched_same_day_github_tradeable_evidence
2026-07-10,yyqyx_limitup,机器人概念,机器人,8,000887,中鼎股份,09:32,False,2026-07-13,medium_archive_membership,True,formal_nonrisk_universe,matched_same_day_github_tradeable_evidence
2026-07-10,yyqyx_limitup,机器人概念,机器人,8,603270,金帝股份,09:54,False,2026-07-13,medium_archive_membership,True,formal_nonrisk_universe,matched_same_day_github_tradeable_evidence
2026-07-10,yyqyx_limitup,机器人概念,机器人,8,002402,和而泰,09:55,False,2026-07-13,medium_archive_membership,True,formal_nonrisk_universe,matched_same_day_github_tradeable_evidence
2026-07-10,yyqyx_limitup,机器人概念,机器人,8,002681,奋达科技,09:58,False,2026-07-13,medium_archive_membership,True,formal_nonrisk_universe,matched_same_day_github_tradeable_evidence
2026-07-10,yyqyx_limitup,机器人概念,机器人,8,002144,宏达高科,09:58,False,2026-07-13,medium_archive_membership,True,formal_nonrisk_universe,matched_same_day_github_tradeable_evidence
2026-07-10,yyqyx_limitup,机器人概念,机器人,8,603211,晋拓股份,10:27,False,2026-07-13,medium_archive_membership,True,formal_nonrisk_universe,matched_same_day_github_tradeable_evidence
2026-07-10,yyqyx_limitup,机器人概念,机器人,8,603286,日盈电子,10:40,False,2026-07-13,medium_archive_membership,True,formal_nonrisk_universe,matched_same_day_github_tradeable_evidence
2026-07-10,yyqyx_limitup,机器人概念,机器人,8,600376,首开股份,10:51,False,2026-07-13,medium_archive_membership,True,formal_nonrisk_universe,matched_same_day_github_tradeable_evidence
2026-07-10,yyqyx_limitup,创新药,医药,7,003020,立方制药,09:48,False,2026-07-13,medium_archive_membership,True,formal_nonrisk_universe,matched_same_day_github_tradeable_evidence
2026-07-10,yyqyx_limitup,创新药,医药,7,600664,哈药股份,09:30,False,2026-07-13,medium_archive_membership,True,formal_nonrisk_universe,matched_same_day_github_tradeable_evidence
2026-07-10,yyqyx_limitup,创新药,医药,7,002038,双鹭药业,09:59,False,2026-07-13,medium_archive_membership,True,formal_nonrisk_universe,matched_same_day_github_tradeable_evidence
2026-07-10,yyqyx_limitup,创新药,医药,7,300255,常山药业,10:10,False,2026-07-13,medium_archive_membership,True,formal_nonrisk_universe,matched_same_day_github_tradeable_evidence
2026-07-10,yyqyx_limitup,创新药,医药,7,002317,众生药业,10:14,False,2026-07-13,medium_archive_membership,True,formal_nonrisk_universe,matched_same_day_github_tradeable_evidence
2026-07-10,yyqyx_limitup,创新药,医药,7,603127,昭衍新药,10:15,False,2026-07-13,medium_archive_membership,True,formal_nonrisk_universe,matched_same_day_github_tradeable_evidence
2026-07-10,yyqyx_limitup,创新药,医药,7,688710,益诺思,13:00,False,2026-07-13,medium_archive_membership,True,formal_nonrisk_universe,matched_same_day_github_tradeable_evidence
2026-07-10,yyqyx_limitup,AI应用,AI应用,6,603898,好莱客,09:40,False,2026-07-13,medium_archive_membership,True,formal_nonrisk_universe,matched_same_day_github_tradeable_evidence
2026-07-10,yyqyx_limitup,AI应用,AI应用,6,000892,欢瑞世纪,10:03,False,2026-07-13,medium_archive_membership,True,formal_nonrisk_universe,matched_same_day_github_tradeable_evidence
2026-07-10,yyqyx_limitup,AI应用,AI应用,6,002774,快意电梯,10:30,False,2026-07-13,medium_archive_membership,True,formal_nonrisk_universe,matched_same_day_github_tradeable_evidence
2026-07-10,yyqyx_limitup,AI应用,AI应用,6,601858,中国科传,10:58,False,2026-07-13,medium_archive_membership,True,formal_nonrisk_universe,matched_same_day_github_tradeable_evidence
2026-07-10,yyqyx_limitup,AI应用,AI应用,6,603236,移远通信,11:01,False,2026-07-13,medium_archive_membership,True,formal_nonrisk_universe,matched_same_day_github_tradeable_evidence
2026-07-10,yyqyx_limitup,AI应用,AI应用,6,002524,光正眼科,13:09,False,2026-07-13,medium_archive_membership,True,formal_nonrisk_universe,matched_same_day_github_tradeable_evidence
2026-07-10,yyqyx_limitup,军工,军工,6,600992,贵绳股份,10:03,False,2026-07-13,medium_archive_membership,True,formal_nonrisk_universe,matched_same_day_github_tradeable_evidence
2026-07-10,yyqyx_limitup,军工,军工,6,600685,中船防务,13:00,False,2026-07-13,medium_archive_membership,True,formal_nonrisk_universe,matched_same_day_github_tradeable_evidence
2026-07-10,yyqyx_limitup,军工,军工,6,600343,航天动力,13:00,False,2026-07-13,medium_archive_membership,True,formal_nonrisk_universe,matched_same_day_github_tradeable_evidence
2026-07-10,yyqyx_limitup,军工,军工,6,002361,神剑股份,13:00,False,2026-07-13,medium_archive_membership,True,formal_nonrisk_universe,matched_same_day_github_tradeable_evidence
2026-07-10,yyqyx_limitup,军工,军工,6,003009,中天火箭,13:01,False,2026-07-13,medium_archive_membership,True,formal_nonrisk_universe,matched_same_day_github_tradeable_evidence
2026-07-10,yyqyx_limitup,军工,军工,6,000901,航天科技,13:01,False,2026-07-13,medium_archive_membership,True,formal_nonrisk_universe,matched_same_day_github_tradeable_evidence
2026-07-10,yyqyx_limitup,化工,化工,5,600800,渤海化学,10:09,False,2026-07-13,medium_archive_membership,True,formal_nonrisk_universe,matched_same_day_github_tradeable_evidence
2026-07-10,yyqyx_limitup,化工,化工,5,688722,同益中,13:00,False,2026-07-13,medium_archive_membership,True,formal_nonrisk_universe,matched_same_day_github_tradeable_evidence
2026-07-10,yyqyx_limitup,化工,化工,5,603698,航天工程,13:00,False,2026-07-13,medium_archive_membership,True,formal_nonrisk_universe,matched_same_day_github_tradeable_evidence
2026-07-10,yyqyx_limitup,化工,化工,5,002202,金风科技,13:12,False,2026-07-13,medium_archive_membership,True,formal_nonrisk_universe,matched_same_day_github_tradeable_evidence
2026-07-10,yyqyx_limitup,化工,化工,5,600072,中船科技,13:17,False,2026-07-13,medium_archive_membership,True,formal_nonrisk_universe,matched_same_day_github_tradeable_evidence
2026-07-10,yyqyx_limitup,算力,算力硬件,5,002346,柘中股份,09:30,False,2026-07-13,medium_archive_membership,True,formal_nonrisk_universe,matched_same_day_github_tradeable_evidence
2026-07-10,yyqyx_limitup,算力,算力硬件,5,603322,超讯科技,09:41,False,2026-07-13,medium_archive_membership,True,formal_nonrisk_universe,matched_same_day_github_tradeable_evidence
2026-07-10,yyqyx_limitup,算力,算力硬件,5,600410,华胜天成,09:47,False,2026-07-13,medium_archive_membership,True,formal_nonrisk_universe,matched_same_day_github_tradeable_evidence
2026-07-10,yyqyx_limitup,算力,算力硬件,5,002970,锐明技术,10:18,False,2026-07-13,medium_archive_membership,True,formal_nonrisk_universe,matched_same_day_github_tradeable_evidence
2026-07-10,yyqyx_limitup,算力,算力硬件,5,600821,金开新能,10:28,False,2026-07-13,medium_archive_membership,True,formal_nonrisk_universe,matched_same_day_github_tradeable_evidence
2026-07-10,yyqyx_limitup,芯片,半导体,5,000920,沃顿科技,09:31,False,2026-07-13,medium_archive_membership,True,formal_nonrisk_universe,matched_same_day_github_tradeable_evidence
2026-07-10,yyqyx_limitup,芯片,半导体,5,603155,新亚强,09:35,False,2026-07-13,medium_archive_membership,True,formal_nonrisk_universe,matched_same_day_github_tradeable_evidence
2026-07-10,yyqyx_limitup,芯片,半导体,5,300786,国林科技,09:39,False,2026-07-13,medium_archive_membership,True,formal_nonrisk_universe,matched_same_day_github_tradeable_evidence
2026-07-10,yyqyx_limitup,芯片,半导体,5,002989,中天精装,09:43,False,2026-07-13,medium_archive_membership,True,formal_nonrisk_universe,matched_same_day_github_tradeable_evidence
2026-07-10,yyqyx_limitup,芯片,半导体,5,600879,XD航天电,13:05,False,2026-07-13,medium_archive_membership,True,formal_nonrisk_universe,matched_same_day_github_tradeable_evidence
2026-07-10,yyqyx_limitup,人工智能,人工智能,4,002115,三维通信,09:25,False,2026-07-13,medium_archive_membership,True,formal_nonrisk_universe,matched_same_day_github_tradeable_evidence
2026-07-10,yyqyx_limitup,人工智能,人工智能,4,600410,华胜天成,09:47,False,2026-07-13,medium_archive_membership,True,formal_nonrisk_universe,matched_same_day_github_tradeable_evidence
2026-07-10,yyqyx_limitup,人工智能,人工智能,4,600629,华建集团,10:29,False,2026-07-13,medium_archive_membership,True,formal_nonrisk_universe,matched_same_day_github_tradeable_evidence
2026-07-10,yyqyx_limitup,人工智能,人工智能,4,301117,佳缘科技,13:00,False,2026-07-13,medium_archive_membership,True,formal_nonrisk_universe,matched_same_day_github_tradeable_evidence
2026-07-10,yyqyx_limitup,基础建设,基础建设,4,003001,中岩大地,10:15,False,2026-07-13,medium_archive_membership,True,formal_nonrisk_universe,matched_same_day_github_tradeable_evidence
2026-07-10,yyqyx_limitup,基础建设,基础建设,4,002828,贝肯能源,10:20,False,2026-07-13,medium_archive_membership,True,formal_nonrisk_universe,matched_same_day_github_tradeable_evidence
2026-07-10,yyqyx_limitup,基础建设,基础建设,4,601608,中信重工,14:56,False,2026-07-13,medium_archive_membership,True,formal_nonrisk_universe,matched_same_day_github_tradeable_evidence
2026-07-10,yyqyx_limitup,智能电网,电力电网,4,002121,科陆电子,09:30,False,2026-07-13,medium_archive_membership,True,formal_nonrisk_universe,matched_same_day_github_tradeable_evidence
2026-07-10,yyqyx_limitup,智能电网,电力电网,4,603556,海兴电力,11:04,False,2026-07-13,medium_archive_membership,True,formal_nonrisk_universe,matched_same_day_github_tradeable_evidence
2026-07-10,yyqyx_limitup,智能电网,电力电网,4,300069,金利华电,13:02,False,2026-07-13,medium_archive_membership,True,formal_nonrisk_universe,matched_same_day_github_tradeable_evidence
2026-07-10,yyqyx_limitup,智能电网,电力电网,4,600192,长城电工,13:17,False,2026-07-13,medium_archive_membership,True,formal_nonrisk_universe,matched_same_day_github_tradeable_evidence
2026-07-10,yyqyx_limitup,一带一路,一带一路,3,603162,海通发展,10:53,False,2026-07-13,medium_archive_membership,True,formal_nonrisk_universe,matched_same_day_github_tradeable_evidence
2026-07-10,yyqyx_limitup,一带一路,一带一路,3,300065,海兰信,13:00,False,2026-07-13,medium_archive_membership,True,formal_nonrisk_universe,matched_same_day_github_tradeable_evidence
2026-07-10,yyqyx_limitup,一带一路,一带一路,3,605598,上海港湾,13:03,False,2026-07-13,medium_archive_membership,True,formal_nonrisk_universe,matched_same_day_github_tradeable_evidence
2026-07-13,yyqyx_limitup,创新药,医药,8,003020,立方制药,09:30,False,2026-07-14,medium_archive_membership,True,formal_nonrisk_universe,matched_same_day_github_tradeable_evidence
2026-07-13,yyqyx_limitup,创新药,医药,8,600664,哈药股份,09:34,False,2026-07-14,medium_archive_membership,True,formal_nonrisk_universe,matched_same_day_github_tradeable_evidence
2026-07-13,yyqyx_limitup,创新药,医药,8,600513,联环药业,13:55,False,2026-07-14,medium_archive_membership,True,formal_nonrisk_universe,matched_same_day_github_tradeable_evidence
2026-07-13,yyqyx_limitup,创新药,医药,8,000989,九芝堂,09:40,False,2026-07-14,medium_archive_membership,True,formal_nonrisk_universe,matched_same_day_github_tradeable_evidence
2026-07-13,yyqyx_limitup,创新药,医药,8,300534,陇神戎发,10:00,False,2026-07-14,medium_archive_membership,True,formal_nonrisk_universe,matched_same_day_github_tradeable_evidence
2026-07-13,yyqyx_limitup,创新药,医药,8,603669,灵康药业,10:38,False,2026-07-14,medium_archive_membership,True,formal_nonrisk_universe,matched_same_day_github_tradeable_evidence
2026-07-13,yyqyx_limitup,基础建设,基础建设,4,601608,中信重工,09:25,False,2026-07-14,medium_archive_membership,True,formal_nonrisk_universe,matched_same_day_github_tradeable_evidence
2026-07-13,yyqyx_limitup,基础建设,基础建设,4,601002,晋亿实业,09:30,False,2026-07-14,medium_archive_membership,True,formal_nonrisk_universe,matched_same_day_github_tradeable_evidence
2026-07-13,yyqyx_limitup,基础建设,基础建设,4,603137,恒尚节能,09:37,False,2026-07-14,medium_archive_membership,True,formal_nonrisk_universe,matched_same_day_github_tradeable_evidence
2026-07-13,yyqyx_limitup,并购重组,并购重组,4,600629,华建集团,13:11,False,2026-07-14,medium_archive_membership,True,formal_nonrisk_universe,matched_same_day_github_tradeable_evidence
2026-07-13,yyqyx_limitup,并购重组,并购重组,4,300214,日科化学,09:25,False,2026-07-14,medium_archive_membership,True,formal_nonrisk_universe,matched_same_day_github_tradeable_evidence
2026-07-13,yyqyx_limitup,并购重组,并购重组,4,603137,恒尚节能,09:37,False,2026-07-14,medium_archive_membership,True,formal_nonrisk_universe,matched_same_day_github_tradeable_evidence
2026-07-13,yyqyx_limitup,并购重组,并购重组,4,002379,宏桥控股,10:17,False,2026-07-14,medium_archive_membership,True,formal_nonrisk_universe,matched_same_day_github_tradeable_evidence
2026-07-13,yyqyx_limitup,中药,医药,3,600671,天目药业,09:48,False,2026-07-14,medium_archive_membership,True,formal_nonrisk_universe,matched_same_day_github_tradeable_evidence
2026-07-13,yyqyx_limitup,医药,医药,3,600881,亚泰集团,09:38,False,2026-07-14,medium_archive_membership,True,formal_nonrisk_universe,matched_same_day_github_tradeable_evidence
2026-07-13,yyqyx_limitup,商业航天,商业航天,3,600992,贵绳股份,09:25,False,2026-07-14,medium_archive_membership,True,formal_nonrisk_universe,matched_same_day_github_tradeable_evidence
2026-07-13,yyqyx_limitup,商业航天,商业航天,3,605090,九丰能源,09:25,False,2026-07-14,medium_archive_membership,True,formal_nonrisk_universe,matched_same_day_github_tradeable_evidence
2026-07-13,yyqyx_limitup,商业航天,商业航天,3,601608,中信重工,09:25,False,2026-07-14,medium_archive_membership,True,formal_nonrisk_universe,matched_same_day_github_tradeable_evidence
2026-07-13,yyqyx_limitup,机器人概念,机器人,3,603933,睿能科技,09:30,False,2026-07-14,medium_archive_membership,True,formal_nonrisk_universe,matched_same_day_github_tradeable_evidence
2026-07-13,yyqyx_limitup,机器人概念,机器人,3,603677,奇精机械,10:54,False,2026-07-14,medium_archive_membership,True,formal_nonrisk_universe,matched_same_day_github_tradeable_evidence
2026-07-13,yyqyx_limitup,机器人概念,机器人,3,001388,信通电子,13:35,False,2026-07-14,medium_archive_membership,True,formal_nonrisk_universe,matched_same_day_github_tradeable_evidence
2026-07-13,yyqyx_limitup,天然气,天然气,2,605090,九丰能源,09:25,False,2026-07-14,medium_archive_membership,True,formal_nonrisk_universe,matched_same_day_github_tradeable_evidence
2026-07-13,yyqyx_limitup,天然气,天然气,2,603318,水发燃气,09:25,False,2026-07-14,medium_archive_membership,True,formal_nonrisk_universe,matched_same_day_github_tradeable_evidence
2026-07-13,yyqyx_limitup,病毒防治,病毒防治,2,600513,联环药业,13:55,False,2026-07-14,medium_archive_membership,True,formal_nonrisk_universe,matched_same_day_github_tradeable_evidence
2026-07-14,yyqyx_limitup,机器人概念,机器人,14,001388,信通电子,09:32,False,2026-07-15,medium_archive_membership,True,formal_nonrisk_universe,matched_same_day_github_tradeable_evidence
2026-07-14,yyqyx_limitup,机器人概念,机器人,14,603197,保隆科技,09:34,False,2026-07-15,medium_archive_membership,True,formal_nonrisk_universe,matched_same_day_github_tradeable_evidence
2026-07-14,yyqyx_limitup,机器人概念,机器人,14,001283,豪鹏科技,09:54,False,2026-07-15,medium_archive_membership,True,formal_nonrisk_universe,matched_same_day_github_tradeable_evidence
2026-07-14,yyqyx_limitup,机器人概念,机器人,14,002162,悦心健康,10:12,False,2026-07-15,medium_archive_membership,True,formal_nonrisk_universe,matched_same_day_github_tradeable_evidence
2026-07-14,yyqyx_limitup,机器人概念,机器人,14,002523,天桥起重,10:24,False,2026-07-15,medium_archive_membership,True,formal_nonrisk_universe,matched_same_day_github_tradeable_evidence
2026-07-14,yyqyx_limitup,机器人概念,机器人,14,605189,富春染织,10:26,False,2026-07-15,medium_archive_membership,True,formal_nonrisk_universe,matched_same_day_github_tradeable_evidence
2026-07-14,yyqyx_limitup,机器人概念,机器人,14,002245,蔚蓝锂芯,10:32,False,2026-07-15,medium_archive_membership,True,formal_nonrisk_universe,matched_same_day_github_tradeable_evidence
2026-07-14,yyqyx_limitup,机器人概念,机器人,14,002628,成都路桥,13:01,False,2026-07-15,medium_archive_membership,True,formal_nonrisk_universe,matched_same_day_github_tradeable_evidence
2026-07-14,yyqyx_limitup,机器人概念,机器人,14,002975,博杰股份,13:04,False,2026-07-15,medium_archive_membership,True,formal_nonrisk_universe,matched_same_day_github_tradeable_evidence
2026-07-14,yyqyx_limitup,机器人概念,机器人,14,603730,岱美股份,13:23,False,2026-07-15,medium_archive_membership,True,formal_nonrisk_universe,matched_same_day_github_tradeable_evidence
2026-07-14,yyqyx_limitup,机器人概念,机器人,14,002838,道恩股份,13:24,False,2026-07-15,medium_archive_membership,True,formal_nonrisk_universe,matched_same_day_github_tradeable_evidence
2026-07-14,yyqyx_limitup,机器人概念,机器人,14,603466,风语筑,13:31,False,2026-07-15,medium_archive_membership,True,formal_nonrisk_universe,matched_same_day_github_tradeable_evidence
2026-07-14,yyqyx_limitup,机器人概念,机器人,14,300912,凯龙高科,13:58,False,2026-07-15,medium_archive_membership,True,formal_nonrisk_universe,matched_same_day_github_tradeable_evidence
2026-07-14,yyqyx_limitup,机器人概念,机器人,14,605133,嵘泰股份,14:54,False,2026-07-15,medium_archive_membership,True,formal_nonrisk_universe,matched_same_day_github_tradeable_evidence
2026-07-14,yyqyx_limitup,通信,通信,9,603042,华脉科技,09:30,False,2026-07-15,medium_archive_membership,True,formal_nonrisk_universe,matched_same_day_github_tradeable_evidence
2026-07-14,yyqyx_limitup,通信,通信,9,600255,鑫科材料,09:36,False,2026-07-15,medium_archive_membership,True,formal_nonrisk_universe,matched_same_day_github_tradeable_evidence
2026-07-14,yyqyx_limitup,通信,通信,9,001389,广合科技,09:52,False,2026-07-15,medium_archive_membership,True,formal_nonrisk_universe,matched_same_day_github_tradeable_evidence
2026-07-14,yyqyx_limitup,通信,通信,9,600183,生益科技,09:53,False,2026-07-15,medium_archive_membership,True,formal_nonrisk_universe,matched_same_day_github_tradeable_evidence
2026-07-14,yyqyx_limitup,通信,通信,9,002141,贤丰控股,09:58,False,2026-07-15,medium_archive_membership,True,formal_nonrisk_universe,matched_same_day_github_tradeable_evidence
2026-07-14,yyqyx_limitup,通信,通信,9,603186,华正新材,10:19,False,2026-07-15,medium_archive_membership,True,formal_nonrisk_universe,matched_same_day_github_tradeable_evidence
2026-07-14,yyqyx_limitup,通信,通信,9,002384,东山精密,13:03,False,2026-07-15,medium_archive_membership,True,formal_nonrisk_universe,matched_same_day_github_tradeable_evidence
2026-07-14,yyqyx_limitup,通信,通信,9,002463,沪电股份,13:04,False,2026-07-15,medium_archive_membership,True,formal_nonrisk_universe,matched_same_day_github_tradeable_evidence
2026-07-14,yyqyx_limitup,通信,通信,9,002636,金安国纪,13:12,False,2026-07-15,medium_archive_membership,True,formal_nonrisk_universe,matched_same_day_github_tradeable_evidence
2026-07-14,yyqyx_limitup,基础建设,基础建设,6,603137,恒尚节能,14:36,False,2026-07-15,medium_archive_membership,True,formal_nonrisk_universe,matched_same_day_github_tradeable_evidence
2026-07-14,yyqyx_limitup,基础建设,基础建设,6,002523,天桥起重,10:24,False,2026-07-15,medium_archive_membership,True,formal_nonrisk_universe,matched_same_day_github_tradeable_evidence
2026-07-14,yyqyx_limitup,基础建设,基础建设,6,001226,拓山重工,11:00,False,2026-07-15,medium_archive_membership,True,formal_nonrisk_universe,matched_same_day_github_tradeable_evidence
2026-07-14,yyqyx_limitup,基础建设,基础建设,6,002628,成都路桥,13:01,False,2026-07-15,medium_archive_membership,True,formal_nonrisk_universe,matched_same_day_github_tradeable_evidence
2026-07-14,yyqyx_limitup,基础建设,基础建设,6,003001,中岩大地,14:51,False,2026-07-15,medium_archive_membership,True,formal_nonrisk_universe,matched_same_day_github_tradeable_evidence
2026-07-14,yyqyx_limitup,石油石化,油气,6,000554,泰山石油,09:32,False,2026-07-15,medium_archive_membership,True,formal_nonrisk_universe,matched_same_day_github_tradeable_evidence
2026-07-14,yyqyx_limitup,石油石化,油气,6,000703,恒逸石化,10:30,False,2026-07-15,medium_archive_membership,True,formal_nonrisk_universe,matched_same_day_github_tradeable_evidence
2026-07-14,yyqyx_limitup,石油石化,油气,6,603619,中曼石油,13:22,False,2026-07-15,medium_archive_membership,True,formal_nonrisk_universe,matched_same_day_github_tradeable_evidence
2026-07-14,yyqyx_limitup,石油石化,油气,6,601969,海南矿业,14:00,False,2026-07-15,medium_archive_membership,True,formal_nonrisk_universe,matched_same_day_github_tradeable_evidence
2026-07-14,yyqyx_limitup,石油石化,油气,6,300164,通源石油,14:00,False,2026-07-15,medium_archive_membership,True,formal_nonrisk_universe,matched_same_day_github_tradeable_evidence
2026-07-14,yyqyx_limitup,算力,算力硬件,6,603516,淳中科技,09:30,False,2026-07-15,medium_archive_membership,True,formal_nonrisk_universe,matched_same_day_github_tradeable_evidence
2026-07-14,yyqyx_limitup,算力,算力硬件,6,300209,行云科技,13:07,False,2026-07-15,medium_archive_membership,True,formal_nonrisk_universe,matched_same_day_github_tradeable_evidence
2026-07-14,yyqyx_limitup,算力,算力硬件,6,002536,飞龙股份,13:16,False,2026-07-15,medium_archive_membership,True,formal_nonrisk_universe,matched_same_day_github_tradeable_evidence
2026-07-14,yyqyx_limitup,算力,算力硬件,6,002484,江海股份,13:28,False,2026-07-15,medium_archive_membership,True,formal_nonrisk_universe,matched_same_day_github_tradeable_evidence
2026-07-14,yyqyx_limitup,算力,算力硬件,6,603989,艾华集团,13:33,False,2026-07-15,medium_archive_membership,True,formal_nonrisk_universe,matched_same_day_github_tradeable_evidence
2026-07-14,yyqyx_limitup,算力,算力硬件,6,301259,艾布鲁,14:45,False,2026-07-15,medium_archive_membership,True,formal_nonrisk_universe,matched_same_day_github_tradeable_evidence
2026-07-14,yyqyx_limitup,中报增长,业绩增长,5,605028,世茂能源,09:30,False,2026-07-15,medium_archive_membership,True,formal_nonrisk_universe,matched_same_day_github_tradeable_evidence
2026-07-14,yyqyx_limitup,中报增长,业绩增长,5,603489,八方股份,09:30,False,2026-07-15,medium_archive_membership,True,formal_nonrisk_universe,matched_same_day_github_tradeable_evidence
2026-07-14,yyqyx_limitup,中报增长,业绩增长,5,600844,金煤科技,09:30,False,2026-07-15,medium_archive_membership,True,formal_nonrisk_universe,matched_same_day_github_tradeable_evidence
2026-07-14,yyqyx_limitup,中报增长,业绩增长,5,605189,富春染织,10:26,False,2026-07-15,medium_archive_membership,True,formal_nonrisk_universe,matched_same_day_github_tradeable_evidence
2026-07-14,yyqyx_limitup,创新药,医药,5,688192,迪哲医药,13:00,False,2026-07-15,medium_archive_membership,True,formal_nonrisk_universe,matched_same_day_github_tradeable_evidence
2026-07-14,yyqyx_limitup,创新药,医药,5,002250,联化科技,13:04,False,2026-07-15,medium_archive_membership,True,formal_nonrisk_universe,matched_same_day_github_tradeable_evidence
2026-07-14,yyqyx_limitup,创新药,医药,5,603367,辰欣药业,13:08,False,2026-07-15,medium_archive_membership,True,formal_nonrisk_universe,matched_same_day_github_tradeable_evidence
2026-07-14,yyqyx_limitup,创新药,医药,5,603222,济民健康,14:44,False,2026-07-15,medium_archive_membership,True,formal_nonrisk_universe,matched_same_day_github_tradeable_evidence
2026-07-14,yyqyx_limitup,化工,化工,5,600746,江苏索普,09:30,False,2026-07-15,medium_archive_membership,True,formal_nonrisk_universe,matched_same_day_github_tradeable_evidence
2026-07-14,yyqyx_limitup,化工,化工,5,000554,泰山石油,09:32,False,2026-07-15,medium_archive_membership,True,formal_nonrisk_universe,matched_same_day_github_tradeable_evidence
2026-07-14,yyqyx_limitup,化工,化工,5,603077,和邦生物,13:57,False,2026-07-15,medium_archive_membership,True,formal_nonrisk_universe,matched_same_day_github_tradeable_evidence
2026-07-14,yyqyx_limitup,化工,化工,5,300164,通源石油,14:00,False,2026-07-15,medium_archive_membership,True,formal_nonrisk_universe,matched_same_day_github_tradeable_evidence
2026-07-14,yyqyx_limitup,化工,化工,5,301100,风光股份,14:03,False,2026-07-15,medium_archive_membership,True,formal_nonrisk_universe,matched_same_day_github_tradeable_evidence
2026-07-14,yyqyx_limitup,金属铝,金属铝,5,002379,宏桥控股,13:54,False,2026-07-15,medium_archive_membership,True,formal_nonrisk_universe,matched_same_day_github_tradeable_evidence
2026-07-14,yyqyx_limitup,金属铝,金属铝,5,600595,中孚实业,13:55,False,2026-07-15,medium_archive_membership,True,formal_nonrisk_universe,matched_same_day_github_tradeable_evidence
2026-07-14,yyqyx_limitup,金属铝,金属铝,5,002128,电投能源,14:10,False,2026-07-15,medium_archive_membership,True,formal_nonrisk_universe,matched_same_day_github_tradeable_evidence
2026-07-14,yyqyx_limitup,金属铝,金属铝,5,002532,天山铝业,14:12,False,2026-07-15,medium_archive_membership,True,formal_nonrisk_universe,matched_same_day_github_tradeable_evidence
2026-07-14,yyqyx_limitup,金属铝,金属铝,5,605196,华通线缆,14:27,False,2026-07-15,medium_archive_membership,True,formal_nonrisk_universe,matched_same_day_github_tradeable_evidence
2026-07-14,yyqyx_limitup,医药,医药,4,600664,哈药股份,09:42,False,2026-07-15,medium_archive_membership,True,formal_nonrisk_universe,matched_same_day_github_tradeable_evidence
2026-07-14,yyqyx_limitup,医药,医药,4,300937,药易购,10:06,False,2026-07-15,medium_archive_membership,True,formal_nonrisk_universe,matched_same_day_github_tradeable_evidence
2026-07-14,yyqyx_limitup,实控人变更,实控人变更,4,000008,神州高铁,09:25,False,2026-07-15,medium_archive_membership,True,formal_nonrisk_universe,matched_same_day_github_tradeable_evidence
2026-07-14,yyqyx_limitup,实控人变更,实控人变更,4,002718,友邦吊顶,10:38,False,2026-07-15,medium_archive_membership,True,formal_nonrisk_universe,matched_same_day_github_tradeable_evidence
2026-07-14,yyqyx_limitup,并购重组,并购重组,4,603137,恒尚节能,14:36,False,2026-07-15,medium_archive_membership,True,formal_nonrisk_universe,matched_same_day_github_tradeable_evidence
2026-07-14,yyqyx_limitup,并购重组,并购重组,4,600403,大有能源,09:46,False,2026-07-15,medium_archive_membership,True,formal_nonrisk_universe,matched_same_day_github_tradeable_evidence
2026-07-14,yyqyx_limitup,并购重组,并购重组,4,603201,常润股份,14:39,False,2026-07-15,medium_archive_membership,True,formal_nonrisk_universe,matched_same_day_github_tradeable_evidence
2026-07-15,yyqyx_limitup,医药,医药,9,600664,哈药股份,09:30,False,2026-07-16,medium_archive_membership,True,formal_nonrisk_universe,matched_same_day_github_tradeable_evidence
2026-07-15,yyqyx_limitup,医药,医药,9,603387,基蛋生物,09:37,False,2026-07-16,medium_archive_membership,True,formal_nonrisk_universe,matched_same_day_github_tradeable_evidence
2026-07-15,yyqyx_limitup,医药,医药,9,002365,永安药业,09:50,False,2026-07-16,medium_archive_membership,True,formal_nonrisk_universe,matched_same_day_github_tradeable_evidence
2026-07-15,yyqyx_limitup,医药,医药,9,603538,美诺华,09:58,False,2026-07-16,medium_archive_membership,True,formal_nonrisk_universe,matched_same_day_github_tradeable_evidence
2026-07-15,yyqyx_limitup,医药,医药,9,002900,哈三联,10:02,False,2026-07-16,medium_archive_membership,True,formal_nonrisk_universe,matched_same_day_github_tradeable_evidence
2026-07-15,yyqyx_limitup,医药,医药,9,000935,四川双马,10:23,False,2026-07-16,medium_archive_membership,True,formal_nonrisk_universe,matched_same_day_github_tradeable_evidence
2026-07-15,yyqyx_limitup,医药,医药,9,603336,宏辉果蔬,10:41,False,2026-07-16,medium_archive_membership,True,formal_nonrisk_universe,matched_same_day_github_tradeable_evidence
2026-07-15,yyqyx_limitup,医药,医药,9,301520,万邦医药,15:00,False,2026-07-16,medium_archive_membership,True,formal_nonrisk_universe,matched_same_day_github_tradeable_evidence
2026-07-15,yyqyx_limitup,机器人概念,机器人,8,001388,信通电子,09:31,False,2026-07-16,medium_archive_membership,True,formal_nonrisk_universe,matched_same_day_github_tradeable_evidence
2026-07-15,yyqyx_limitup,机器人概念,机器人,8,605189,富春染织,14:23,False,2026-07-16,medium_archive_membership,True,formal_nonrisk_universe,matched_same_day_github_tradeable_evidence
2026-07-15,yyqyx_limitup,机器人概念,机器人,8,603725,天安新材,09:31,False,2026-07-16,medium_archive_membership,True,formal_nonrisk_universe,matched_same_day_github_tradeable_evidence
2026-07-15,yyqyx_limitup,机器人概念,机器人,8,603657,春光科技,09:48,False,2026-07-16,medium_archive_membership,True,formal_nonrisk_universe,matched_same_day_github_tradeable_evidence
2026-07-15,yyqyx_limitup,机器人概念,机器人,8,002062,宏润建设,09:54,False,2026-07-16,medium_archive_membership,True,formal_nonrisk_universe,matched_same_day_github_tradeable_evidence
2026-07-15,yyqyx_limitup,机器人概念,机器人,8,002786,银宝山新,10:27,False,2026-07-16,medium_archive_membership,True,formal_nonrisk_universe,matched_same_day_github_tradeable_evidence
2026-07-15,yyqyx_limitup,机器人概念,机器人,8,000959,首钢股份,10:42,False,2026-07-16,medium_archive_membership,True,formal_nonrisk_universe,matched_same_day_github_tradeable_evidence
2026-07-15,yyqyx_limitup,机器人概念,机器人,8,603192,汇得科技,13:03,False,2026-07-16,medium_archive_membership,True,formal_nonrisk_universe,matched_same_day_github_tradeable_evidence
2026-07-15,yyqyx_limitup,创新药,医药,7,688192,迪哲医药,09:31,False,2026-07-16,medium_archive_membership,True,formal_nonrisk_universe,matched_same_day_github_tradeable_evidence
2026-07-15,yyqyx_limitup,创新药,医药,7,603127,昭衍新药,09:25,False,2026-07-16,medium_archive_membership,True,formal_nonrisk_universe,matched_same_day_github_tradeable_evidence
2026-07-15,yyqyx_limitup,创新药,医药,7,000566,海南海药,09:37,False,2026-07-16,medium_archive_membership,True,formal_nonrisk_universe,matched_same_day_github_tradeable_evidence
2026-07-15,yyqyx_limitup,创新药,医药,7,688166,博瑞医药,09:40,False,2026-07-16,medium_archive_membership,True,formal_nonrisk_universe,matched_same_day_github_tradeable_evidence
2026-07-15,yyqyx_limitup,创新药,医药,7,002940,昂利康,09:53,False,2026-07-16,medium_archive_membership,True,formal_nonrisk_universe,matched_same_day_github_tradeable_evidence
2026-07-15,yyqyx_limitup,CRO,医药,6,300149,睿智医药,09:37,False,2026-07-16,medium_archive_membership,True,formal_nonrisk_universe,matched_same_day_github_tradeable_evidence
2026-07-15,yyqyx_limitup,CRO,医药,6,600721,百花医药,09:48,False,2026-07-16,medium_archive_membership,True,formal_nonrisk_universe,matched_same_day_github_tradeable_evidence
2026-07-15,yyqyx_limitup,CRO,医药,6,002821,凯莱英,14:53,False,2026-07-16,medium_archive_membership,True,formal_nonrisk_universe,matched_same_day_github_tradeable_evidence
2026-07-15,yyqyx_limitup,基础建设,基础建设,3,603137,恒尚节能,14:10,False,2026-07-16,medium_archive_membership,True,formal_nonrisk_universe,matched_same_day_github_tradeable_evidence
2026-07-15,yyqyx_limitup,基础建设,基础建设,3,002062,宏润建设,09:54,False,2026-07-16,medium_archive_membership,True,formal_nonrisk_universe,matched_same_day_github_tradeable_evidence
2026-07-15,yyqyx_limitup,基础建设,基础建设,3,000935,四川双马,10:23,False,2026-07-16,medium_archive_membership,True,formal_nonrisk_universe,matched_same_day_github_tradeable_evidence
2026-07-15,yyqyx_limitup,服装家纺,服装家纺,3,605189,富春染织,14:23,False,2026-07-16,medium_archive_membership,True,formal_nonrisk_universe,matched_same_day_github_tradeable_evidence
2026-07-15,yyqyx_limitup,服装家纺,服装家纺,3,603839,安正时尚,10:33,False,2026-07-16,medium_archive_membership,True,formal_nonrisk_universe,matched_same_day_github_tradeable_evidence
2026-07-15,yyqyx_limitup,服装家纺,服装家纺,3,603130,云中马,13:03,False,2026-07-16,medium_archive_membership,True,formal_nonrisk_universe,matched_same_day_github_tradeable_evidence
2026-07-15,yyqyx_limitup,游戏,游戏影视,3,000676,智度股份,09:32,False,2026-07-16,medium_archive_membership,True,formal_nonrisk_universe,matched_same_day_github_tradeable_evidence
2026-07-15,yyqyx_limitup,游戏,游戏影视,3,002517,恺英网络,13:00,False,2026-07-16,medium_archive_membership,True,formal_nonrisk_universe,matched_same_day_github_tradeable_evidence
2026-07-15,yyqyx_limitup,游戏,游戏影视,3,002558,巨人网络,13:02,False,2026-07-16,medium_archive_membership,True,formal_nonrisk_universe,matched_same_day_github_tradeable_evidence
2026-07-15,yyqyx_limitup,病毒防治,病毒防治,3,300149,睿智医药,09:37,False,2026-07-16,medium_archive_membership,True,formal_nonrisk_universe,matched_same_day_github_tradeable_evidence
2026-07-15,yyqyx_limitup,病毒防治,病毒防治,3,000566,海南海药,09:37,False,2026-07-16,medium_archive_membership,True,formal_nonrisk_universe,matched_same_day_github_tradeable_evidence
2026-07-15,yyqyx_limitup,病毒防治,病毒防治,3,688166,博瑞医药,09:40,False,2026-07-16,medium_archive_membership,True,formal_nonrisk_universe,matched_same_day_github_tradeable_evidence
2026-07-15,yyqyx_limitup,算力,算力硬件,3,000889,中嘉博创,09:30,False,2026-07-16,medium_archive_membership,True,formal_nonrisk_universe,matched_same_day_github_tradeable_evidence
2026-07-15,yyqyx_limitup,算力,算力硬件,3,300231,银信科技,13:43,False,2026-07-16,medium_archive_membership,True,formal_nonrisk_universe,matched_same_day_github_tradeable_evidence
2026-07-15,yyqyx_limitup,算力,算力硬件,3,001896,豫能控股,14:55,False,2026-07-16,medium_archive_membership,True,formal_nonrisk_universe,matched_same_day_github_tradeable_evidence
2026-07-15,yyqyx_limitup,股权转让,股权转让,3,605028,世茂能源,09:32,False,2026-07-16,medium_archive_membership,True,formal_nonrisk_universe,matched_same_day_github_tradeable_evidence
2026-07-15,yyqyx_limitup,股权转让,股权转让,3,600844,金煤科技,10:10,False,2026-07-16,medium_archive_membership,True,formal_nonrisk_universe,matched_same_day_github_tradeable_evidence
2026-07-15,yyqyx_limitup,股权转让,股权转让,3,600785,新华百货,09:47,False,2026-07-16,medium_archive_membership,True,formal_nonrisk_universe,matched_same_day_github_tradeable_evidence
2026-07-15,yyqyx_limitup,通信,通信,3,002141,贤丰控股,09:30,False,2026-07-16,medium_archive_membership,True,formal_nonrisk_universe,matched_same_day_github_tradeable_evidence
2026-07-15,yyqyx_limitup,通信,通信,3,002980,华盛昌,09:25,False,2026-07-16,medium_archive_membership,True,formal_nonrisk_universe,matched_same_day_github_tradeable_evidence
2026-07-15,yyqyx_limitup,通信,通信,3,000889,中嘉博创,09:30,False,2026-07-16,medium_archive_membership,True,formal_nonrisk_universe,matched_same_day_github_tradeable_evidence
2026-07-15,yyqyx_limitup,金融概念,金融概念,3,000593,德龙汇能,09:34,False,2026-07-16,medium_archive_membership,True,formal_nonrisk_universe,matched_same_day_github_tradeable_evidence
2026-07-15,yyqyx_limitup,金融概念,金融概念,3,600857,宁波中百,09:42,False,2026-07-16,medium_archive_membership,True,formal_nonrisk_universe,matched_same_day_github_tradeable_evidence
2026-07-15,yyqyx_limitup,金融概念,金融概念,3,002558,巨人网络,13:02,False,2026-07-16,medium_archive_membership,True,formal_nonrisk_universe,matched_same_day_github_tradeable_evidence
2026-07-16,yyqyx_limitup,端侧AI,端侧AI,8,000676,智度股份,09:46,False,2026-07-17,medium_archive_membership,True,formal_nonrisk_universe,matched_same_day_github_tradeable_evidence
2026-07-16,yyqyx_limitup,端侧AI,端侧AI,8,002632,道明光学,09:25,False,2026-07-17,medium_archive_membership,True,formal_nonrisk_universe,matched_same_day_github_tradeable_evidence
2026-07-16,yyqyx_limitup,端侧AI,端侧AI,8,603327,福蓉科技,09:30,False,2026-07-17,medium_archive_membership,True,formal_nonrisk_universe,matched_same_day_github_tradeable_evidence
2026-07-16,yyqyx_limitup,端侧AI,端侧AI,8,300968,格林精密,09:36,False,2026-07-17,medium_archive_membership,True,formal_nonrisk_universe,matched_same_day_github_tradeable_evidence
2026-07-16,yyqyx_limitup,端侧AI,端侧AI,8,002045,国光电器,09:37,False,2026-07-17,medium_archive_membership,True,formal_nonrisk_universe,matched_same_day_github_tradeable_evidence
2026-07-16,yyqyx_limitup,端侧AI,端侧AI,8,600203,福日电子,09:45,False,2026-07-17,medium_archive_membership,True,formal_nonrisk_universe,matched_same_day_github_tradeable_evidence
2026-07-16,yyqyx_limitup,端侧AI,端侧AI,8,000829,天音控股,09:51,False,2026-07-17,medium_archive_membership,True,formal_nonrisk_universe,matched_same_day_github_tradeable_evidence
2026-07-16,yyqyx_limitup,端侧AI,端侧AI,8,002881,美格智能,10:07,False,2026-07-17,medium_archive_membership,True,formal_nonrisk_universe,matched_same_day_github_tradeable_evidence
2026-07-16,yyqyx_limitup,AI应用,AI应用,5,000892,欢瑞世纪,09:34,False,2026-07-17,medium_archive_membership,True,formal_nonrisk_universe,matched_same_day_github_tradeable_evidence
2026-07-16,yyqyx_limitup,AI应用,AI应用,5,300805,电声股份,09:46,False,2026-07-17,medium_archive_membership,True,formal_nonrisk_universe,matched_same_day_github_tradeable_evidence
2026-07-16,yyqyx_limitup,AI应用,AI应用,5,601595,上海电影,10:52,False,2026-07-17,medium_archive_membership,True,formal_nonrisk_universe,matched_same_day_github_tradeable_evidence
2026-07-16,yyqyx_limitup,AI应用,AI应用,5,603716,塞力医疗,11:13,False,2026-07-17,medium_archive_membership,True,formal_nonrisk_universe,matched_same_day_github_tradeable_evidence
2026-07-16,yyqyx_limitup,AI应用,AI应用,5,603108,润达医疗,11:25,False,2026-07-17,medium_archive_membership,True,formal_nonrisk_universe,matched_same_day_github_tradeable_evidence
2026-07-16,yyqyx_limitup,AI手机,AI手机,4,002632,道明光学,09:25,False,2026-07-17,medium_archive_membership,True,formal_nonrisk_universe,matched_same_day_github_tradeable_evidence
2026-07-16,yyqyx_limitup,AI手机,AI手机,4,603327,福蓉科技,09:30,False,2026-07-17,medium_archive_membership,True,formal_nonrisk_universe,matched_same_day_github_tradeable_evidence
2026-07-16,yyqyx_limitup,AI手机,AI手机,4,300968,格林精密,09:36,False,2026-07-17,medium_archive_membership,True,formal_nonrisk_universe,matched_same_day_github_tradeable_evidence
2026-07-16,yyqyx_limitup,AI手机,AI手机,4,600203,福日电子,09:45,False,2026-07-17,medium_archive_membership,True,formal_nonrisk_universe,matched_same_day_github_tradeable_evidence
2026-07-16,yyqyx_limitup,医药,医药,4,600664,哈药股份,09:25,False,2026-07-17,medium_archive_membership,True,formal_nonrisk_universe,matched_same_day_github_tradeable_evidence
2026-07-16,yyqyx_limitup,医药,医药,4,002365,永安药业,09:33,False,2026-07-17,medium_archive_membership,True,formal_nonrisk_universe,matched_same_day_github_tradeable_evidence
2026-07-16,yyqyx_limitup,医药,医药,4,603567,珍宝岛,13:32,False,2026-07-17,medium_archive_membership,True,formal_nonrisk_universe,matched_same_day_github_tradeable_evidence
2026-07-16,yyqyx_limitup,并购重组,并购重组,4,002760,凤形股份,09:34,False,2026-07-17,medium_archive_membership,True,formal_nonrisk_universe,matched_same_day_github_tradeable_evidence
2026-07-16,yyqyx_limitup,并购重组,并购重组,4,000014,沙河股份,10:58,False,2026-07-17,medium_archive_membership,True,formal_nonrisk_universe,matched_same_day_github_tradeable_evidence
2026-07-16,yyqyx_limitup,机器人概念,机器人,3,001230,劲旅环境,09:45,False,2026-07-17,medium_archive_membership,True,formal_nonrisk_universe,matched_same_day_github_tradeable_evidence
2026-07-16,yyqyx_limitup,机器人概念,机器人,3,603178,圣龙股份,09:53,False,2026-07-17,medium_archive_membership,True,formal_nonrisk_universe,matched_same_day_github_tradeable_evidence
2026-07-16,yyqyx_limitup,机器人概念,机器人,3,001365,天海电子,10:19,False,2026-07-17,medium_archive_membership,True,formal_nonrisk_universe,matched_same_day_github_tradeable_evidence
2026-07-16,yyqyx_limitup,绿色电力,电力电网,3,002350,北京科锐,10:15,False,2026-07-17,medium_archive_membership,True,formal_nonrisk_universe,matched_same_day_github_tradeable_evidence
2026-07-16,yyqyx_limitup,绿色电力,电力电网,3,001258,立新能源,13:00,False,2026-07-17,medium_archive_membership,True,formal_nonrisk_universe,matched_same_day_github_tradeable_evidence
2026-07-16,yyqyx_limitup,绿色电力,电力电网,3,002775,文科股份,13:04,False,2026-07-17,medium_archive_membership,True,formal_nonrisk_universe,matched_same_day_github_tradeable_evidence
2026-07-16,yyqyx_limitup,脑机接口,脑机接口,3,000566,海南海药,11:01,False,2026-07-17,medium_archive_membership,True,formal_nonrisk_universe,matched_same_day_github_tradeable_evidence
2026-07-16,yyqyx_limitup,脑机接口,脑机接口,3,002173,创新医疗,10:25,False,2026-07-17,medium_archive_membership,True,formal_nonrisk_universe,matched_same_day_github_tradeable_evidence
2026-07-16,yyqyx_limitup,脑机接口,脑机接口,3,603716,塞力医疗,11:13,False,2026-07-17,medium_archive_membership,True,formal_nonrisk_universe,matched_same_day_github_tradeable_evidence
2026-07-16,yyqyx_limitup,地产链,地产,2,600162,香江控股,09:30,False,2026-07-17,medium_archive_membership,True,formal_nonrisk_universe,matched_same_day_github_tradeable_evidence
2026-07-16,yyqyx_limitup,地产链,地产,2,000014,沙河股份,10:58,False,2026-07-17,medium_archive_membership,True,formal_nonrisk_universe,matched_same_day_github_tradeable_evidence
2026-07-16,yyqyx_limitup,影视院线,游戏影视,2,002739,儒意电影,09:30,False,2026-07-17,medium_archive_membership,True,formal_nonrisk_universe,matched_same_day_github_tradeable_evidence
2026-07-16,yyqyx_limitup,影视院线,游戏影视,2,601595,上海电影,10:52,False,2026-07-17,medium_archive_membership,True,formal_nonrisk_universe,matched_same_day_github_tradeable_evidence
2026-07-16,yyqyx_limitup,算力,算力硬件,2,600602,云赛智联,09:38,False,2026-07-17,medium_archive_membership,True,formal_nonrisk_universe,matched_same_day_github_tradeable_evidence
2026-07-16,yyqyx_limitup,算力,算力硬件,2,603496,恒为科技,09:58,False,2026-07-17,medium_archive_membership,True,formal_nonrisk_universe,matched_same_day_github_tradeable_evidence
2026-07-17,yyqyx_limitup,绿色电力,电力电网,7,001258,立新能源,09:46,False,2026-07-20,medium_archive_membership,True,formal_nonrisk_universe,matched_same_day_github_tradeable_evidence
2026-07-17,yyqyx_limitup,绿色电力,电力电网,7,600744,华银电力,09:43,False,2026-07-20,medium_archive_membership,True,formal_nonrisk_universe,matched_same_day_github_tradeable_evidence
2026-07-17,yyqyx_limitup,绿色电力,电力电网,7,600644,乐山电力,09:45,False,2026-07-20,medium_archive_membership,True,formal_nonrisk_universe,matched_same_day_github_tradeable_evidence
2026-07-17,yyqyx_limitup,绿色电力,电力电网,7,600236,桂冠电力,10:21,False,2026-07-20,medium_archive_membership,True,formal_nonrisk_universe,matched_same_day_github_tradeable_evidence
2026-07-17,yyqyx_limitup,绿色电力,电力电网,7,000899,赣能股份,11:08,False,2026-07-20,medium_archive_membership,True,formal_nonrisk_universe,matched_same_day_github_tradeable_evidence
2026-07-17,yyqyx_limitup,绿色电力,电力电网,7,600982,宁波能源,11:17,False,2026-07-20,medium_archive_membership,True,formal_nonrisk_universe,matched_same_day_github_tradeable_evidence
2026-07-17,yyqyx_limitup,绿色电力,电力电网,7,000722,湖南发展,14:53,False,2026-07-20,medium_archive_membership,True,formal_nonrisk_universe,matched_same_day_github_tradeable_evidence
2026-07-17,yyqyx_limitup,电力,电力电网,6,000037,深南电A,10:00,False,2026-07-20,medium_archive_membership,True,formal_nonrisk_universe,matched_same_day_github_tradeable_evidence
2026-07-17,yyqyx_limitup,电力,电力电网,6,605011,杭州热电,10:10,False,2026-07-20,medium_archive_membership,True,formal_nonrisk_universe,matched_same_day_github_tradeable_evidence
2026-07-17,yyqyx_limitup,并购重组,并购重组,4,003001,中岩大地,09:30,False,2026-07-20,medium_archive_membership,True,formal_nonrisk_universe,matched_same_day_github_tradeable_evidence
2026-07-17,yyqyx_limitup,并购重组,并购重组,4,601369,陕鼓动力,09:52,False,2026-07-20,medium_archive_membership,True,formal_nonrisk_universe,matched_same_day_github_tradeable_evidence
2026-07-17,yyqyx_limitup,并购重组,并购重组,4,600095,湘财股份,10:34,False,2026-07-20,medium_archive_membership,True,formal_nonrisk_universe,matched_same_day_github_tradeable_evidence
2026-07-17,yyqyx_limitup,DeepSeek,DeepSeek,3,002432,九安医疗,09:25,False,2026-07-20,medium_archive_membership,True,formal_nonrisk_universe,matched_same_day_github_tradeable_evidence
2026-07-17,yyqyx_limitup,DeepSeek,DeepSeek,3,300577,开润股份,09:25,False,2026-07-20,medium_archive_membership,True,formal_nonrisk_universe,matched_same_day_github_tradeable_evidence
2026-07-17,yyqyx_limitup,DeepSeek,DeepSeek,3,000779,甘咨询,10:18,False,2026-07-20,medium_archive_membership,True,formal_nonrisk_universe,matched_same_day_github_tradeable_evidence
2026-07-17,yyqyx_limitup,储能,储能,2,001258,立新能源,09:46,False,2026-07-20,medium_archive_membership,True,formal_nonrisk_universe,matched_same_day_github_tradeable_evidence
2026-07-17,yyqyx_limitup,储能,储能,2,601369,陕鼓动力,09:52,False,2026-07-20,medium_archive_membership,True,formal_nonrisk_universe,matched_same_day_github_tradeable_evidence
2026-07-17,yyqyx_limitup,医药,医药,2,603567,珍宝岛,09:36,False,2026-07-20,medium_archive_membership,True,formal_nonrisk_universe,matched_same_day_github_tradeable_evidence
2026-07-17,yyqyx_limitup,医药,医药,2,600881,亚泰集团,13:01,False,2026-07-20,medium_archive_membership,True,formal_nonrisk_universe,matched_same_day_github_tradeable_evidence
2026-07-17,yyqyx_limitup,商业航天,商业航天,2,002829,星网宇达,14:09,False,2026-07-20,medium_archive_membership,True,formal_nonrisk_universe,matched_same_day_github_tradeable_evidence
2026-07-17,yyqyx_limitup,商业航天,商业航天,2,600992,贵绳股份,09:40,False,2026-07-20,medium_archive_membership,True,formal_nonrisk_universe,matched_same_day_github_tradeable_evidence
2026-07-17,yyqyx_limitup,基础建设,基础建设,2,003001,中岩大地,09:30,False,2026-07-20,medium_archive_membership,True,formal_nonrisk_universe,matched_same_day_github_tradeable_evidence
2026-07-17,yyqyx_limitup,基础建设,基础建设,2,000779,甘咨询,10:18,False,2026-07-20,medium_archive_membership,True,formal_nonrisk_universe,matched_same_day_github_tradeable_evidence
2026-07-17,yyqyx_limitup,实控人变更,实控人变更,2,002677,浙江美大,09:25,False,2026-07-20,medium_archive_membership,True,formal_nonrisk_universe,matched_same_day_github_tradeable_evidence
2026-07-17,yyqyx_limitup,无人驾驶,无人驾驶,2,002829,星网宇达,14:09,False,2026-07-20,medium_archive_membership,True,formal_nonrisk_universe,matched_same_day_github_tradeable_evidence
2026-07-17,yyqyx_limitup,无人驾驶,无人驾驶,2,002766,索菱股份,09:30,False,2026-07-20,medium_archive_membership,True,formal_nonrisk_universe,matched_same_day_github_tradeable_evidence
2026-07-17,yyqyx_limitup,智能驾驶,智能驾驶,2,002677,浙江美大,09:25,False,2026-07-20,medium_archive_membership,True,formal_nonrisk_universe,matched_same_day_github_tradeable_evidence
2026-07-17,yyqyx_limitup,智能驾驶,智能驾驶,2,002766,索菱股份,09:30,False,2026-07-20,medium_archive_membership,True,formal_nonrisk_universe,matched_same_day_github_tradeable_evidence
2026-07-17,yyqyx_limitup,甲醇,甲醇,2,600722,金牛化工,09:38,False,2026-07-20,medium_archive_membership,True,formal_nonrisk_universe,matched_same_day_github_tradeable_evidence
2026-07-17,yyqyx_limitup,甲醇,甲醇,2,600227,赤天化,09:39,False,2026-07-20,medium_archive_membership,True,formal_nonrisk_universe,matched_same_day_github_tradeable_evidence
2026-07-20,yyqyx_limitup,绿色电力,电力电网,12,001258,立新能源,09:31,False,2026-07-21,medium_archive_membership,True,formal_nonrisk_universe,matched_same_day_github_tradeable_evidence
2026-07-20,yyqyx_limitup,绿色电力,电力电网,12,600644,乐山电力,09:32,False,2026-07-21,medium_archive_membership,True,formal_nonrisk_universe,matched_same_day_github_tradeable_evidence
2026-07-20,yyqyx_limitup,绿色电力,电力电网,12,600744,华银电力,09:35,False,2026-07-21,medium_archive_membership,True,formal_nonrisk_universe,matched_same_day_github_tradeable_evidence
2026-07-20,yyqyx_limitup,绿色电力,电力电网,12,600236,桂冠电力,11:00,False,2026-07-21,medium_archive_membership,True,formal_nonrisk_universe,matched_same_day_github_tradeable_evidence
2026-07-20,yyqyx_limitup,绿色电力,电力电网,12,000722,湖南发展,14:44,False,2026-07-21,medium_archive_membership,True,formal_nonrisk_universe,matched_same_day_github_tradeable_evidence
2026-07-20,yyqyx_limitup,绿色电力,电力电网,12,600821,金开新能,09:55,False,2026-07-21,medium_archive_membership,True,formal_nonrisk_universe,matched_same_day_github_tradeable_evidence
2026-07-20,yyqyx_limitup,绿色电力,电力电网,12,600726,华电能源,09:55,False,2026-07-21,medium_archive_membership,True,formal_nonrisk_universe,matched_same_day_github_tradeable_evidence
2026-07-20,yyqyx_limitup,绿色电力,电力电网,12,000539,粤电力Ａ,10:11,False,2026-07-21,medium_archive_membership,True,formal_nonrisk_universe,matched_same_day_github_tradeable_evidence
2026-07-20,yyqyx_limitup,绿色电力,电力电网,12,600863,华能蒙电,13:13,False,2026-07-21,medium_archive_membership,True,formal_nonrisk_universe,matched_same_day_github_tradeable_evidence
2026-07-20,yyqyx_limitup,绿色电力,电力电网,12,600578,京能电力,13:18,False,2026-07-21,medium_archive_membership,True,formal_nonrisk_universe,matched_same_day_github_tradeable_evidence
2026-07-20,yyqyx_limitup,绿色电力,电力电网,12,600396,华电辽能,14:42,False,2026-07-21,medium_archive_membership,True,formal_nonrisk_universe,matched_same_day_github_tradeable_evidence
2026-07-20,yyqyx_limitup,绿色电力,电力电网,12,600032,浙江新能,14:55,False,2026-07-21,medium_archive_membership,True,formal_nonrisk_universe,matched_same_day_github_tradeable_evidence
2026-07-20,yyqyx_limitup,电力,电力电网,8,000037,深南电A,14:45,False,2026-07-21,medium_archive_membership,True,formal_nonrisk_universe,matched_same_day_github_tradeable_evidence
2026-07-20,yyqyx_limitup,电力,电力电网,8,600452,涪陵电力,09:50,False,2026-07-21,medium_archive_membership,True,formal_nonrisk_universe,matched_same_day_github_tradeable_evidence
2026-07-20,yyqyx_limitup,电力,电力电网,8,000767,晋控电力,10:02,False,2026-07-21,medium_archive_membership,True,formal_nonrisk_universe,matched_same_day_github_tradeable_evidence
2026-07-20,yyqyx_limitup,电力,电力电网,8,600938,中国海油,11:29,False,2026-07-21,medium_archive_membership,True,formal_nonrisk_universe,matched_same_day_github_tradeable_evidence
2026-07-20,yyqyx_limitup,电力,电力电网,8,000600,建投能源,13:22,False,2026-07-21,medium_archive_membership,True,formal_nonrisk_universe,matched_same_day_github_tradeable_evidence
2026-07-20,yyqyx_limitup,煤炭,资源有色,7,300515,三德科技,09:30,False,2026-07-21,medium_archive_membership,True,formal_nonrisk_universe,matched_same_day_github_tradeable_evidence
2026-07-20,yyqyx_limitup,煤炭,资源有色,7,600403,大有能源,09:37,False,2026-07-21,medium_archive_membership,True,formal_nonrisk_universe,matched_same_day_github_tradeable_evidence
2026-07-20,yyqyx_limitup,煤炭,资源有色,7,600121,郑州煤电,09:48,False,2026-07-21,medium_archive_membership,True,formal_nonrisk_universe,matched_same_day_github_tradeable_evidence
2026-07-20,yyqyx_limitup,煤炭,资源有色,7,601898,中煤能源,10:33,False,2026-07-21,medium_archive_membership,True,formal_nonrisk_universe,matched_same_day_github_tradeable_evidence
2026-07-20,yyqyx_limitup,煤炭,资源有色,7,600188,兖矿能源,13:10,False,2026-07-21,medium_archive_membership,True,formal_nonrisk_universe,matched_same_day_github_tradeable_evidence
2026-07-20,yyqyx_limitup,煤炭,资源有色,7,600985,淮北矿业,14:02,False,2026-07-21,medium_archive_membership,True,formal_nonrisk_universe,matched_same_day_github_tradeable_evidence
2026-07-20,yyqyx_limitup,煤炭,资源有色,7,601001,晋控煤业,14:43,False,2026-07-21,medium_archive_membership,True,formal_nonrisk_universe,matched_same_day_github_tradeable_evidence
2026-07-20,yyqyx_limitup,算力,算力硬件,6,000815,美利云,09:25,False,2026-07-21,medium_archive_membership,True,formal_nonrisk_universe,matched_same_day_github_tradeable_evidence
2026-07-20,yyqyx_limitup,算力,算力硬件,6,000889,中嘉博创,09:35,False,2026-07-21,medium_archive_membership,True,formal_nonrisk_universe,matched_same_day_github_tradeable_evidence
2026-07-20,yyqyx_limitup,算力,算力硬件,6,600126,杭钢股份,09:38,False,2026-07-21,medium_archive_membership,True,formal_nonrisk_universe,matched_same_day_github_tradeable_evidence
2026-07-20,yyqyx_limitup,算力,算力硬件,6,600797,浙大网新,09:43,False,2026-07-21,medium_archive_membership,True,formal_nonrisk_universe,matched_same_day_github_tradeable_evidence
2026-07-20,yyqyx_limitup,算力,算力硬件,6,600121,郑州煤电,09:48,False,2026-07-21,medium_archive_membership,True,formal_nonrisk_universe,matched_same_day_github_tradeable_evidence
2026-07-20,yyqyx_limitup,算力,算力硬件,6,600821,金开新能,09:55,False,2026-07-21,medium_archive_membership,True,formal_nonrisk_universe,matched_same_day_github_tradeable_evidence
2026-07-20,yyqyx_limitup,机器人概念,机器人,4,300515,三德科技,09:30,False,2026-07-21,medium_archive_membership,True,formal_nonrisk_universe,matched_same_day_github_tradeable_evidence
2026-07-20,yyqyx_limitup,机器人概念,机器人,4,688057,金达莱,09:35,False,2026-07-21,medium_archive_membership,True,formal_nonrisk_universe,matched_same_day_github_tradeable_evidence
2026-07-20,yyqyx_limitup,机器人概念,机器人,4,001288,运机集团,09:57,False,2026-07-21,medium_archive_membership,True,formal_nonrisk_universe,matched_same_day_github_tradeable_evidence
2026-07-20,yyqyx_limitup,机器人概念,机器人,4,002857,三晖电气,11:10,False,2026-07-21,medium_archive_membership,True,formal_nonrisk_universe,matched_same_day_github_tradeable_evidence
2026-07-20,yyqyx_limitup,水电,水电,4,600644,乐山电力,09:32,False,2026-07-21,medium_archive_membership,True,formal_nonrisk_universe,matched_same_day_github_tradeable_evidence
2026-07-20,yyqyx_limitup,水电,水电,4,000722,湖南发展,14:44,False,2026-07-21,medium_archive_membership,True,formal_nonrisk_universe,matched_same_day_github_tradeable_evidence
2026-07-20,yyqyx_limitup,水电,水电,4,601991,大唐发电,14:42,False,2026-07-21,medium_archive_membership,True,formal_nonrisk_universe,matched_same_day_github_tradeable_evidence
2026-07-20,yyqyx_limitup,水电,水电,4,600032,浙江新能,14:55,False,2026-07-21,medium_archive_membership,True,formal_nonrisk_universe,matched_same_day_github_tradeable_evidence
2026-07-20,yyqyx_limitup,火电,火电,4,000767,晋控电力,10:02,False,2026-07-21,medium_archive_membership,True,formal_nonrisk_universe,matched_same_day_github_tradeable_evidence
2026-07-20,yyqyx_limitup,火电,火电,4,000539,粤电力Ａ,10:11,False,2026-07-21,medium_archive_membership,True,formal_nonrisk_universe,matched_same_day_github_tradeable_evidence
2026-07-20,yyqyx_limitup,火电,火电,4,000600,建投能源,13:22,False,2026-07-21,medium_archive_membership,True,formal_nonrisk_universe,matched_same_day_github_tradeable_evidence
2026-07-20,yyqyx_limitup,火电,火电,4,601991,大唐发电,14:42,False,2026-07-21,medium_archive_membership,True,formal_nonrisk_universe,matched_same_day_github_tradeable_evidence
2026-07-20,yyqyx_limitup,石油石化,油气,4,002490,山东墨龙,09:31,False,2026-07-21,medium_archive_membership,True,formal_nonrisk_universe,matched_same_day_github_tradeable_evidence
2026-07-20,yyqyx_limitup,石油石化,油气,4,603619,中曼石油,09:39,False,2026-07-21,medium_archive_membership,True,formal_nonrisk_universe,matched_same_day_github_tradeable_evidence
2026-07-20,yyqyx_limitup,石油石化,油气,4,603727,博迈科,10:04,False,2026-07-21,medium_archive_membership,True,formal_nonrisk_universe,matched_same_day_github_tradeable_evidence
2026-07-20,yyqyx_limitup,石油石化,油气,4,600938,中国海油,11:29,False,2026-07-21,medium_archive_membership,True,formal_nonrisk_universe,matched_same_day_github_tradeable_evidence
2026-07-20,yyqyx_limitup,国有企业,国有企业,3,600722,金牛化工,09:35,False,2026-07-21,medium_archive_membership,True,formal_nonrisk_universe,matched_same_day_github_tradeable_evidence
2026-07-20,yyqyx_limitup,国有企业,国有企业,3,600403,大有能源,09:37,False,2026-07-21,medium_archive_membership,True,formal_nonrisk_universe,matched_same_day_github_tradeable_evidence
2026-07-20,yyqyx_limitup,国有企业,国有企业,3,601001,晋控煤业,14:43,False,2026-07-21,medium_archive_membership,True,formal_nonrisk_universe,matched_same_day_github_tradeable_evidence
2026-07-20,yyqyx_limitup,AI应用,AI应用,2,603533,掌阅科技,09:31,False,2026-07-21,medium_archive_membership,True,formal_nonrisk_universe,matched_same_day_github_tradeable_evidence
2026-07-20,yyqyx_limitup,AI应用,AI应用,2,600756,浪潮软件,09:43,False,2026-07-21,medium_archive_membership,True,formal_nonrisk_universe,matched_same_day_github_tradeable_evidence
2026-07-20,yyqyx_limitup,储能,储能,2,001258,立新能源,09:31,False,2026-07-21,medium_archive_membership,True,formal_nonrisk_universe,matched_same_day_github_tradeable_evidence
2026-07-20,yyqyx_limitup,储能,储能,2,601026,道生天合,10:42,False,2026-07-21,medium_archive_membership,True,formal_nonrisk_universe,matched_same_day_github_tradeable_evidence
2026-07-20,yyqyx_limitup,动力煤,动力煤,2,601898,中煤能源,10:33,False,2026-07-21,medium_archive_membership,True,formal_nonrisk_universe,matched_same_day_github_tradeable_evidence
2026-07-20,yyqyx_limitup,动力煤,动力煤,2,600188,兖矿能源,13:10,False,2026-07-21,medium_archive_membership,True,formal_nonrisk_universe,matched_same_day_github_tradeable_evidence
2026-07-21,yyqyx_limitup,芯片,半导体,18,603516,淳中科技,09:31,False,2026-07-22,medium_archive_membership,True,formal_nonrisk_universe,matched_same_day_github_tradeable_evidence
2026-07-21,yyqyx_limitup,芯片,半导体,18,603061,金海通,11:02,False,2026-07-22,medium_archive_membership,True,formal_nonrisk_universe,matched_same_day_github_tradeable_evidence
2026-07-21,yyqyx_limitup,芯片,半导体,18,300643,万通智控,11:05,False,2026-07-22,medium_archive_membership,True,formal_nonrisk_universe,matched_same_day_github_tradeable_evidence
2026-07-21,yyqyx_limitup,芯片,半导体,18,688141,杰华特,11:08,False,2026-07-22,medium_archive_membership,True,formal_nonrisk_universe,matched_same_day_github_tradeable_evidence
2026-07-21,yyqyx_limitup,芯片,半导体,18,688728,格科微,11:16,False,2026-07-22,medium_archive_membership,True,formal_nonrisk_universe,matched_same_day_github_tradeable_evidence
2026-07-21,yyqyx_limitup,芯片,半导体,18,688002,睿创微纳,11:17,False,2026-07-22,medium_archive_membership,True,formal_nonrisk_universe,matched_same_day_github_tradeable_evidence
2026-07-21,yyqyx_limitup,芯片,半导体,18,688596,正帆科技,11:27,False,2026-07-22,medium_archive_membership,True,formal_nonrisk_universe,matched_same_day_github_tradeable_evidence
2026-07-21,yyqyx_limitup,芯片,半导体,18,688729,屹唐股份,13:00,False,2026-07-22,medium_archive_membership,True,formal_nonrisk_universe,matched_same_day_github_tradeable_evidence
2026-07-21,yyqyx_limitup,芯片,半导体,18,603005,晶方科技,13:01,False,2026-07-22,medium_archive_membership,True,formal_nonrisk_universe,matched_same_day_github_tradeable_evidence
2026-07-21,yyqyx_limitup,芯片,半导体,18,688261,东微半导,13:02,False,2026-07-22,medium_archive_membership,True,formal_nonrisk_universe,matched_same_day_github_tradeable_evidence
2026-07-21,yyqyx_limitup,芯片,半导体,18,603929,亚翔集成,13:04,False,2026-07-22,medium_archive_membership,True,formal_nonrisk_universe,matched_same_day_github_tradeable_evidence
2026-07-21,yyqyx_limitup,芯片,半导体,18,688361,中科飞测,14:06,False,2026-07-22,medium_archive_membership,True,formal_nonrisk_universe,matched_same_day_github_tradeable_evidence
2026-07-21,yyqyx_limitup,芯片,半导体,18,688627,精智达,14:08,False,2026-07-22,medium_archive_membership,True,formal_nonrisk_universe,matched_same_day_github_tradeable_evidence
2026-07-21,yyqyx_limitup,芯片,半导体,18,301369,联动科技,14:12,False,2026-07-22,medium_archive_membership,True,formal_nonrisk_universe,matched_same_day_github_tradeable_evidence
2026-07-21,yyqyx_limitup,芯片,半导体,18,300604,长川科技,14:35,False,2026-07-22,medium_archive_membership,True,formal_nonrisk_universe,matched_same_day_github_tradeable_evidence
2026-07-21,yyqyx_limitup,芯片,半导体,18,688347,华虹宏力,14:36,False,2026-07-22,medium_archive_membership,True,formal_nonrisk_universe,matched_same_day_github_tradeable_evidence
2026-07-21,yyqyx_limitup,芯片,半导体,18,688120,华海清科,14:53,False,2026-07-22,medium_archive_membership,True,formal_nonrisk_universe,matched_same_day_github_tradeable_evidence
2026-07-21,yyqyx_limitup,芯片,半导体,18,688147,微导纳米,14:56,False,2026-07-22,medium_archive_membership,True,formal_nonrisk_universe,matched_same_day_github_tradeable_evidence
2026-07-21,yyqyx_limitup,半导体设备,半导体,17,002371,北方华创,10:36,False,2026-07-22,medium_archive_membership,True,formal_nonrisk_universe,matched_same_day_github_tradeable_evidence
2026-07-21,yyqyx_limitup,半导体设备,半导体,17,688809,强一股份,13:00,False,2026-07-22,medium_archive_membership,True,formal_nonrisk_universe,matched_same_day_github_tradeable_evidence
2026-07-21,yyqyx_limitup,半导体设备,半导体,17,688371,菲沃泰,13:57,False,2026-07-22,medium_archive_membership,True,formal_nonrisk_universe,matched_same_day_github_tradeable_evidence
2026-07-21,yyqyx_limitup,半导体设备,半导体,17,688328,深科达,14:07,False,2026-07-22,medium_archive_membership,True,formal_nonrisk_universe,matched_same_day_github_tradeable_evidence
2026-07-21,yyqyx_limitup,半导体设备,半导体,17,600641,先导基电,14:21,False,2026-07-22,medium_archive_membership,True,formal_nonrisk_universe,matched_same_day_github_tradeable_evidence
2026-07-21,yyqyx_limitup,半导体设备,半导体,17,688072,拓荆科技,14:37,False,2026-07-22,medium_archive_membership,True,formal_nonrisk_universe,matched_same_day_github_tradeable_evidence
2026-07-21,yyqyx_limitup,半导体设备,半导体,17,688037,芯源微,14:52,False,2026-07-22,medium_archive_membership,True,formal_nonrisk_universe,matched_same_day_github_tradeable_evidence
2026-07-21,yyqyx_limitup,半导体设备,半导体,17,688001,华兴源创,14:56,False,2026-07-22,medium_archive_membership,True,formal_nonrisk_universe,matched_same_day_github_tradeable_evidence
2026-07-21,yyqyx_limitup,算力,算力硬件,16,000815,美利云,09:30,False,2026-07-22,medium_archive_membership,True,formal_nonrisk_universe,matched_same_day_github_tradeable_evidence
2026-07-21,yyqyx_limitup,算力,算力硬件,16,000889,中嘉博创,09:34,False,2026-07-22,medium_archive_membership,True,formal_nonrisk_universe,matched_same_day_github_tradeable_evidence
2026-07-21,yyqyx_limitup,算力,算力硬件,16,002879,长缆科技,09:30,False,2026-07-22,medium_archive_membership,True,formal_nonrisk_universe,matched_same_day_github_tradeable_evidence
2026-07-21,yyqyx_limitup,算力,算力硬件,16,603516,淳中科技,09:31,False,2026-07-22,medium_archive_membership,True,formal_nonrisk_universe,matched_same_day_github_tradeable_evidence
2026-07-21,yyqyx_limitup,算力,算力硬件,16,301012,扬电科技,09:36,False,2026-07-22,medium_archive_membership,True,formal_nonrisk_universe,matched_same_day_github_tradeable_evidence
2026-07-21,yyqyx_limitup,算力,算力硬件,16,603629,利通电子,10:59,False,2026-07-22,medium_archive_membership,True,formal_nonrisk_universe,matched_same_day_github_tradeable_evidence
2026-07-21,yyqyx_limitup,算力,算力硬件,16,002203,海亮股份,11:07,False,2026-07-22,medium_archive_membership,True,formal_nonrisk_universe,matched_same_day_github_tradeable_evidence
2026-07-21,yyqyx_limitup,算力,算力硬件,16,603124,江南新材,11:08,False,2026-07-22,medium_archive_membership,True,formal_nonrisk_universe,matched_same_day_github_tradeable_evidence
2026-07-21,yyqyx_limitup,算力,算力硬件,16,002851,麦格米特,11:08,False,2026-07-22,medium_archive_membership,True,formal_nonrisk_universe,matched_same_day_github_tradeable_evidence
2026-07-21,yyqyx_limitup,算力,算力硬件,16,605318,法狮龙,13:01,False,2026-07-22,medium_archive_membership,True,formal_nonrisk_universe,matched_same_day_github_tradeable_evidence
2026-07-21,yyqyx_limitup,算力,算力硬件,16,002484,江海股份,13:02,False,2026-07-22,medium_archive_membership,True,formal_nonrisk_universe,matched_same_day_github_tradeable_evidence
2026-07-21,yyqyx_limitup,算力,算力硬件,16,002970,锐明技术,13:45,False,2026-07-22,medium_archive_membership,True,formal_nonrisk_universe,matched_same_day_github_tradeable_evidence
2026-07-21,yyqyx_limitup,算力,算力硬件,16,688110,东芯股份,14:06,False,2026-07-22,medium_archive_membership,True,formal_nonrisk_universe,matched_same_day_github_tradeable_evidence
2026-07-21,yyqyx_limitup,算力,算力硬件,16,300137,先河环保,14:18,False,2026-07-22,medium_archive_membership,True,formal_nonrisk_universe,matched_same_day_github_tradeable_evidence
2026-07-21,yyqyx_limitup,算力,算力硬件,16,002448,中原内配,14:21,False,2026-07-22,medium_archive_membership,True,formal_nonrisk_universe,matched_same_day_github_tradeable_evidence
2026-07-21,yyqyx_limitup,通信,通信,13,000889,中嘉博创,09:34,False,2026-07-22,medium_archive_membership,True,formal_nonrisk_universe,matched_same_day_github_tradeable_evidence
2026-07-21,yyqyx_limitup,通信,通信,13,002036,联创电子,09:36,False,2026-07-22,medium_archive_membership,True,formal_nonrisk_universe,matched_same_day_github_tradeable_evidence
2026-07-21,yyqyx_limitup,通信,通信,13,603118,共进股份,10:25,False,2026-07-22,medium_archive_membership,True,formal_nonrisk_universe,matched_same_day_github_tradeable_evidence
2026-07-21,yyqyx_limitup,通信,通信,13,002745,木林森,11:04,False,2026-07-22,medium_archive_membership,True,formal_nonrisk_universe,matched_same_day_github_tradeable_evidence
2026-07-21,yyqyx_limitup,通信,通信,13,603256,宏和科技,11:28,False,2026-07-22,medium_archive_membership,True,formal_nonrisk_universe,matched_same_day_github_tradeable_evidence
2026-07-21,yyqyx_limitup,通信,通信,13,301310,鑫宏业,13:00,False,2026-07-22,medium_archive_membership,True,formal_nonrisk_universe,matched_same_day_github_tradeable_evidence
2026-07-21,yyqyx_limitup,通信,通信,13,600330,天通股份,13:02,False,2026-07-22,medium_archive_membership,True,formal_nonrisk_universe,matched_same_day_github_tradeable_evidence
2026-07-21,yyqyx_limitup,通信,通信,13,301282,金禄电子,13:41,False,2026-07-22,medium_archive_membership,True,formal_nonrisk_universe,matched_same_day_github_tradeable_evidence
2026-07-21,yyqyx_limitup,通信,通信,13,688003,天准科技,13:48,False,2026-07-22,medium_archive_membership,True,formal_nonrisk_universe,matched_same_day_github_tradeable_evidence
2026-07-21,yyqyx_limitup,通信,通信,13,300814,中富电路,14:07,False,2026-07-22,medium_archive_membership,True,formal_nonrisk_universe,matched_same_day_github_tradeable_evidence
2026-07-21,yyqyx_limitup,通信,通信,13,600183,生益科技,14:32,False,2026-07-22,medium_archive_membership,True,formal_nonrisk_universe,matched_same_day_github_tradeable_evidence
2026-07-21,yyqyx_limitup,通信,通信,13,603306,华懋科技,14:35,False,2026-07-22,medium_archive_membership,True,formal_nonrisk_universe,matched_same_day_github_tradeable_evidence
2026-07-21,yyqyx_limitup,通信,通信,13,688001,华兴源创,14:56,False,2026-07-22,medium_archive_membership,True,formal_nonrisk_universe,matched_same_day_github_tradeable_evidence
2026-07-21,yyqyx_limitup,先进封装,半导体,8,002008,大族激光,11:03,False,2026-07-22,medium_archive_membership,True,formal_nonrisk_universe,matched_same_day_github_tradeable_evidence
2026-07-21,yyqyx_limitup,先进封装,半导体,8,002156,通富微电,13:10,False,2026-07-22,medium_archive_membership,True,formal_nonrisk_universe,matched_same_day_github_tradeable_evidence
2026-07-21,yyqyx_limitup,先进封装,半导体,8,603773,沃格光电,14:36,False,2026-07-22,medium_archive_membership,True,formal_nonrisk_universe,matched_same_day_github_tradeable_evidence
2026-07-21,yyqyx_limitup,先进封装,半导体,8,600584,长电科技,14:36,False,2026-07-22,medium_archive_membership,True,formal_nonrisk_universe,matched_same_day_github_tradeable_evidence
2026-07-21,yyqyx_limitup,存储,存储芯片,8,002213,大为股份,11:07,False,2026-07-22,medium_archive_membership,True,formal_nonrisk_universe,matched_same_day_github_tradeable_evidence
2026-07-21,yyqyx_limitup,存储,存储芯片,8,000021,深科技,13:00,False,2026-07-22,medium_archive_membership,True,formal_nonrisk_universe,matched_same_day_github_tradeable_evidence
2026-07-21,yyqyx_limitup,存储,存储芯片,8,002409,雅克科技,13:49,False,2026-07-22,medium_archive_membership,True,formal_nonrisk_universe,matched_same_day_github_tradeable_evidence
2026-07-21,yyqyx_limitup,存储,存储芯片,8,603986,兆易创新,14:08,False,2026-07-22,medium_archive_membership,True,formal_nonrisk_universe,matched_same_day_github_tradeable_evidence
2026-07-21,yyqyx_limitup,存储,存储芯片,8,600667,太极实业,14:34,False,2026-07-22,medium_archive_membership,True,formal_nonrisk_universe,matched_same_day_github_tradeable_evidence
2026-07-21,yyqyx_limitup,存储,存储芯片,8,600206,有研新材,14:35,False,2026-07-22,medium_archive_membership,True,formal_nonrisk_universe,matched_same_day_github_tradeable_evidence
2026-07-21,yyqyx_limitup,存储,存储芯片,8,688347,华虹宏力,14:36,False,2026-07-22,medium_archive_membership,True,formal_nonrisk_universe,matched_same_day_github_tradeable_evidence
2026-07-21,yyqyx_limitup,机器人概念,机器人,8,603192,汇得科技,10:52,False,2026-07-22,medium_archive_membership,True,formal_nonrisk_universe,matched_same_day_github_tradeable_evidence
2026-07-21,yyqyx_limitup,机器人概念,机器人,8,002245,蔚蓝锂芯,11:25,False,2026-07-22,medium_archive_membership,True,formal_nonrisk_universe,matched_same_day_github_tradeable_evidence
2026-07-21,yyqyx_limitup,机器人概念,机器人,8,301310,鑫宏业,13:00,False,2026-07-22,medium_archive_membership,True,formal_nonrisk_universe,matched_same_day_github_tradeable_evidence
2026-07-21,yyqyx_limitup,机器人概念,机器人,8,605288,凯迪股份,13:02,False,2026-07-22,medium_archive_membership,True,formal_nonrisk_universe,matched_same_day_github_tradeable_evidence
2026-07-21,yyqyx_limitup,机器人概念,机器人,8,003033,征和工业,13:43,False,2026-07-22,medium_archive_membership,True,formal_nonrisk_universe,matched_same_day_github_tradeable_evidence
2026-07-21,yyqyx_limitup,机器人概念,机器人,8,688003,天准科技,13:48,False,2026-07-22,medium_archive_membership,True,formal_nonrisk_universe,matched_same_day_github_tradeable_evidence
2026-07-21,yyqyx_limitup,机器人概念,机器人,8,002448,中原内配,14:21,False,2026-07-22,medium_archive_membership,True,formal_nonrisk_universe,matched_same_day_github_tradeable_evidence
2026-07-21,yyqyx_limitup,机器人概念,机器人,8,605133,嵘泰股份,14:54,False,2026-07-22,medium_archive_membership,True,formal_nonrisk_universe,matched_same_day_github_tradeable_evidence
2026-07-21,yyqyx_limitup,非金属材料,非金属材料,8,603407,长裕集团,09:30,False,2026-07-22,medium_archive_membership,True,formal_nonrisk_universe,matched_same_day_github_tradeable_evidence
2026-07-21,yyqyx_limitup,非金属材料,非金属材料,8,002167,东方锆业,09:30,False,2026-07-22,medium_archive_membership,True,formal_nonrisk_universe,matched_same_day_github_tradeable_evidence
2026-07-21,yyqyx_limitup,非金属材料,非金属材料,8,002138,顺络电子,11:01,False,2026-07-22,medium_archive_membership,True,formal_nonrisk_universe,matched_same_day_github_tradeable_evidence
2026-07-21,yyqyx_limitup,非金属材料,非金属材料,8,300285,国瓷材料,11:03,False,2026-07-22,medium_archive_membership,True,formal_nonrisk_universe,matched_same_day_github_tradeable_evidence
2026-07-21,yyqyx_limitup,非金属材料,非金属材料,8,603663,三祥新材,11:05,False,2026-07-22,medium_archive_membership,True,formal_nonrisk_universe,matched_same_day_github_tradeable_evidence
2026-07-21,yyqyx_limitup,非金属材料,非金属材料,8,600552,凯盛科技,11:27,False,2026-07-22,medium_archive_membership,True,formal_nonrisk_universe,matched_same_day_github_tradeable_evidence
2026-07-21,yyqyx_limitup,非金属材料,非金属材料,8,301580,爱迪特,13:00,False,2026-07-22,medium_archive_membership,True,formal_nonrisk_universe,matched_same_day_github_tradeable_evidence
2026-07-21,yyqyx_limitup,非金属材料,非金属材料,8,003031,中瓷电子,14:14,False,2026-07-22,medium_archive_membership,True,formal_nonrisk_universe,matched_same_day_github_tradeable_evidence
2026-07-21,yyqyx_limitup,氧化锆,氧化锆,7,603407,长裕集团,09:30,False,2026-07-22,medium_archive_membership,True,formal_nonrisk_universe,matched_same_day_github_tradeable_evidence
2026-07-21,yyqyx_limitup,氧化锆,氧化锆,7,002167,东方锆业,09:30,False,2026-07-22,medium_archive_membership,True,formal_nonrisk_universe,matched_same_day_github_tradeable_evidence
2026-07-21,yyqyx_limitup,氧化锆,氧化锆,7,002138,顺络电子,11:01,False,2026-07-22,medium_archive_membership,True,formal_nonrisk_universe,matched_same_day_github_tradeable_evidence
2026-07-21,yyqyx_limitup,氧化锆,氧化锆,7,300285,国瓷材料,11:03,False,2026-07-22,medium_archive_membership,True,formal_nonrisk_universe,matched_same_day_github_tradeable_evidence
2026-07-21,yyqyx_limitup,氧化锆,氧化锆,7,603663,三祥新材,11:05,False,2026-07-22,medium_archive_membership,True,formal_nonrisk_universe,matched_same_day_github_tradeable_evidence
2026-07-21,yyqyx_limitup,氧化锆,氧化锆,7,600552,凯盛科技,11:27,False,2026-07-22,medium_archive_membership,True,formal_nonrisk_universe,matched_same_day_github_tradeable_evidence
2026-07-21,yyqyx_limitup,氧化锆,氧化锆,7,301580,爱迪特,13:00,False,2026-07-22,medium_archive_membership,True,formal_nonrisk_universe,matched_same_day_github_tradeable_evidence
2026-07-21,yyqyx_limitup,印制电路板,印制电路板,6,002745,木林森,11:04,False,2026-07-22,medium_archive_membership,True,formal_nonrisk_universe,matched_same_day_github_tradeable_evidence
2026-07-21,yyqyx_limitup,印制电路板,印制电路板,6,603124,江南新材,11:08,False,2026-07-22,medium_archive_membership,True,formal_nonrisk_universe,matched_same_day_github_tradeable_evidence
2026-07-21,yyqyx_limitup,印制电路板,印制电路板,6,001389,广合科技,13:00,False,2026-07-22,medium_archive_membership,True,formal_nonrisk_universe,matched_same_day_github_tradeable_evidence
2026-07-21,yyqyx_limitup,印制电路板,印制电路板,6,002913,奥士康,13:04,False,2026-07-22,medium_archive_membership,True,formal_nonrisk_universe,matched_same_day_github_tradeable_evidence
2026-07-21,yyqyx_limitup,印制电路板,印制电路板,6,301282,金禄电子,13:41,False,2026-07-22,medium_archive_membership,True,formal_nonrisk_universe,matched_same_day_github_tradeable_evidence
2026-07-21,yyqyx_limitup,印制电路板,印制电路板,6,300814,中富电路,14:07,False,2026-07-22,medium_archive_membership,True,formal_nonrisk_universe,matched_same_day_github_tradeable_evidence
2026-07-21,yyqyx_limitup,光模块,算力硬件,5,002036,联创电子,09:36,False,2026-07-22,medium_archive_membership,True,formal_nonrisk_universe,matched_same_day_github_tradeable_evidence
2026-07-21,yyqyx_limitup,光模块,算力硬件,5,600330,天通股份,13:02,False,2026-07-22,medium_archive_membership,True,formal_nonrisk_universe,matched_same_day_github_tradeable_evidence
2026-07-21,yyqyx_limitup,光模块,算力硬件,5,301205,联特科技,13:52,False,2026-07-22,medium_archive_membership,True,formal_nonrisk_universe,matched_same_day_github_tradeable_evidence
2026-07-21,yyqyx_limitup,光模块,算力硬件,5,603306,华懋科技,14:35,False,2026-07-22,medium_archive_membership,True,formal_nonrisk_universe,matched_same_day_github_tradeable_evidence
2026-07-21,yyqyx_limitup,光模块,算力硬件,5,603936,博敏电子,14:55,False,2026-07-22,medium_archive_membership,True,formal_nonrisk_universe,matched_same_day_github_tradeable_evidence
2026-07-21,yyqyx_limitup,地产链,地产,5,603221,爱丽家居,09:25,False,2026-07-22,medium_archive_membership,True,formal_nonrisk_universe,matched_same_day_github_tradeable_evidence
2026-07-21,yyqyx_limitup,地产链,地产,5,600846,同济科技,11:04,False,2026-07-22,medium_archive_membership,True,formal_nonrisk_universe,matched_same_day_github_tradeable_evidence
2026-07-21,yyqyx_limitup,地产链,地产,5,605318,法狮龙,13:01,False,2026-07-22,medium_archive_membership,True,formal_nonrisk_universe,matched_same_day_github_tradeable_evidence
2026-07-21,yyqyx_limitup,地产链,地产,5,600641,先导基电,14:21,False,2026-07-22,medium_archive_membership,True,formal_nonrisk_universe,matched_same_day_github_tradeable_evidence
2026-07-21,yyqyx_limitup,地产链,地产,5,301588,美新科技,14:45,False,2026-07-22,medium_archive_membership,True,formal_nonrisk_universe,matched_same_day_github_tradeable_evidence
2026-07-22,yyqyx_limitup,绿色电力,电力电网,7,001258,立新能源,09:32,False,2026-07-23,medium_archive_membership,True,formal_nonrisk_universe,matched_same_day_github_tradeable_evidence
2026-07-22,yyqyx_limitup,绿色电力,电力电网,7,600744,华银电力,14:41,False,2026-07-23,medium_archive_membership,True,formal_nonrisk_universe,matched_same_day_github_tradeable_evidence
2026-07-22,yyqyx_limitup,绿色电力,电力电网,7,605162,新中港,09:41,False,2026-07-23,medium_archive_membership,True,formal_nonrisk_universe,matched_same_day_github_tradeable_evidence
2026-07-22,yyqyx_limitup,绿色电力,电力电网,7,600396,华电辽能,10:16,False,2026-07-23,medium_archive_membership,True,formal_nonrisk_universe,matched_same_day_github_tradeable_evidence
2026-07-22,yyqyx_limitup,绿色电力,电力电网,7,600726,华电能源,14:36,False,2026-07-23,medium_archive_membership,True,formal_nonrisk_universe,matched_same_day_github_tradeable_evidence
2026-07-22,yyqyx_limitup,绿色电力,电力电网,7,600644,乐山电力,14:47,False,2026-07-23,medium_archive_membership,True,formal_nonrisk_universe,matched_same_day_github_tradeable_evidence
2026-07-22,yyqyx_limitup,电力,电力电网,6,605028,世茂能源,09:37,False,2026-07-23,medium_archive_membership,True,formal_nonrisk_universe,matched_same_day_github_tradeable_evidence
2026-07-22,yyqyx_limitup,算力,算力硬件,5,000815,美利云,09:25,False,2026-07-23,medium_archive_membership,True,formal_nonrisk_universe,matched_same_day_github_tradeable_evidence
2026-07-22,yyqyx_limitup,算力,算力硬件,5,002197,证通电子,09:30,False,2026-07-23,medium_archive_membership,True,formal_nonrisk_universe,matched_same_day_github_tradeable_evidence
2026-07-22,yyqyx_limitup,算力,算力硬件,5,002879,长缆科技,09:32,False,2026-07-23,medium_archive_membership,True,formal_nonrisk_universe,matched_same_day_github_tradeable_evidence
2026-07-22,yyqyx_limitup,算力,算力硬件,5,603296,华勤技术,09:45,False,2026-07-23,medium_archive_membership,True,formal_nonrisk_universe,matched_same_day_github_tradeable_evidence
2026-07-22,yyqyx_limitup,算力,算力硬件,5,300688,创业黑马,09:48,False,2026-07-23,medium_archive_membership,True,formal_nonrisk_universe,matched_same_day_github_tradeable_evidence
2026-07-22,yyqyx_limitup,黄金,资源有色,4,000603,盛达资源,09:50,False,2026-07-23,medium_archive_membership,True,formal_nonrisk_universe,matched_same_day_github_tradeable_evidence
2026-07-22,yyqyx_limitup,黄金,资源有色,4,000975,山金国际,09:55,False,2026-07-23,medium_archive_membership,True,formal_nonrisk_universe,matched_same_day_github_tradeable_evidence
2026-07-22,yyqyx_limitup,黄金,资源有色,4,000506,招金黄金,11:22,False,2026-07-23,medium_archive_membership,True,formal_nonrisk_universe,matched_same_day_github_tradeable_evidence
2026-07-22,yyqyx_limitup,黄金,资源有色,4,603988,中电电机,13:09,False,2026-07-23,medium_archive_membership,True,formal_nonrisk_universe,matched_same_day_github_tradeable_evidence
2026-07-22,yyqyx_limitup,创新药,医药,3,002793,罗欣药业,09:42,False,2026-07-23,medium_archive_membership,True,formal_nonrisk_universe,matched_same_day_github_tradeable_evidence
2026-07-22,yyqyx_limitup,创新药,医药,3,600594,益佰制药,09:50,False,2026-07-23,medium_archive_membership,True,formal_nonrisk_universe,matched_same_day_github_tradeable_evidence
2026-07-22,yyqyx_limitup,创新药,医药,3,000566,海南海药,09:53,False,2026-07-23,medium_archive_membership,True,formal_nonrisk_universe,matched_same_day_github_tradeable_evidence
2026-07-22,yyqyx_limitup,化工,化工,3,300779,惠城环保,10:20,False,2026-07-23,medium_archive_membership,True,formal_nonrisk_universe,matched_same_day_github_tradeable_evidence
2026-07-22,yyqyx_limitup,化工,化工,3,002545,东方铁塔,10:48,False,2026-07-23,medium_archive_membership,True,formal_nonrisk_universe,matched_same_day_github_tradeable_evidence
2026-07-22,yyqyx_limitup,化工,化工,3,300834,星辉环材,11:11,False,2026-07-23,medium_archive_membership,True,formal_nonrisk_universe,matched_same_day_github_tradeable_evidence
2026-07-22,yyqyx_limitup,医药,医药,3,301234,五洲医疗,09:25,False,2026-07-23,medium_archive_membership,True,formal_nonrisk_universe,matched_same_day_github_tradeable_evidence
2026-07-22,yyqyx_limitup,医药,医药,3,002900,哈三联,09:35,False,2026-07-23,medium_archive_membership,True,formal_nonrisk_universe,matched_same_day_github_tradeable_evidence
2026-07-22,yyqyx_limitup,医药,医药,3,002412,汉森制药,10:55,False,2026-07-23,medium_archive_membership,True,formal_nonrisk_universe,matched_same_day_github_tradeable_evidence
2026-07-22,yyqyx_limitup,国有企业,国有企业,3,000815,美利云,09:25,False,2026-07-23,medium_archive_membership,True,formal_nonrisk_universe,matched_same_day_github_tradeable_evidence
2026-07-22,yyqyx_limitup,国有企业,国有企业,3,600722,金牛化工,09:58,False,2026-07-23,medium_archive_membership,True,formal_nonrisk_universe,matched_same_day_github_tradeable_evidence
2026-07-22,yyqyx_limitup,国有企业,国有企业,3,600403,大有能源,10:43,False,2026-07-23,medium_archive_membership,True,formal_nonrisk_universe,matched_same_day_github_tradeable_evidence
2026-07-22,yyqyx_limitup,智能电网,电力电网,3,002953,日丰股份,10:06,False,2026-07-23,medium_archive_membership,True,formal_nonrisk_universe,matched_same_day_github_tradeable_evidence
2026-07-22,yyqyx_limitup,智能电网,电力电网,3,605196,华通线缆,10:34,False,2026-07-23,medium_archive_membership,True,formal_nonrisk_universe,matched_same_day_github_tradeable_evidence
2026-07-22,yyqyx_limitup,交换机,交换机,2,603118,共进股份,09:31,False,2026-07-23,medium_archive_membership,True,formal_nonrisk_universe,matched_same_day_github_tradeable_evidence
2026-07-22,yyqyx_limitup,交换机,交换机,2,603803,瑞斯康达,10:26,False,2026-07-23,medium_archive_membership,True,formal_nonrisk_universe,matched_same_day_github_tradeable_evidence
2026-07-22,yyqyx_limitup,地产链,地产,2,603221,爱丽家居,09:25,False,2026-07-23,medium_archive_membership,True,formal_nonrisk_universe,matched_same_day_github_tradeable_evidence
2026-07-23,yyqyx_limitup,智能电网,电力电网,16,600396,华电辽能,13:53,False,2026-07-24,medium_archive_membership,True,formal_nonrisk_universe,matched_same_day_github_tradeable_evidence
2026-07-23,yyqyx_limitup,智能电网,电力电网,16,002339,积成电子,09:33,False,2026-07-24,medium_archive_membership,True,formal_nonrisk_universe,matched_same_day_github_tradeable_evidence
2026-07-23,yyqyx_limitup,智能电网,电力电网,16,000533,顺钠股份,09:39,False,2026-07-24,medium_archive_membership,True,formal_nonrisk_universe,matched_same_day_github_tradeable_evidence
2026-07-23,yyqyx_limitup,智能电网,电力电网,16,002298,中电鑫龙,09:43,False,2026-07-24,medium_archive_membership,True,formal_nonrisk_universe,matched_same_day_github_tradeable_evidence
2026-07-23,yyqyx_limitup,智能电网,电力电网,16,001382,新亚电缆,09:54,False,2026-07-24,medium_archive_membership,True,formal_nonrisk_universe,matched_same_day_github_tradeable_evidence
2026-07-23,yyqyx_limitup,智能电网,电力电网,16,600550,保变电气,10:19,False,2026-07-24,medium_archive_membership,True,formal_nonrisk_universe,matched_same_day_github_tradeable_evidence
2026-07-23,yyqyx_limitup,智能电网,电力电网,16,001208,华菱线缆,10:19,False,2026-07-24,medium_archive_membership,True,formal_nonrisk_universe,matched_same_day_github_tradeable_evidence
2026-07-23,yyqyx_limitup,智能电网,电力电网,16,300444,双杰电气,13:03,False,2026-07-24,medium_archive_membership,True,formal_nonrisk_universe,matched_same_day_github_tradeable_evidence
2026-07-23,yyqyx_limitup,智能电网,电力电网,16,002451,摩恩电气,13:03,False,2026-07-24,medium_archive_membership,True,formal_nonrisk_universe,matched_same_day_github_tradeable_evidence
2026-07-23,yyqyx_limitup,智能电网,电力电网,16,002560,通达股份,13:07,False,2026-07-24,medium_archive_membership,True,formal_nonrisk_universe,matched_same_day_github_tradeable_evidence
2026-07-23,yyqyx_limitup,智能电网,电力电网,16,300141,和顺电气,13:37,False,2026-07-24,medium_archive_membership,True,formal_nonrisk_universe,matched_same_day_github_tradeable_evidence
2026-07-23,yyqyx_limitup,智能电网,电力电网,16,603861,白云电器,14:40,False,2026-07-24,medium_archive_membership,True,formal_nonrisk_universe,matched_same_day_github_tradeable_evidence
2026-07-23,yyqyx_limitup,智能电网,电力电网,16,001388,信通电子,14:42,False,2026-07-24,medium_archive_membership,True,formal_nonrisk_universe,matched_same_day_github_tradeable_evidence
2026-07-23,yyqyx_limitup,智能电网,电力电网,16,600268,国电南自,14:43,False,2026-07-24,medium_archive_membership,True,formal_nonrisk_universe,matched_same_day_github_tradeable_evidence
2026-07-23,yyqyx_limitup,电气设备,电气设备,16,002879,长缆科技,09:34,False,2026-07-24,medium_archive_membership,True,formal_nonrisk_universe,matched_same_day_github_tradeable_evidence
2026-07-23,yyqyx_limitup,电气设备,电气设备,16,002498,汉缆股份,09:49,False,2026-07-24,medium_archive_membership,True,formal_nonrisk_universe,matched_same_day_github_tradeable_evidence
2026-07-23,yyqyx_limitup,电气设备,电气设备,16,300062,中能电气,09:53,False,2026-07-24,medium_archive_membership,True,formal_nonrisk_universe,matched_same_day_github_tradeable_evidence
2026-07-23,yyqyx_limitup,电气设备,电气设备,16,001382,新亚电缆,09:54,False,2026-07-24,medium_archive_membership,True,formal_nonrisk_universe,matched_same_day_github_tradeable_evidence
2026-07-23,yyqyx_limitup,电气设备,电气设备,16,002112,三变科技,10:16,False,2026-07-24,medium_archive_membership,True,formal_nonrisk_universe,matched_same_day_github_tradeable_evidence
2026-07-23,yyqyx_limitup,电气设备,电气设备,16,002300,太阳电缆,10:19,False,2026-07-24,medium_archive_membership,True,formal_nonrisk_universe,matched_same_day_github_tradeable_evidence
2026-07-23,yyqyx_limitup,电气设备,电气设备,16,001208,华菱线缆,10:19,False,2026-07-24,medium_archive_membership,True,formal_nonrisk_universe,matched_same_day_github_tradeable_evidence
2026-07-23,yyqyx_limitup,电气设备,电气设备,16,603191,望变电气,10:20,False,2026-07-24,medium_archive_membership,True,formal_nonrisk_universe,matched_same_day_github_tradeable_evidence
2026-07-23,yyqyx_limitup,电气设备,电气设备,16,600468,百利电气,10:31,False,2026-07-24,medium_archive_membership,True,formal_nonrisk_universe,matched_same_day_github_tradeable_evidence
2026-07-23,yyqyx_limitup,电气设备,电气设备,16,002560,通达股份,13:07,False,2026-07-24,medium_archive_membership,True,formal_nonrisk_universe,matched_same_day_github_tradeable_evidence
2026-07-23,yyqyx_limitup,电气设备,电气设备,16,002546,新联电子,13:09,False,2026-07-24,medium_archive_membership,True,formal_nonrisk_universe,matched_same_day_github_tradeable_evidence
2026-07-23,yyqyx_limitup,电气设备,电气设备,16,002606,大连电瓷,13:35,False,2026-07-24,medium_archive_membership,True,formal_nonrisk_universe,matched_same_day_github_tradeable_evidence
2026-07-23,yyqyx_limitup,电气设备,电气设备,16,300141,和顺电气,13:37,False,2026-07-24,medium_archive_membership,True,formal_nonrisk_universe,matched_same_day_github_tradeable_evidence
2026-07-23,yyqyx_limitup,电气设备,电气设备,16,603050,科林电气,14:27,False,2026-07-24,medium_archive_membership,True,formal_nonrisk_universe,matched_same_day_github_tradeable_evidence
2026-07-23,yyqyx_limitup,电气设备,电气设备,16,300510,金冠股份,14:52,False,2026-07-24,medium_archive_membership,True,formal_nonrisk_universe,matched_same_day_github_tradeable_evidence
2026-07-23,yyqyx_limitup,算力,算力硬件,9,000815,美利云,09:37,False,2026-07-24,medium_archive_membership,True,formal_nonrisk_universe,matched_same_day_github_tradeable_evidence
2026-07-23,yyqyx_limitup,算力,算力硬件,9,002197,证通电子,09:31,False,2026-07-24,medium_archive_membership,True,formal_nonrisk_universe,matched_same_day_github_tradeable_evidence
2026-07-23,yyqyx_limitup,算力,算力硬件,9,002879,长缆科技,09:34,False,2026-07-24,medium_archive_membership,True,formal_nonrisk_universe,matched_same_day_github_tradeable_evidence
2026-07-23,yyqyx_limitup,算力,算力硬件,9,002229,鸿博股份,09:36,False,2026-07-24,medium_archive_membership,True,formal_nonrisk_universe,matched_same_day_github_tradeable_evidence
2026-07-23,yyqyx_limitup,算力,算力硬件,9,300214,日科化学,11:23,False,2026-07-24,medium_archive_membership,True,formal_nonrisk_universe,matched_same_day_github_tradeable_evidence
2026-07-23,yyqyx_limitup,算力,算力硬件,9,002358,森源电气,13:37,False,2026-07-24,medium_archive_membership,True,formal_nonrisk_universe,matched_same_day_github_tradeable_evidence
2026-07-23,yyqyx_limitup,算力,算力硬件,9,600449,宁夏建材,13:55,False,2026-07-24,medium_archive_membership,True,formal_nonrisk_universe,matched_same_day_github_tradeable_evidence
2026-07-23,yyqyx_limitup,化工,化工,8,601678,滨化股份,09:37,False,2026-07-24,medium_archive_membership,True,formal_nonrisk_universe,matched_same_day_github_tradeable_evidence
2026-07-23,yyqyx_limitup,化工,化工,8,002165,红宝丽,11:01,False,2026-07-24,medium_archive_membership,True,formal_nonrisk_universe,matched_same_day_github_tradeable_evidence
2026-07-23,yyqyx_limitup,化工,化工,8,600844,金煤科技,11:18,False,2026-07-24,medium_archive_membership,True,formal_nonrisk_universe,matched_same_day_github_tradeable_evidence
2026-07-23,yyqyx_limitup,化工,化工,8,600409,三友化工,13:04,False,2026-07-24,medium_archive_membership,True,formal_nonrisk_universe,matched_same_day_github_tradeable_evidence
2026-07-23,yyqyx_limitup,化工,化工,8,603727,博迈科,13:17,False,2026-07-24,medium_archive_membership,True,formal_nonrisk_universe,matched_same_day_github_tradeable_evidence
2026-07-23,yyqyx_limitup,化工,化工,8,600389,江山股份,13:22,False,2026-07-24,medium_archive_membership,True,formal_nonrisk_universe,matched_same_day_github_tradeable_evidence
2026-07-23,yyqyx_limitup,化工,化工,8,600230,沧州大化,14:43,False,2026-07-24,medium_archive_membership,True,formal_nonrisk_universe,matched_same_day_github_tradeable_evidence
2026-07-23,yyqyx_limitup,地产链,地产,8,603221,爱丽家居,09:25,False,2026-07-24,medium_archive_membership,True,formal_nonrisk_universe,matched_same_day_github_tradeable_evidence
2026-07-23,yyqyx_limitup,地产链,地产,8,000011,深物业A,09:33,False,2026-07-24,medium_archive_membership,True,formal_nonrisk_universe,matched_same_day_github_tradeable_evidence
2026-07-23,yyqyx_limitup,地产链,地产,8,002774,快意电梯,09:45,False,2026-07-24,medium_archive_membership,True,formal_nonrisk_universe,matched_same_day_github_tradeable_evidence
2026-07-23,yyqyx_limitup,地产链,地产,8,000608,阳光股份,09:54,False,2026-07-24,medium_archive_membership,True,formal_nonrisk_universe,matched_same_day_github_tradeable_evidence
2026-07-23,yyqyx_limitup,地产链,地产,8,603488,展鹏科技,13:33,False,2026-07-24,medium_archive_membership,True,formal_nonrisk_universe,matched_same_day_github_tradeable_evidence
2026-07-23,yyqyx_limitup,地产链,地产,8,002596,海南瑞泽,14:41,False,2026-07-24,medium_archive_membership,True,formal_nonrisk_universe,matched_same_day_github_tradeable_evidence
2026-07-23,yyqyx_limitup,机器人概念,机器人,8,002298,中电鑫龙,09:43,False,2026-07-24,medium_archive_membership,True,formal_nonrisk_universe,matched_same_day_github_tradeable_evidence
2026-07-23,yyqyx_limitup,机器人概念,机器人,8,603956,威派格,09:49,False,2026-07-24,medium_archive_membership,True,formal_nonrisk_universe,matched_same_day_github_tradeable_evidence
2026-07-23,yyqyx_limitup,机器人概念,机器人,8,605189,富春染织,09:53,False,2026-07-24,medium_archive_membership,True,formal_nonrisk_universe,matched_same_day_github_tradeable_evidence
2026-07-23,yyqyx_limitup,机器人概念,机器人,8,603400,华之杰,10:07,False,2026-07-24,medium_archive_membership,True,formal_nonrisk_universe,matched_same_day_github_tradeable_evidence
2026-07-23,yyqyx_limitup,机器人概念,机器人,8,603082,北自科技,14:18,False,2026-07-24,medium_archive_membership,True,formal_nonrisk_universe,matched_same_day_github_tradeable_evidence
2026-07-23,yyqyx_limitup,机器人概念,机器人,8,605288,凯迪股份,14:41,False,2026-07-24,medium_archive_membership,True,formal_nonrisk_universe,matched_same_day_github_tradeable_evidence
2026-07-23,yyqyx_limitup,机器人概念,机器人,8,603331,百达精工,14:54,False,2026-07-24,medium_archive_membership,True,formal_nonrisk_universe,matched_same_day_github_tradeable_evidence
2026-07-23,yyqyx_limitup,绿色电力,电力电网,8,001258,立新能源,09:31,False,2026-07-24,medium_archive_membership,True,formal_nonrisk_universe,matched_same_day_github_tradeable_evidence
2026-07-23,yyqyx_limitup,绿色电力,电力电网,8,605162,新中港,09:31,False,2026-07-24,medium_archive_membership,True,formal_nonrisk_universe,matched_same_day_github_tradeable_evidence
2026-07-23,yyqyx_limitup,绿色电力,电力电网,8,600173,卧龙新能,10:48,False,2026-07-24,medium_archive_membership,True,formal_nonrisk_universe,matched_same_day_github_tradeable_evidence
2026-07-23,yyqyx_limitup,绿色电力,电力电网,8,002775,文科股份,11:14,False,2026-07-24,medium_archive_membership,True,formal_nonrisk_universe,matched_same_day_github_tradeable_evidence
2026-07-23,yyqyx_limitup,绿色电力,电力电网,8,000155,川能动力,11:29,False,2026-07-24,medium_archive_membership,True,formal_nonrisk_universe,matched_same_day_github_tradeable_evidence
2026-07-23,yyqyx_limitup,绿色电力,电力电网,8,000862,银星能源,13:34,False,2026-07-24,medium_archive_membership,True,formal_nonrisk_universe,matched_same_day_github_tradeable_evidence
2026-07-23,yyqyx_limitup,变压器,变压器,6,000533,顺钠股份,09:39,False,2026-07-24,medium_archive_membership,True,formal_nonrisk_universe,matched_same_day_github_tradeable_evidence
2026-07-23,yyqyx_limitup,变压器,变压器,6,002112,三变科技,10:16,False,2026-07-24,medium_archive_membership,True,formal_nonrisk_universe,matched_same_day_github_tradeable_evidence
2026-07-23,yyqyx_limitup,变压器,变压器,6,603191,望变电气,10:20,False,2026-07-24,medium_archive_membership,True,formal_nonrisk_universe,matched_same_day_github_tradeable_evidence
2026-07-23,yyqyx_limitup,变压器,变压器,6,300444,双杰电气,13:03,False,2026-07-24,medium_archive_membership,True,formal_nonrisk_universe,matched_same_day_github_tradeable_evidence
2026-07-23,yyqyx_limitup,变压器,变压器,6,002451,摩恩电气,13:03,False,2026-07-24,medium_archive_membership,True,formal_nonrisk_universe,matched_same_day_github_tradeable_evidence
2026-07-23,yyqyx_limitup,变压器,变压器,6,002358,森源电气,13:37,False,2026-07-24,medium_archive_membership,True,formal_nonrisk_universe,matched_same_day_github_tradeable_evidence
2026-07-23,yyqyx_limitup,股权转让,股权转让,6,603988,中电电机,09:31,False,2026-07-24,medium_archive_membership,True,formal_nonrisk_universe,matched_same_day_github_tradeable_evidence
2026-07-23,yyqyx_limitup,股权转让,股权转让,6,600379,宝光股份,09:49,False,2026-07-24,medium_archive_membership,True,formal_nonrisk_universe,matched_same_day_github_tradeable_evidence
2026-07-23,yyqyx_limitup,股权转让,股权转让,6,603567,珍宝岛,10:05,False,2026-07-24,medium_archive_membership,True,formal_nonrisk_universe,matched_same_day_github_tradeable_evidence
2026-07-23,yyqyx_limitup,股权转让,股权转让,6,002596,海南瑞泽,14:41,False,2026-07-24,medium_archive_membership,True,formal_nonrisk_universe,matched_same_day_github_tradeable_evidence
2026-07-23,yyqyx_limitup,军工,军工,5,601606,长城军工,13:14,False,2026-07-24,medium_archive_membership,True,formal_nonrisk_universe,matched_same_day_github_tradeable_evidence
2026-07-23,yyqyx_limitup,军工,军工,5,603488,展鹏科技,13:33,False,2026-07-24,medium_archive_membership,True,formal_nonrisk_universe,matched_same_day_github_tradeable_evidence
2026-07-23,yyqyx_limitup,军工,军工,5,600343,航天动力,13:42,False,2026-07-24,medium_archive_membership,True,formal_nonrisk_universe,matched_same_day_github_tradeable_evidence
2026-07-23,yyqyx_limitup,军工,军工,5,301357,北方长龙,13:49,False,2026-07-24,medium_archive_membership,True,formal_nonrisk_universe,matched_same_day_github_tradeable_evidence
2026-07-23,yyqyx_limitup,军工,军工,5,603082,北自科技,14:18,False,2026-07-24,medium_archive_membership,True,formal_nonrisk_universe,matched_same_day_github_tradeable_evidence
2026-07-23,yyqyx_limitup,并购重组,并购重组,5,603221,爱丽家居,09:25,False,2026-07-24,medium_archive_membership,True,formal_nonrisk_universe,matched_same_day_github_tradeable_evidence
2026-07-23,yyqyx_limitup,并购重组,并购重组,5,301234,五洲医疗,09:25,False,2026-07-24,medium_archive_membership,True,formal_nonrisk_universe,matched_same_day_github_tradeable_evidence
2026-07-23,yyqyx_limitup,并购重组,并购重组,5,600962,国投中鲁,09:31,False,2026-07-24,medium_archive_membership,True,formal_nonrisk_universe,matched_same_day_github_tradeable_evidence
2026-07-23,yyqyx_limitup,并购重组,并购重组,5,003001,中岩大地,09:52,False,2026-07-24,medium_archive_membership,True,formal_nonrisk_universe,matched_same_day_github_tradeable_evidence
2026-07-23,yyqyx_limitup,并购重组,并购重组,5,002674,兴业科技,14:54,False,2026-07-24,medium_archive_membership,True,formal_nonrisk_universe,matched_same_day_github_tradeable_evidence
2026-07-24,yyqyx_limitup,并购重组,并购重组,11,603221,爱丽家居,09:25,False,2026-07-27,medium_archive_membership,True,formal_nonrisk_universe,matched_same_day_github_tradeable_evidence
2026-07-24,yyqyx_limitup,并购重组,并购重组,11,301234,五洲医疗,09:25,False,2026-07-27,medium_archive_membership,True,formal_nonrisk_universe,matched_same_day_github_tradeable_evidence
2026-07-24,yyqyx_limitup,并购重组,并购重组,11,601606,长城军工,09:36,False,2026-07-27,medium_archive_membership,True,formal_nonrisk_universe,matched_same_day_github_tradeable_evidence
2026-07-24,yyqyx_limitup,并购重组,并购重组,11,600698,湖南天雁,09:43,False,2026-07-27,medium_archive_membership,True,formal_nonrisk_universe,matched_same_day_github_tradeable_evidence
2026-07-24,yyqyx_limitup,并购重组,并购重组,11,003001,中岩大地,10:01,False,2026-07-27,medium_archive_membership,True,formal_nonrisk_universe,matched_same_day_github_tradeable_evidence
2026-07-24,yyqyx_limitup,并购重组,并购重组,11,002374,中锐股份,09:31,False,2026-07-27,medium_archive_membership,True,formal_nonrisk_universe,matched_same_day_github_tradeable_evidence
2026-07-24,yyqyx_limitup,并购重组,并购重组,11,002265,建设工业,09:41,False,2026-07-27,medium_archive_membership,True,formal_nonrisk_universe,matched_same_day_github_tradeable_evidence
2026-07-24,yyqyx_limitup,并购重组,并购重组,11,600178,东安动力,09:46,False,2026-07-27,medium_archive_membership,True,formal_nonrisk_universe,matched_same_day_github_tradeable_evidence
2026-07-24,yyqyx_limitup,并购重组,并购重组,11,605198,安德利,13:03,False,2026-07-27,medium_archive_membership,True,formal_nonrisk_universe,matched_same_day_github_tradeable_evidence
2026-07-24,yyqyx_limitup,并购重组,并购重组,11,600539,狮头股份,13:14,False,2026-07-27,medium_archive_membership,True,formal_nonrisk_universe,matched_same_day_github_tradeable_evidence
2026-07-24,yyqyx_limitup,军工,军工,6,601606,长城军工,09:36,False,2026-07-27,medium_archive_membership,True,formal_nonrisk_universe,matched_same_day_github_tradeable_evidence
2026-07-24,yyqyx_limitup,军工,军工,6,300414,中光防雷,09:34,False,2026-07-27,medium_archive_membership,True,formal_nonrisk_universe,matched_same_day_github_tradeable_evidence
2026-07-24,yyqyx_limitup,军工,军工,6,002303,美盈森,09:39,False,2026-07-27,medium_archive_membership,True,formal_nonrisk_universe,matched_same_day_github_tradeable_evidence
2026-07-24,yyqyx_limitup,军工,军工,6,002265,建设工业,09:41,False,2026-07-27,medium_archive_membership,True,formal_nonrisk_universe,matched_same_day_github_tradeable_evidence
2026-07-24,yyqyx_limitup,军工,军工,6,688237,超卓航科,13:16,False,2026-07-27,medium_archive_membership,True,formal_nonrisk_universe,matched_same_day_github_tradeable_evidence
2026-07-24,yyqyx_limitup,军工,军工,6,002189,中光学,14:13,False,2026-07-27,medium_archive_membership,True,formal_nonrisk_universe,matched_same_day_github_tradeable_evidence
2026-07-24,yyqyx_limitup,芯片,半导体,6,301234,五洲医疗,09:25,False,2026-07-27,medium_archive_membership,True,formal_nonrisk_universe,matched_same_day_github_tradeable_evidence
2026-07-24,yyqyx_limitup,芯片,半导体,6,603726,朗迪集团,09:59,False,2026-07-27,medium_archive_membership,True,formal_nonrisk_universe,matched_same_day_github_tradeable_evidence
2026-07-24,yyqyx_limitup,芯片,半导体,6,603068,博通集成,10:30,False,2026-07-27,medium_archive_membership,True,formal_nonrisk_universe,matched_same_day_github_tradeable_evidence
2026-07-24,yyqyx_limitup,芯片,半导体,6,000670,盈方微,14:05,False,2026-07-27,medium_archive_membership,True,formal_nonrisk_universe,matched_same_day_github_tradeable_evidence
2026-07-24,yyqyx_limitup,芯片,半导体,6,002189,中光学,14:13,False,2026-07-27,medium_archive_membership,True,formal_nonrisk_universe,matched_same_day_github_tradeable_evidence
2026-07-24,yyqyx_limitup,芯片,半导体,6,000417,合百集团,14:54,False,2026-07-27,medium_archive_membership,True,formal_nonrisk_universe,matched_same_day_github_tradeable_evidence
2026-07-24,yyqyx_limitup,半导体设备,半导体,3,603690,至纯科技,09:35,False,2026-07-27,medium_archive_membership,True,formal_nonrisk_universe,matched_same_day_github_tradeable_evidence
2026-07-24,yyqyx_limitup,半导体设备,半导体,3,300480,光力科技,10:03,False,2026-07-27,medium_archive_membership,True,formal_nonrisk_universe,matched_same_day_github_tradeable_evidence
2026-07-24,yyqyx_limitup,存储,存储芯片,3,002208,合肥城建,09:58,False,2026-07-27,medium_archive_membership,True,formal_nonrisk_universe,matched_same_day_github_tradeable_evidence
2026-07-24,yyqyx_limitup,存储,存储芯片,3,000670,盈方微,14:05,False,2026-07-27,medium_archive_membership,True,formal_nonrisk_universe,matched_same_day_github_tradeable_evidence
2026-07-24,yyqyx_limitup,数字经济,数字经济,3,002374,中锐股份,09:31,False,2026-07-27,medium_archive_membership,True,formal_nonrisk_universe,matched_same_day_github_tradeable_evidence
2026-07-24,yyqyx_limitup,电气设备,电气设备,3,002879,长缆科技,09:25,False,2026-07-27,medium_archive_membership,True,formal_nonrisk_universe,matched_same_day_github_tradeable_evidence
2026-07-24,yyqyx_limitup,电气设备,电气设备,3,002498,汉缆股份,09:30,False,2026-07-27,medium_archive_membership,True,formal_nonrisk_universe,matched_same_day_github_tradeable_evidence
2026-07-24,yyqyx_limitup,电气设备,电气设备,3,002300,太阳电缆,10:21,False,2026-07-27,medium_archive_membership,True,formal_nonrisk_universe,matched_same_day_github_tradeable_evidence
2026-07-24,yyqyx_limitup,ST摘帽,ST摘帽,2,000668,荣丰控股,13:08,False,2026-07-27,medium_archive_membership,True,formal_nonrisk_universe,matched_same_day_github_tradeable_evidence
2026-07-24,yyqyx_limitup,元器件,元器件,2,002012,凯恩股份,09:35,False,2026-07-27,medium_archive_membership,True,formal_nonrisk_universe,matched_same_day_github_tradeable_evidence
2026-07-24,yyqyx_limitup,地产链,地产,2,603221,爱丽家居,09:25,False,2026-07-27,medium_archive_membership,True,formal_nonrisk_universe,matched_same_day_github_tradeable_evidence
2026-07-24,yyqyx_limitup,地产链,地产,2,000011,深物业A,09:55,False,2026-07-27,medium_archive_membership,True,formal_nonrisk_universe,matched_same_day_github_tradeable_evidence
2026-07-24,yyqyx_limitup,房地产,地产,2,000668,荣丰控股,13:08,False,2026-07-27,medium_archive_membership,True,formal_nonrisk_universe,matched_same_day_github_tradeable_evidence
2026-07-27,yyqyx_limitup,算力,算力硬件,13,002879,长缆科技,09:38,False,2026-07-28,medium_archive_membership,True,formal_nonrisk_universe,matched_same_day_github_tradeable_evidence
2026-07-27,yyqyx_limitup,算力,算力硬件,13,002580,圣阳股份,09:30,False,2026-07-28,medium_archive_membership,True,formal_nonrisk_universe,matched_same_day_github_tradeable_evidence
2026-07-27,yyqyx_limitup,算力,算力硬件,13,002448,中原内配,09:31,False,2026-07-28,medium_archive_membership,True,formal_nonrisk_universe,matched_same_day_github_tradeable_evidence
2026-07-27,yyqyx_limitup,算力,算力硬件,13,002051,中工国际,09:32,False,2026-07-28,medium_archive_membership,True,formal_nonrisk_universe,matched_same_day_github_tradeable_evidence
2026-07-27,yyqyx_limitup,算力,算力硬件,13,603315,福鞍股份,09:54,False,2026-07-28,medium_archive_membership,True,formal_nonrisk_universe,matched_same_day_github_tradeable_evidence
2026-07-27,yyqyx_limitup,算力,算力硬件,13,603906,龙蟠科技,10:34,False,2026-07-28,medium_archive_membership,True,formal_nonrisk_universe,matched_same_day_github_tradeable_evidence
2026-07-27,yyqyx_limitup,算力,算力硬件,13,601789,宁波建工,11:29,False,2026-07-28,medium_archive_membership,True,formal_nonrisk_universe,matched_same_day_github_tradeable_evidence
2026-07-27,yyqyx_limitup,算力,算力硬件,13,300214,日科化学,13:02,False,2026-07-28,medium_archive_membership,True,formal_nonrisk_universe,matched_same_day_github_tradeable_evidence
2026-07-27,yyqyx_limitup,算力,算力硬件,13,301085,亚康股份,13:40,False,2026-07-28,medium_archive_membership,True,formal_nonrisk_universe,matched_same_day_github_tradeable_evidence
2026-07-27,yyqyx_limitup,算力,算力硬件,13,002647,仁东控股,14:05,False,2026-07-28,medium_archive_membership,True,formal_nonrisk_universe,matched_same_day_github_tradeable_evidence
2026-07-27,yyqyx_limitup,算力,算力硬件,13,603989,艾华集团,14:24,False,2026-07-28,medium_archive_membership,True,formal_nonrisk_universe,matched_same_day_github_tradeable_evidence
2026-07-27,yyqyx_limitup,算力,算力硬件,13,002364,中恒电气,14:32,False,2026-07-28,medium_archive_membership,True,formal_nonrisk_universe,matched_same_day_github_tradeable_evidence
2026-07-27,yyqyx_limitup,算力,算力硬件,13,002484,江海股份,14:38,False,2026-07-28,medium_archive_membership,True,formal_nonrisk_universe,matched_same_day_github_tradeable_evidence
2026-07-27,yyqyx_limitup,机器人概念,机器人,10,002448,中原内配,09:31,False,2026-07-28,medium_archive_membership,True,formal_nonrisk_universe,matched_same_day_github_tradeable_evidence
2026-07-27,yyqyx_limitup,机器人概念,机器人,10,605068,明新旭腾,09:46,False,2026-07-28,medium_archive_membership,True,formal_nonrisk_universe,matched_same_day_github_tradeable_evidence
2026-07-27,yyqyx_limitup,机器人概念,机器人,10,600376,首开股份,09:50,False,2026-07-28,medium_archive_membership,True,formal_nonrisk_universe,matched_same_day_github_tradeable_evidence
2026-07-27,yyqyx_limitup,机器人概念,机器人,10,603657,春光科技,09:55,False,2026-07-28,medium_archive_membership,True,formal_nonrisk_universe,matched_same_day_github_tradeable_evidence
2026-07-27,yyqyx_limitup,机器人概念,机器人,10,603358,华达科技,09:56,False,2026-07-28,medium_archive_membership,True,formal_nonrisk_universe,matched_same_day_github_tradeable_evidence
2026-07-27,yyqyx_limitup,机器人概念,机器人,10,603082,北自科技,10:15,False,2026-07-28,medium_archive_membership,True,formal_nonrisk_universe,matched_same_day_github_tradeable_evidence
2026-07-27,yyqyx_limitup,机器人概念,机器人,10,002242,九阳股份,10:40,False,2026-07-28,medium_archive_membership,True,formal_nonrisk_universe,matched_same_day_github_tradeable_evidence
2026-07-27,yyqyx_limitup,机器人概念,机器人,10,605128,上海沿浦,13:46,False,2026-07-28,medium_archive_membership,True,formal_nonrisk_universe,matched_same_day_github_tradeable_evidence
2026-07-27,yyqyx_limitup,通信,通信,10,603330,天洋新材,09:53,False,2026-07-28,medium_archive_membership,True,formal_nonrisk_universe,matched_same_day_github_tradeable_evidence
2026-07-27,yyqyx_limitup,通信,通信,10,001267,汇绿生态,09:56,False,2026-07-28,medium_archive_membership,True,formal_nonrisk_universe,matched_same_day_github_tradeable_evidence
2026-07-27,yyqyx_limitup,通信,通信,10,603256,宏和科技,09:57,False,2026-07-28,medium_archive_membership,True,formal_nonrisk_universe,matched_same_day_github_tradeable_evidence
2026-07-27,yyqyx_limitup,通信,通信,10,002141,贤丰控股,09:58,False,2026-07-28,medium_archive_membership,True,formal_nonrisk_universe,matched_same_day_github_tradeable_evidence
2026-07-27,yyqyx_limitup,通信,通信,10,603110,东方材料,10:22,False,2026-07-28,medium_archive_membership,True,formal_nonrisk_universe,matched_same_day_github_tradeable_evidence
2026-07-27,yyqyx_limitup,通信,通信,10,002522,浙江众成,11:25,False,2026-07-28,medium_archive_membership,True,formal_nonrisk_universe,matched_same_day_github_tradeable_evidence
2026-07-27,yyqyx_limitup,通信,通信,10,301526,国际复材,14:33,False,2026-07-28,medium_archive_membership,True,formal_nonrisk_universe,matched_same_day_github_tradeable_evidence
2026-07-27,yyqyx_limitup,通信,通信,10,002636,金安国纪,14:38,False,2026-07-28,medium_archive_membership,True,formal_nonrisk_universe,matched_same_day_github_tradeable_evidence
2026-07-27,yyqyx_limitup,通信,通信,10,001223,欧克科技,14:52,False,2026-07-28,medium_archive_membership,True,formal_nonrisk_universe,matched_same_day_github_tradeable_evidence
2026-07-27,yyqyx_limitup,并购重组,并购重组,7,603221,爱丽家居,09:25,False,2026-07-28,medium_archive_membership,True,formal_nonrisk_universe,matched_same_day_github_tradeable_evidence
2026-07-27,yyqyx_limitup,并购重组,并购重组,7,301234,五洲医疗,09:25,False,2026-07-28,medium_archive_membership,True,formal_nonrisk_universe,matched_same_day_github_tradeable_evidence
2026-07-27,yyqyx_limitup,并购重组,并购重组,7,301121,紫建电子,09:31,False,2026-07-28,medium_archive_membership,True,formal_nonrisk_universe,matched_same_day_github_tradeable_evidence
2026-07-27,yyqyx_limitup,并购重组,并购重组,7,600962,国投中鲁,09:41,False,2026-07-28,medium_archive_membership,True,formal_nonrisk_universe,matched_same_day_github_tradeable_evidence
2026-07-27,yyqyx_limitup,并购重组,并购重组,7,603955,大千生态,10:17,False,2026-07-28,medium_archive_membership,True,formal_nonrisk_universe,matched_same_day_github_tradeable_evidence
2026-07-27,yyqyx_limitup,并购重组,并购重组,7,600683,京投发展,10:21,False,2026-07-28,medium_archive_membership,True,formal_nonrisk_universe,matched_same_day_github_tradeable_evidence
2026-07-27,yyqyx_limitup,并购重组,并购重组,7,603608,天创时尚,14:40,False,2026-07-28,medium_archive_membership,True,formal_nonrisk_universe,matched_same_day_github_tradeable_evidence
2026-07-27,yyqyx_limitup,脑机接口,脑机接口,7,002173,创新医疗,09:33,False,2026-07-28,medium_archive_membership,True,formal_nonrisk_universe,matched_same_day_github_tradeable_evidence
2026-07-27,yyqyx_limitup,脑机接口,脑机接口,7,000566,海南海药,09:34,False,2026-07-28,medium_archive_membership,True,formal_nonrisk_universe,matched_same_day_github_tradeable_evidence
2026-07-27,yyqyx_limitup,脑机接口,脑机接口,7,603716,塞力医疗,09:35,False,2026-07-28,medium_archive_membership,True,formal_nonrisk_universe,matched_same_day_github_tradeable_evidence
2026-07-27,yyqyx_limitup,脑机接口,脑机接口,7,300753,爱朋医疗,09:39,False,2026-07-28,medium_archive_membership,True,formal_nonrisk_universe,matched_same_day_github_tradeable_evidence
2026-07-27,yyqyx_limitup,脑机接口,脑机接口,7,600775,南京熊猫,10:19,False,2026-07-28,medium_archive_membership,True,formal_nonrisk_universe,matched_same_day_github_tradeable_evidence
2026-07-27,yyqyx_limitup,脑机接口,脑机接口,7,002925,盈趣科技,10:29,False,2026-07-28,medium_archive_membership,True,formal_nonrisk_universe,matched_same_day_github_tradeable_evidence
2026-07-27,yyqyx_limitup,脑机接口,脑机接口,7,603610,麒盛科技,13:53,False,2026-07-28,medium_archive_membership,True,formal_nonrisk_universe,matched_same_day_github_tradeable_evidence
2026-07-27,yyqyx_limitup,智能电网,电力电网,6,000533,顺钠股份,09:30,False,2026-07-28,medium_archive_membership,True,formal_nonrisk_universe,matched_same_day_github_tradeable_evidence
2026-07-27,yyqyx_limitup,智能电网,电力电网,6,002309,中利集团,09:36,False,2026-07-28,medium_archive_membership,True,formal_nonrisk_universe,matched_same_day_github_tradeable_evidence
2026-07-27,yyqyx_limitup,智能电网,电力电网,6,603097,江苏华辰,10:21,False,2026-07-28,medium_archive_membership,True,formal_nonrisk_universe,matched_same_day_github_tradeable_evidence
2026-07-27,yyqyx_limitup,智能电网,电力电网,6,002364,中恒电气,14:32,False,2026-07-28,medium_archive_membership,True,formal_nonrisk_universe,matched_same_day_github_tradeable_evidence
2026-07-27,yyqyx_limitup,智能电网,电力电网,6,002270,华明装备,14:35,False,2026-07-28,medium_archive_membership,True,formal_nonrisk_universe,matched_same_day_github_tradeable_evidence
2026-07-27,yyqyx_limitup,电阻电容,电阻电容,6,000636,风华高科,09:55,False,2026-07-28,medium_archive_membership,True,formal_nonrisk_universe,matched_same_day_github_tradeable_evidence
2026-07-27,yyqyx_limitup,电阻电容,电阻电容,6,603115,海星股份,13:08,False,2026-07-28,medium_archive_membership,True,formal_nonrisk_universe,matched_same_day_github_tradeable_evidence
2026-07-27,yyqyx_limitup,电阻电容,电阻电容,6,603435,嘉德利,13:41,False,2026-07-28,medium_archive_membership,True,formal_nonrisk_universe,matched_same_day_github_tradeable_evidence
2026-07-27,yyqyx_limitup,电阻电容,电阻电容,6,605376,博迁新材,14:24,False,2026-07-28,medium_archive_membership,True,formal_nonrisk_universe,matched_same_day_github_tradeable_evidence
2026-07-27,yyqyx_limitup,电阻电容,电阻电容,6,603989,艾华集团,14:24,False,2026-07-28,medium_archive_membership,True,formal_nonrisk_universe,matched_same_day_github_tradeable_evidence
2026-07-27,yyqyx_limitup,电阻电容,电阻电容,6,002484,江海股份,14:38,False,2026-07-28,medium_archive_membership,True,formal_nonrisk_universe,matched_same_day_github_tradeable_evidence
2026-07-27,yyqyx_limitup,绿色电力,电力电网,6,600617,国新能源,09:31,False,2026-07-28,medium_archive_membership,True,formal_nonrisk_universe,matched_same_day_github_tradeable_evidence
2026-07-27,yyqyx_limitup,绿色电力,电力电网,6,001258,立新能源,09:33,False,2026-07-28,medium_archive_membership,True,formal_nonrisk_universe,matched_same_day_github_tradeable_evidence
2026-07-27,yyqyx_limitup,绿色电力,电力电网,6,002310,东方新能,09:45,False,2026-07-28,medium_archive_membership,True,formal_nonrisk_universe,matched_same_day_github_tradeable_evidence
2026-07-27,yyqyx_limitup,绿色电力,电力电网,6,002775,文科股份,09:49,False,2026-07-28,medium_archive_membership,True,formal_nonrisk_universe,matched_same_day_github_tradeable_evidence
2026-07-27,yyqyx_limitup,绿色电力,电力电网,6,000862,银星能源,10:15,False,2026-07-28,medium_archive_membership,True,formal_nonrisk_universe,matched_same_day_github_tradeable_evidence
2026-07-27,yyqyx_limitup,印制电路板,印制电路板,5,002141,贤丰控股,09:58,False,2026-07-28,medium_archive_membership,True,formal_nonrisk_universe,matched_same_day_github_tradeable_evidence
2026-07-27,yyqyx_limitup,印制电路板,印制电路板,5,603110,东方材料,10:22,False,2026-07-28,medium_archive_membership,True,formal_nonrisk_universe,matched_same_day_github_tradeable_evidence
2026-07-27,yyqyx_limitup,印制电路板,印制电路板,5,603459,红板科技,11:01,False,2026-07-28,medium_archive_membership,True,formal_nonrisk_universe,matched_same_day_github_tradeable_evidence
2026-07-27,yyqyx_limitup,印制电路板,印制电路板,5,603228,景旺电子,14:35,False,2026-07-28,medium_archive_membership,True,formal_nonrisk_universe,matched_same_day_github_tradeable_evidence
2026-07-27,yyqyx_limitup,印制电路板,印制电路板,5,001223,欧克科技,14:52,False,2026-07-28,medium_archive_membership,True,formal_nonrisk_universe,matched_same_day_github_tradeable_evidence
2026-07-27,yyqyx_limitup,实控人变更,实控人变更,5,000428,华天酒店,09:30,False,2026-07-28,medium_archive_membership,True,formal_nonrisk_universe,matched_same_day_github_tradeable_evidence
2026-07-27,yyqyx_limitup,实控人变更,实控人变更,5,002969,嘉美包装,09:37,False,2026-07-28,medium_archive_membership,True,formal_nonrisk_universe,matched_same_day_github_tradeable_evidence
2026-07-27,yyqyx_limitup,实控人变更,实控人变更,5,002235,安妮股份,09:41,False,2026-07-28,medium_archive_membership,True,formal_nonrisk_universe,matched_same_day_github_tradeable_evidence
2026-07-27,yyqyx_limitup,端侧AI,端侧AI,5,002969,嘉美包装,09:37,False,2026-07-28,medium_archive_membership,True,formal_nonrisk_universe,matched_same_day_github_tradeable_evidence
2026-07-27,yyqyx_limitup,端侧AI,端侧AI,5,002292,奥飞娱乐,10:20,False,2026-07-28,medium_archive_membership,True,formal_nonrisk_universe,matched_same_day_github_tradeable_evidence
2026-07-27,yyqyx_limitup,端侧AI,端侧AI,5,000676,智度股份,10:45,False,2026-07-28,medium_archive_membership,True,formal_nonrisk_universe,matched_same_day_github_tradeable_evidence
2026-07-27,yyqyx_limitup,端侧AI,端侧AI,5,002577,雷柏科技,13:50,False,2026-07-28,medium_archive_membership,True,formal_nonrisk_universe,matched_same_day_github_tradeable_evidence
2026-07-28,yyqyx_limitup,AI应用,AI应用,12,603716,塞力医疗,09:35,False,2026-07-29,medium_archive_membership,True,formal_nonrisk_universe,matched_same_day_github_tradeable_evidence
2026-07-28,yyqyx_limitup,AI应用,AI应用,12,002195,岩山科技,09:40,False,2026-07-29,medium_archive_membership,True,formal_nonrisk_universe,matched_same_day_github_tradeable_evidence
2026-07-28,yyqyx_limitup,AI应用,AI应用,12,000948,南天信息,09:41,False,2026-07-29,medium_archive_membership,True,formal_nonrisk_universe,matched_same_day_github_tradeable_evidence
2026-07-28,yyqyx_limitup,AI应用,AI应用,12,002279,久其软件,09:47,False,2026-07-29,medium_archive_membership,True,formal_nonrisk_universe,matched_same_day_github_tradeable_evidence
2026-07-28,yyqyx_limitup,AI应用,AI应用,12,002995,天地在线,09:50,False,2026-07-29,medium_archive_membership,True,formal_nonrisk_universe,matched_same_day_github_tradeable_evidence
2026-07-28,yyqyx_limitup,AI应用,AI应用,12,603918,金桥信息,10:02,False,2026-07-29,medium_archive_membership,True,formal_nonrisk_universe,matched_same_day_github_tradeable_evidence
2026-07-28,yyqyx_limitup,AI应用,AI应用,12,603232,格尔软件,10:04,False,2026-07-29,medium_archive_membership,True,formal_nonrisk_universe,matched_same_day_github_tradeable_evidence
2026-07-28,yyqyx_limitup,AI应用,AI应用,12,600756,浪潮软件,10:38,False,2026-07-29,medium_archive_membership,True,formal_nonrisk_universe,matched_same_day_github_tradeable_evidence
2026-07-28,yyqyx_limitup,AI应用,AI应用,12,000503,国新健康,13:01,False,2026-07-29,medium_archive_membership,True,formal_nonrisk_universe,matched_same_day_github_tradeable_evidence
2026-07-28,yyqyx_limitup,AI应用,AI应用,12,002212,天融信,13:16,False,2026-07-29,medium_archive_membership,True,formal_nonrisk_universe,matched_same_day_github_tradeable_evidence
2026-07-28,yyqyx_limitup,AI应用,AI应用,12,000779,甘咨询,15:00,False,2026-07-29,medium_archive_membership,True,formal_nonrisk_universe,matched_same_day_github_tradeable_evidence
2026-07-28,yyqyx_limitup,光刻机,半导体,8,603297,永新光学,09:25,False,2026-07-29,medium_archive_membership,True,formal_nonrisk_universe,matched_same_day_github_tradeable_evidence
2026-07-28,yyqyx_limitup,光刻机,半导体,8,600895,张江高科,09:25,False,2026-07-29,medium_archive_membership,True,formal_nonrisk_universe,matched_same_day_github_tradeable_evidence
2026-07-28,yyqyx_limitup,光刻机,半导体,8,600619,海立股份,09:25,False,2026-07-29,medium_archive_membership,True,formal_nonrisk_universe,matched_same_day_github_tradeable_evidence
2026-07-28,yyqyx_limitup,光刻机,半导体,8,301421,波长光电,09:25,False,2026-07-29,medium_archive_membership,True,formal_nonrisk_universe,matched_same_day_github_tradeable_evidence
2026-07-28,yyqyx_limitup,光刻机,半导体,8,002338,奥普光电,09:25,False,2026-07-29,medium_archive_membership,True,formal_nonrisk_universe,matched_same_day_github_tradeable_evidence
2026-07-28,yyqyx_limitup,光刻机,半导体,8,002889,东方嘉盛,09:30,False,2026-07-29,medium_archive_membership,True,formal_nonrisk_universe,matched_same_day_github_tradeable_evidence
2026-07-28,yyqyx_limitup,光刻机,半导体,8,600850,电科数字,09:48,False,2026-07-29,medium_archive_membership,True,formal_nonrisk_universe,matched_same_day_github_tradeable_evidence
2026-07-28,yyqyx_limitup,脑机接口,脑机接口,6,002173,创新医疗,09:30,False,2026-07-29,medium_archive_membership,True,formal_nonrisk_universe,matched_same_day_github_tradeable_evidence
2026-07-28,yyqyx_limitup,脑机接口,脑机接口,6,000566,海南海药,09:31,False,2026-07-29,medium_archive_membership,True,formal_nonrisk_universe,matched_same_day_github_tradeable_evidence
2026-07-28,yyqyx_limitup,脑机接口,脑机接口,6,603716,塞力医疗,09:35,False,2026-07-29,medium_archive_membership,True,formal_nonrisk_universe,matched_same_day_github_tradeable_evidence
2026-07-28,yyqyx_limitup,脑机接口,脑机接口,6,600775,南京熊猫,09:52,False,2026-07-29,medium_archive_membership,True,formal_nonrisk_universe,matched_same_day_github_tradeable_evidence
2026-07-28,yyqyx_limitup,脑机接口,脑机接口,6,002195,岩山科技,09:40,False,2026-07-29,medium_archive_membership,True,formal_nonrisk_universe,matched_same_day_github_tradeable_evidence
2026-07-28,yyqyx_limitup,脑机接口,脑机接口,6,300663,科蓝软件,09:45,False,2026-07-29,medium_archive_membership,True,formal_nonrisk_universe,matched_same_day_github_tradeable_evidence
2026-07-28,yyqyx_limitup,算力,算力硬件,5,002642,荣联科技,09:38,False,2026-07-29,medium_archive_membership,True,formal_nonrisk_universe,matched_same_day_github_tradeable_evidence
2026-07-28,yyqyx_limitup,算力,算力硬件,5,000948,南天信息,09:41,False,2026-07-29,medium_archive_membership,True,formal_nonrisk_universe,matched_same_day_github_tradeable_evidence
2026-07-28,yyqyx_limitup,算力,算力硬件,5,600850,电科数字,09:48,False,2026-07-29,medium_archive_membership,True,formal_nonrisk_universe,matched_same_day_github_tradeable_evidence
2026-07-28,yyqyx_limitup,实控人变更,实控人变更,4,002969,嘉美包装,09:31,False,2026-07-29,medium_archive_membership,True,formal_nonrisk_universe,matched_same_day_github_tradeable_evidence
2026-07-28,yyqyx_limitup,汽车零部件,汽车,4,603358,华达科技,09:31,False,2026-07-29,medium_archive_membership,True,formal_nonrisk_universe,matched_same_day_github_tradeable_evidence
2026-07-28,yyqyx_limitup,汽车零部件,汽车,4,600619,海立股份,09:25,False,2026-07-29,medium_archive_membership,True,formal_nonrisk_universe,matched_same_day_github_tradeable_evidence
2026-07-28,yyqyx_limitup,汽车零部件,汽车,4,600303,曙光股份,09:45,False,2026-07-29,medium_archive_membership,True,formal_nonrisk_universe,matched_same_day_github_tradeable_evidence
2026-07-28,yyqyx_limitup,汽车零部件,汽车,4,603917,合力科技,10:00,False,2026-07-29,medium_archive_membership,True,formal_nonrisk_universe,matched_same_day_github_tradeable_evidence
2026-07-28,yyqyx_limitup,食品饮料,消费,4,000428,华天酒店,09:33,False,2026-07-29,medium_archive_membership,True,formal_nonrisk_universe,matched_same_day_github_tradeable_evidence
2026-07-28,yyqyx_limitup,食品饮料,消费,4,600191,华资实业,10:05,False,2026-07-29,medium_archive_membership,True,formal_nonrisk_universe,matched_same_day_github_tradeable_evidence
2026-07-28,yyqyx_limitup,食品饮料,消费,4,605179,一鸣食品,10:10,False,2026-07-29,medium_archive_membership,True,formal_nonrisk_universe,matched_same_day_github_tradeable_evidence
2026-07-28,yyqyx_limitup,食品饮料,消费,4,002847,盐津铺子,11:29,False,2026-07-29,medium_archive_membership,True,formal_nonrisk_universe,matched_same_day_github_tradeable_evidence
2026-07-28,yyqyx_limitup,AI智能体,AI应用,3,002642,荣联科技,09:38,False,2026-07-29,medium_archive_membership,True,formal_nonrisk_universe,matched_same_day_github_tradeable_evidence
2026-07-28,yyqyx_limitup,光刻胶,光刻胶,3,001358,兴欣新材,09:35,False,2026-07-29,medium_archive_membership,True,formal_nonrisk_universe,matched_same_day_github_tradeable_evidence
2026-07-28,yyqyx_limitup,光刻胶,光刻胶,3,000859,国风新材,09:36,False,2026-07-29,medium_archive_membership,True,formal_nonrisk_universe,matched_same_day_github_tradeable_evidence
2026-07-28,yyqyx_limitup,光刻胶,光刻胶,3,603928,兴业股份,09:37,False,2026-07-29,medium_archive_membership,True,formal_nonrisk_universe,matched_same_day_github_tradeable_evidence
2026-07-28,yyqyx_limitup,化工,化工,3,002388,新亚制程,09:34,False,2026-07-29,medium_archive_membership,True,formal_nonrisk_universe,matched_same_day_github_tradeable_evidence
2026-07-28,yyqyx_limitup,化工,化工,3,603980,吉华集团,13:09,False,2026-07-29,medium_archive_membership,True,formal_nonrisk_universe,matched_same_day_github_tradeable_evidence
2026-07-28,yyqyx_limitup,化工,化工,3,300067,安诺其,13:12,False,2026-07-29,medium_archive_membership,True,formal_nonrisk_universe,matched_same_day_github_tradeable_evidence
2026-07-28,yyqyx_limitup,华为概念,华为概念,3,002889,东方嘉盛,09:30,False,2026-07-29,medium_archive_membership,True,formal_nonrisk_universe,matched_same_day_github_tradeable_evidence
2026-07-28,yyqyx_limitup,华为概念,华为概念,3,002387,维信诺,09:43,False,2026-07-29,medium_archive_membership,True,formal_nonrisk_universe,matched_same_day_github_tradeable_evidence
2026-07-28,yyqyx_limitup,华为概念,华为概念,3,300663,科蓝软件,09:45,False,2026-07-29,medium_archive_membership,True,formal_nonrisk_universe,matched_same_day_github_tradeable_evidence
2026-07-28,yyqyx_limitup,机器人概念,机器人,3,603358,华达科技,09:31,False,2026-07-29,medium_archive_membership,True,formal_nonrisk_universe,matched_same_day_github_tradeable_evidence
2026-07-28,yyqyx_limitup,机器人概念,机器人,3,605068,明新旭腾,09:38,False,2026-07-29,medium_archive_membership,True,formal_nonrisk_universe,matched_same_day_github_tradeable_evidence
2026-07-28,yyqyx_limitup,机器人概念,机器人,3,603400,华之杰,14:49,False,2026-07-29,medium_archive_membership,True,formal_nonrisk_universe,matched_same_day_github_tradeable_evidence
2026-07-29,yyqyx_limitup,食品饮料,消费,17,000428,华天酒店,09:25,False,2026-07-30,medium_archive_membership,True,formal_nonrisk_universe,matched_same_day_github_tradeable_evidence
2026-07-29,yyqyx_limitup,食品饮料,消费,17,605179,一鸣食品,09:30,False,2026-07-30,medium_archive_membership,True,formal_nonrisk_universe,matched_same_day_github_tradeable_evidence
2026-07-29,yyqyx_limitup,食品饮料,消费,17,605388,均瑶健康,09:33,False,2026-07-30,medium_archive_membership,True,formal_nonrisk_universe,matched_same_day_github_tradeable_evidence
2026-07-29,yyqyx_limitup,食品饮料,消费,17,300997,欢乐家,09:35,False,2026-07-30,medium_archive_membership,True,formal_nonrisk_universe,matched_same_day_github_tradeable_evidence
2026-07-29,yyqyx_limitup,食品饮料,消费,17,605188,国光连锁,09:41,False,2026-07-30,medium_archive_membership,True,formal_nonrisk_universe,matched_same_day_github_tradeable_evidence
2026-07-29,yyqyx_limitup,食品饮料,消费,17,603719,良品铺子,09:41,False,2026-07-30,medium_archive_membership,True,formal_nonrisk_universe,matched_same_day_github_tradeable_evidence
2026-07-29,yyqyx_limitup,食品饮料,消费,17,603696,安记食品,09:42,False,2026-07-30,medium_archive_membership,True,formal_nonrisk_universe,matched_same_day_github_tradeable_evidence
2026-07-29,yyqyx_limitup,食品饮料,消费,17,605337,李子园,09:47,False,2026-07-30,medium_archive_membership,True,formal_nonrisk_universe,matched_same_day_github_tradeable_evidence
2026-07-29,yyqyx_limitup,食品饮料,消费,17,002286,保龄宝,09:48,False,2026-07-30,medium_archive_membership,True,formal_nonrisk_universe,matched_same_day_github_tradeable_evidence
2026-07-29,yyqyx_limitup,食品饮料,消费,17,600419,天润乳业,09:59,False,2026-07-30,medium_archive_membership,True,formal_nonrisk_universe,matched_same_day_github_tradeable_evidence
2026-07-29,yyqyx_limitup,食品饮料,消费,17,002568,百润股份,10:00,False,2026-07-30,medium_archive_membership,True,formal_nonrisk_universe,matched_same_day_github_tradeable_evidence
2026-07-29,yyqyx_limitup,食品饮料,消费,17,001318,阳光乳业,10:00,False,2026-07-30,medium_archive_membership,True,formal_nonrisk_universe,matched_same_day_github_tradeable_evidence
2026-07-29,yyqyx_limitup,食品饮料,消费,17,605339,南侨食品,10:11,False,2026-07-30,medium_archive_membership,True,formal_nonrisk_universe,matched_same_day_github_tradeable_evidence
2026-07-29,yyqyx_limitup,食品饮料,消费,17,603057,紫燕食品,11:12,False,2026-07-30,medium_archive_membership,True,formal_nonrisk_universe,matched_same_day_github_tradeable_evidence
2026-07-29,yyqyx_limitup,食品饮料,消费,17,605016,百龙创园,11:13,False,2026-07-30,medium_archive_membership,True,formal_nonrisk_universe,matched_same_day_github_tradeable_evidence
2026-07-29,yyqyx_limitup,食品饮料,消费,17,002956,西麦食品,13:02,False,2026-07-30,medium_archive_membership,True,formal_nonrisk_universe,matched_same_day_github_tradeable_evidence
2026-07-29,yyqyx_limitup,食品饮料,消费,17,600429,三元股份,13:16,False,2026-07-30,medium_archive_membership,True,formal_nonrisk_universe,matched_same_day_github_tradeable_evidence
2026-07-29,yyqyx_limitup,机器人概念,机器人,8,605068,明新旭腾,09:25,False,2026-07-30,medium_archive_membership,True,formal_nonrisk_universe,matched_same_day_github_tradeable_evidence
2026-07-29,yyqyx_limitup,机器人概念,机器人,8,603400,华之杰,14:31,False,2026-07-30,medium_archive_membership,True,formal_nonrisk_universe,matched_same_day_github_tradeable_evidence
2026-07-29,yyqyx_limitup,机器人概念,机器人,8,002903,宇环数控,09:31,False,2026-07-30,medium_archive_membership,True,formal_nonrisk_universe,matched_same_day_github_tradeable_evidence
2026-07-29,yyqyx_limitup,机器人概念,机器人,8,301112,信邦智能,09:36,False,2026-07-30,medium_archive_membership,True,formal_nonrisk_universe,matched_same_day_github_tradeable_evidence
2026-07-29,yyqyx_limitup,机器人概念,机器人,8,603178,圣龙股份,09:40,False,2026-07-30,medium_archive_membership,True,formal_nonrisk_universe,matched_same_day_github_tradeable_evidence
2026-07-29,yyqyx_limitup,机器人概念,机器人,8,002298,中电鑫龙,09:43,False,2026-07-30,medium_archive_membership,True,formal_nonrisk_universe,matched_same_day_github_tradeable_evidence
2026-07-29,yyqyx_limitup,机器人概念,机器人,8,002833,弘亚数控,14:44,False,2026-07-30,medium_archive_membership,True,formal_nonrisk_universe,matched_same_day_github_tradeable_evidence
2026-07-29,yyqyx_limitup,乳业,乳业,7,605179,一鸣食品,09:30,False,2026-07-30,medium_archive_membership,True,formal_nonrisk_universe,matched_same_day_github_tradeable_evidence
2026-07-29,yyqyx_limitup,乳业,乳业,7,603719,良品铺子,09:41,False,2026-07-30,medium_archive_membership,True,formal_nonrisk_universe,matched_same_day_github_tradeable_evidence
2026-07-29,yyqyx_limitup,乳业,乳业,7,605337,李子园,09:47,False,2026-07-30,medium_archive_membership,True,formal_nonrisk_universe,matched_same_day_github_tradeable_evidence
2026-07-29,yyqyx_limitup,乳业,乳业,7,600419,天润乳业,09:59,False,2026-07-30,medium_archive_membership,True,formal_nonrisk_universe,matched_same_day_github_tradeable_evidence
2026-07-29,yyqyx_limitup,乳业,乳业,7,001318,阳光乳业,10:00,False,2026-07-30,medium_archive_membership,True,formal_nonrisk_universe,matched_same_day_github_tradeable_evidence
2026-07-29,yyqyx_limitup,乳业,乳业,7,605339,南侨食品,10:11,False,2026-07-30,medium_archive_membership,True,formal_nonrisk_universe,matched_same_day_github_tradeable_evidence
2026-07-29,yyqyx_limitup,乳业,乳业,7,600429,三元股份,13:16,False,2026-07-30,medium_archive_membership,True,formal_nonrisk_universe,matched_same_day_github_tradeable_evidence
2026-07-29,yyqyx_limitup,AI应用,AI应用,6,002212,天融信,09:30,False,2026-07-30,medium_archive_membership,True,formal_nonrisk_universe,matched_same_day_github_tradeable_evidence
2026-07-29,yyqyx_limitup,AI应用,AI应用,6,000892,欢瑞世纪,09:30,False,2026-07-30,medium_archive_membership,True,formal_nonrisk_universe,matched_same_day_github_tradeable_evidence
2026-07-29,yyqyx_limitup,AI应用,AI应用,6,300359,全通教育,09:39,False,2026-07-30,medium_archive_membership,True,formal_nonrisk_universe,matched_same_day_github_tradeable_evidence
2026-07-29,yyqyx_limitup,AI应用,AI应用,6,002607,中公教育,09:41,False,2026-07-30,medium_archive_membership,True,formal_nonrisk_universe,matched_same_day_github_tradeable_evidence
2026-07-29,yyqyx_limitup,地产链,地产,6,603221,爱丽家居,09:25,False,2026-07-30,medium_archive_membership,True,formal_nonrisk_universe,matched_same_day_github_tradeable_evidence
2026-07-29,yyqyx_limitup,地产链,地产,6,000736,中交发展,09:50,False,2026-07-30,medium_archive_membership,True,formal_nonrisk_universe,matched_same_day_github_tradeable_evidence
2026-07-29,yyqyx_limitup,地产链,地产,6,603801,志邦家居,10:01,False,2026-07-30,medium_archive_membership,True,formal_nonrisk_universe,matched_same_day_github_tradeable_evidence
2026-07-29,yyqyx_limitup,地产链,地产,6,002791,坚朗五金,10:02,False,2026-07-30,medium_archive_membership,True,formal_nonrisk_universe,matched_same_day_github_tradeable_evidence
2026-07-29,yyqyx_limitup,地产链,地产,6,603833,欧派家居,13:24,False,2026-07-30,medium_archive_membership,True,formal_nonrisk_universe,matched_same_day_github_tradeable_evidence
2026-07-29,yyqyx_limitup,地产链,地产,6,000668,荣丰控股,13:29,False,2026-07-30,medium_archive_membership,True,formal_nonrisk_universe,matched_same_day_github_tradeable_evidence
2026-07-29,yyqyx_limitup,代糖概念,代糖概念,4,300997,欢乐家,09:35,False,2026-07-30,medium_archive_membership,True,formal_nonrisk_universe,matched_same_day_github_tradeable_evidence
2026-07-29,yyqyx_limitup,代糖概念,代糖概念,4,002286,保龄宝,09:48,False,2026-07-30,medium_archive_membership,True,formal_nonrisk_universe,matched_same_day_github_tradeable_evidence
2026-07-29,yyqyx_limitup,代糖概念,代糖概念,4,605016,百龙创园,11:13,False,2026-07-30,medium_archive_membership,True,formal_nonrisk_universe,matched_same_day_github_tradeable_evidence
2026-07-29,yyqyx_limitup,代糖概念,代糖概念,4,002597,金禾实业,14:26,False,2026-07-30,medium_archive_membership,True,formal_nonrisk_universe,matched_same_day_github_tradeable_evidence
2026-07-29,yyqyx_limitup,电气设备,电气设备,4,002882,金龙羽,10:18,False,2026-07-30,medium_archive_membership,True,formal_nonrisk_universe,matched_same_day_github_tradeable_evidence
2026-07-29,yyqyx_limitup,电气设备,电气设备,4,002112,三变科技,10:25,False,2026-07-30,medium_archive_membership,True,formal_nonrisk_universe,matched_same_day_github_tradeable_evidence
2026-07-29,yyqyx_limitup,电气设备,电气设备,4,603556,海兴电力,10:38,False,2026-07-30,medium_archive_membership,True,formal_nonrisk_universe,matched_same_day_github_tradeable_evidence
2026-07-29,yyqyx_limitup,电气设备,电气设备,4,002498,汉缆股份,13:15,False,2026-07-30,medium_archive_membership,True,formal_nonrisk_universe,matched_same_day_github_tradeable_evidence
2026-07-29,yyqyx_limitup,装修家具,装修家具,4,603801,志邦家居,10:01,False,2026-07-30,medium_archive_membership,True,formal_nonrisk_universe,matched_same_day_github_tradeable_evidence
2026-07-29,yyqyx_limitup,装修家具,装修家具,4,002791,坚朗五金,10:02,False,2026-07-30,medium_archive_membership,True,formal_nonrisk_universe,matched_same_day_github_tradeable_evidence
2026-07-29,yyqyx_limitup,装修家具,装修家具,4,001323,慕思股份,10:48,False,2026-07-30,medium_archive_membership,True,formal_nonrisk_universe,matched_same_day_github_tradeable_evidence
2026-07-29,yyqyx_limitup,装修家具,装修家具,4,603833,欧派家居,13:24,False,2026-07-30,medium_archive_membership,True,formal_nonrisk_universe,matched_same_day_github_tradeable_evidence
2026-07-29,yyqyx_limitup,零售,零售,4,600693,东百集团,09:57,False,2026-07-30,medium_archive_membership,True,formal_nonrisk_universe,matched_same_day_github_tradeable_evidence
2026-07-29,yyqyx_limitup,零售,零售,4,605188,国光连锁,09:41,False,2026-07-30,medium_archive_membership,True,formal_nonrisk_universe,matched_same_day_github_tradeable_evidence
2026-07-29,yyqyx_limitup,零售,零售,4,603696,安记食品,09:42,False,2026-07-30,medium_archive_membership,True,formal_nonrisk_universe,matched_same_day_github_tradeable_evidence
2026-07-29,yyqyx_limitup,零售,零售,4,601086,国芳集团,09:58,False,2026-07-30,medium_archive_membership,True,formal_nonrisk_universe,matched_same_day_github_tradeable_evidence
2026-07-29,yyqyx_limitup,基础建设,基础建设,3,600722,金牛化工,09:32,False,2026-07-30,medium_archive_membership,True,formal_nonrisk_universe,matched_same_day_github_tradeable_evidence
2026-07-29,yyqyx_limitup,基础建设,基础建设,3,002037,保利联合,09:34,False,2026-07-30,medium_archive_membership,True,formal_nonrisk_universe,matched_same_day_github_tradeable_evidence
2026-07-29,yyqyx_limitup,基础建设,基础建设,3,003001,中岩大地,09:48,False,2026-07-30,medium_archive_membership,True,formal_nonrisk_universe,matched_same_day_github_tradeable_evidence
2026-07-29,yyqyx_limitup,新型工业化,新型工业化,3,002903,宇环数控,09:31,False,2026-07-30,medium_archive_membership,True,formal_nonrisk_universe,matched_same_day_github_tradeable_evidence
2026-07-29,yyqyx_limitup,新型工业化,新型工业化,3,301112,信邦智能,09:36,False,2026-07-30,medium_archive_membership,True,formal_nonrisk_universe,matched_same_day_github_tradeable_evidence
2026-07-29,yyqyx_limitup,新型工业化,新型工业化,3,002833,弘亚数控,14:44,False,2026-07-30,medium_archive_membership,True,formal_nonrisk_universe,matched_same_day_github_tradeable_evidence
2026-07-29,yyqyx_limitup,智能电网,电力电网,3,002298,中电鑫龙,09:43,False,2026-07-30,medium_archive_membership,True,formal_nonrisk_universe,matched_same_day_github_tradeable_evidence
2026-07-29,yyqyx_limitup,智能电网,电力电网,3,603556,海兴电力,10:38,False,2026-07-30,medium_archive_membership,True,formal_nonrisk_universe,matched_same_day_github_tradeable_evidence
2026-07-30,yyqyx_limitup,汽车零部件,汽车,8,605068,明新旭腾,09:30,False,2026-07-31,medium_archive_membership,True,formal_nonrisk_universe,matched_same_day_github_tradeable_evidence
2026-07-30,yyqyx_limitup,汽车零部件,汽车,8,002882,金龙羽,09:30,False,2026-07-31,medium_archive_membership,True,formal_nonrisk_universe,matched_same_day_github_tradeable_evidence
2026-07-30,yyqyx_limitup,汽车零部件,汽车,8,002703,浙江世宝,09:35,False,2026-07-31,medium_archive_membership,True,formal_nonrisk_universe,matched_same_day_github_tradeable_evidence
2026-07-30,yyqyx_limitup,汽车零部件,汽车,8,603376,大明电子,10:04,False,2026-07-31,medium_archive_membership,True,formal_nonrisk_universe,matched_same_day_github_tradeable_evidence
2026-07-30,yyqyx_limitup,汽车零部件,汽车,8,301667,纳百川,10:05,False,2026-07-31,medium_archive_membership,True,formal_nonrisk_universe,matched_same_day_github_tradeable_evidence
2026-07-30,yyqyx_limitup,汽车零部件,汽车,8,603352,至信股份,10:25,False,2026-07-31,medium_archive_membership,True,formal_nonrisk_universe,matched_same_day_github_tradeable_evidence
2026-07-30,yyqyx_limitup,汽车零部件,汽车,8,301449,天溯计量,13:20,False,2026-07-31,medium_archive_membership,True,formal_nonrisk_universe,matched_same_day_github_tradeable_evidence
2026-07-30,yyqyx_limitup,AI应用,AI应用,7,300996,普联软件,09:33,False,2026-07-31,medium_archive_membership,True,formal_nonrisk_universe,matched_same_day_github_tradeable_evidence
2026-07-30,yyqyx_limitup,AI应用,AI应用,7,603660,苏州科达,09:36,False,2026-07-31,medium_archive_membership,True,formal_nonrisk_universe,matched_same_day_github_tradeable_evidence
2026-07-30,yyqyx_limitup,AI应用,AI应用,7,000526,学大教育,09:42,False,2026-07-31,medium_archive_membership,True,formal_nonrisk_universe,matched_same_day_github_tradeable_evidence
2026-07-30,yyqyx_limitup,AI应用,AI应用,7,603171,税友股份,09:44,False,2026-07-31,medium_archive_membership,True,formal_nonrisk_universe,matched_same_day_github_tradeable_evidence
2026-07-30,yyqyx_limitup,AI应用,AI应用,7,603039,泛微网络,13:09,False,2026-07-31,medium_archive_membership,True,formal_nonrisk_universe,matched_same_day_github_tradeable_evidence
2026-07-30,yyqyx_limitup,农业,农业,4,002258,利尔化学,09:25,False,2026-07-31,medium_archive_membership,True,formal_nonrisk_universe,matched_same_day_github_tradeable_evidence
2026-07-30,yyqyx_limitup,农业,农业,4,600712,南宁百货,09:39,False,2026-07-31,medium_archive_membership,True,formal_nonrisk_universe,matched_same_day_github_tradeable_evidence
2026-07-30,yyqyx_limitup,农业,农业,4,605033,美邦股份,09:43,False,2026-07-31,medium_archive_membership,True,formal_nonrisk_universe,matched_same_day_github_tradeable_evidence
2026-07-30,yyqyx_limitup,农业,农业,4,000009,中国宝安,10:04,False,2026-07-31,medium_archive_membership,True,formal_nonrisk_universe,matched_same_day_github_tradeable_evidence
2026-07-30,yyqyx_limitup,实控人变更,实控人变更,4,002827,高争民爆,09:25,False,2026-07-31,medium_archive_membership,True,formal_nonrisk_universe,matched_same_day_github_tradeable_evidence
2026-07-30,yyqyx_limitup,实控人变更,实控人变更,4,002258,利尔化学,09:25,False,2026-07-31,medium_archive_membership,True,formal_nonrisk_universe,matched_same_day_github_tradeable_evidence
2026-07-30,yyqyx_limitup,实控人变更,实控人变更,4,002686,亿利达,09:30,False,2026-07-31,medium_archive_membership,True,formal_nonrisk_universe,matched_same_day_github_tradeable_evidence
2026-07-30,yyqyx_limitup,实控人变更,实控人变更,4,300996,普联软件,09:33,False,2026-07-31,medium_archive_membership,True,formal_nonrisk_universe,matched_same_day_github_tradeable_evidence
2026-07-30,yyqyx_limitup,地产链,地产,3,603221,爱丽家居,09:25,False,2026-07-31,medium_archive_membership,True,formal_nonrisk_universe,matched_same_day_github_tradeable_evidence
2026-07-30,yyqyx_limitup,地产链,地产,3,600162,香江控股,09:34,False,2026-07-31,medium_archive_membership,True,formal_nonrisk_universe,matched_same_day_github_tradeable_evidence
2026-07-30,yyqyx_limitup,地产链,地产,3,600663,陆家嘴,14:30,False,2026-07-31,medium_archive_membership,True,formal_nonrisk_universe,matched_same_day_github_tradeable_evidence
2026-07-30,yyqyx_limitup,并购重组,并购重组,3,603221,爱丽家居,09:25,False,2026-07-31,medium_archive_membership,True,formal_nonrisk_universe,matched_same_day_github_tradeable_evidence
2026-07-30,yyqyx_limitup,并购重组,并购重组,3,603137,恒尚节能,09:37,False,2026-07-31,medium_archive_membership,True,formal_nonrisk_universe,matched_same_day_github_tradeable_evidence
2026-07-30,yyqyx_limitup,智能电网,电力电网,3,603556,海兴电力,13:49,False,2026-07-31,medium_archive_membership,True,formal_nonrisk_universe,matched_same_day_github_tradeable_evidence
2026-07-30,yyqyx_limitup,智能电网,电力电网,3,301668,昊创瑞通,10:00,False,2026-07-31,medium_archive_membership,True,formal_nonrisk_universe,matched_same_day_github_tradeable_evidence
2026-07-30,yyqyx_limitup,智能电网,电力电网,3,600475,华光环能,13:46,False,2026-07-31,medium_archive_membership,True,formal_nonrisk_universe,matched_same_day_github_tradeable_evidence
2026-07-30,yyqyx_limitup,食品饮料,消费,3,605179,一鸣食品,09:25,False,2026-07-31,medium_archive_membership,True,formal_nonrisk_universe,matched_same_day_github_tradeable_evidence
2026-07-30,yyqyx_limitup,食品饮料,消费,3,605388,均瑶健康,09:30,False,2026-07-31,medium_archive_membership,True,formal_nonrisk_universe,matched_same_day_github_tradeable_evidence
2026-07-30,yyqyx_limitup,食品饮料,消费,3,002702,海欣食品,09:39,False,2026-07-31,medium_archive_membership,True,formal_nonrisk_universe,matched_same_day_github_tradeable_evidence
2026-07-30,yyqyx_limitup,创新药,医药,2,000566,海南海药,09:46,False,2026-07-31,medium_archive_membership,True,formal_nonrisk_universe,matched_same_day_github_tradeable_evidence
2026-07-30,yyqyx_limitup,创新药,医药,2,600513,联环药业,09:55,False,2026-07-31,medium_archive_membership,True,formal_nonrisk_universe,matched_same_day_github_tradeable_evidence
2026-07-30,yyqyx_limitup,华为汽车,汽车,2,600418,江淮汽车,09:59,False,2026-07-31,medium_archive_membership,True,formal_nonrisk_universe,matched_same_day_github_tradeable_evidence
2026-07-30,yyqyx_limitup,华为汽车,汽车,2,603348,文灿股份,10:15,False,2026-07-31,medium_archive_membership,True,formal_nonrisk_universe,matched_same_day_github_tradeable_evidence
2026-07-30,yyqyx_limitup,国有企业,国有企业,2,601003,柳钢股份,09:33,False,2026-07-31,medium_archive_membership,True,formal_nonrisk_universe,matched_same_day_github_tradeable_evidence
2026-07-30,yyqyx_limitup,国有企业,国有企业,2,000025,特力Ａ,10:37,False,2026-07-31,medium_archive_membership,True,formal_nonrisk_universe,matched_same_day_github_tradeable_evidence
2026-07-30,yyqyx_limitup,复合集流体,复合集流体,2,002585,双星新材,09:31,False,2026-07-31,medium_archive_membership,True,formal_nonrisk_universe,matched_same_day_github_tradeable_evidence
2026-07-30,yyqyx_limitup,复合集流体,复合集流体,2,002846,英联股份,09:57,False,2026-07-31,medium_archive_membership,True,formal_nonrisk_universe,matched_same_day_github_tradeable_evidence
2026-07-31,yyqyx_limitup,AI应用,AI应用,29,300996,普联软件,09:50,False,,medium_archive_membership,True,formal_nonrisk_universe,matched_same_day_github_tradeable_evidence
2026-07-31,yyqyx_limitup,AI应用,AI应用,29,603039,泛微网络,10:09,False,,medium_archive_membership,True,formal_nonrisk_universe,matched_same_day_github_tradeable_evidence
2026-07-31,yyqyx_limitup,AI应用,AI应用,29,603171,税友股份,10:41,False,,medium_archive_membership,True,formal_nonrisk_universe,matched_same_day_github_tradeable_evidence
2026-07-31,yyqyx_limitup,AI应用,AI应用,29,603106,恒银科技,09:40,False,,medium_archive_membership,True,formal_nonrisk_universe,matched_same_day_github_tradeable_evidence
2026-07-31,yyqyx_limitup,AI应用,AI应用,29,002774,快意电梯,09:44,False,,medium_archive_membership,True,formal_nonrisk_universe,matched_same_day_github_tradeable_evidence
2026-07-31,yyqyx_limitup,AI应用,AI应用,29,605287,德才股份,09:46,False,,medium_archive_membership,True,formal_nonrisk_universe,matched_same_day_github_tradeable_evidence
2026-07-31,yyqyx_limitup,AI应用,AI应用,29,000676,智度股份,10:00,False,,medium_archive_membership,True,formal_nonrisk_universe,matched_same_day_github_tradeable_evidence
2026-07-31,yyqyx_limitup,AI应用,AI应用,29,000892,欢瑞世纪,10:02,False,,medium_archive_membership,True,formal_nonrisk_universe,matched_same_day_github_tradeable_evidence
2026-07-31,yyqyx_limitup,AI应用,AI应用,29,605168,三人行,10:02,False,,medium_archive_membership,True,formal_nonrisk_universe,matched_same_day_github_tradeable_evidence
2026-07-31,yyqyx_limitup,AI应用,AI应用,29,688095,福昕软件,10:03,False,,medium_archive_membership,True,formal_nonrisk_universe,matched_same_day_github_tradeable_evidence
2026-07-31,yyqyx_limitup,AI应用,AI应用,29,002131,利欧股份,10:03,False,,medium_archive_membership,True,formal_nonrisk_universe,matched_same_day_github_tradeable_evidence
2026-07-31,yyqyx_limitup,AI应用,AI应用,29,301171,易点天下,10:10,False,,medium_archive_membership,True,formal_nonrisk_universe,matched_same_day_github_tradeable_evidence
2026-07-31,yyqyx_limitup,AI应用,AI应用,29,603533,掌阅科技,10:16,False,,medium_archive_membership,True,formal_nonrisk_universe,matched_same_day_github_tradeable_evidence
2026-07-31,yyqyx_limitup,AI应用,AI应用,29,603598,引力传媒,10:20,False,,medium_archive_membership,True,formal_nonrisk_universe,matched_same_day_github_tradeable_evidence
2026-07-31,yyqyx_limitup,AI应用,AI应用,29,600588,用友网络,10:20,False,,medium_archive_membership,True,formal_nonrisk_universe,matched_same_day_github_tradeable_evidence
2026-07-31,yyqyx_limitup,AI应用,AI应用,29,603721,中广天择,10:28,False,,medium_archive_membership,True,formal_nonrisk_universe,matched_same_day_github_tradeable_evidence
2026-07-31,yyqyx_limitup,AI应用,AI应用,29,300058,蓝色光标,10:37,False,,medium_archive_membership,True,formal_nonrisk_universe,matched_same_day_github_tradeable_evidence
2026-07-31,yyqyx_limitup,AI应用,AI应用,29,300364,中文在线,10:44,False,,medium_archive_membership,True,formal_nonrisk_universe,matched_same_day_github_tradeable_evidence
2026-07-31,yyqyx_limitup,AI应用,AI应用,29,002432,九安医疗,10:44,False,,medium_archive_membership,True,formal_nonrisk_universe,matched_same_day_github_tradeable_evidence
2026-07-31,yyqyx_limitup,AI应用,AI应用,29,600986,浙文互联,10:53,False,,medium_archive_membership,True,formal_nonrisk_universe,matched_same_day_github_tradeable_evidence
2026-07-31,yyqyx_limitup,AI应用,AI应用,29,002659,凯文教育,10:53,False,,medium_archive_membership,True,formal_nonrisk_universe,matched_same_day_github_tradeable_evidence
2026-07-31,yyqyx_limitup,AI应用,AI应用,29,003005,竞业达,10:54,False,,medium_archive_membership,True,formal_nonrisk_universe,matched_same_day_github_tradeable_evidence
2026-07-31,yyqyx_limitup,AI应用,AI应用,29,300418,昆仑万维,10:55,False,,medium_archive_membership,True,formal_nonrisk_universe,matched_same_day_github_tradeable_evidence
2026-07-31,yyqyx_limitup,AI应用,AI应用,29,301231,荣信文化,10:57,False,,medium_archive_membership,True,formal_nonrisk_universe,matched_same_day_github_tradeable_evidence
2026-07-31,yyqyx_limitup,AI应用,AI应用,29,603466,风语筑,11:01,False,,medium_archive_membership,True,formal_nonrisk_universe,matched_same_day_github_tradeable_evidence
2026-07-31,yyqyx_limitup,AI应用,AI应用,29,002115,三维通信,13:00,False,,medium_archive_membership,True,formal_nonrisk_universe,matched_same_day_github_tradeable_evidence
2026-07-31,yyqyx_limitup,AI应用,AI应用,29,603956,威派格,13:01,False,,medium_archive_membership,True,formal_nonrisk_universe,matched_same_day_github_tradeable_evidence
2026-07-31,yyqyx_limitup,算力,算力硬件,20,600162,香江控股,11:06,False,,medium_archive_membership,True,formal_nonrisk_universe,matched_same_day_github_tradeable_evidence
2026-07-31,yyqyx_limitup,算力,算力硬件,20,000009,中国宝安,11:15,False,,medium_archive_membership,True,formal_nonrisk_universe,matched_same_day_github_tradeable_evidence
2026-07-31,yyqyx_limitup,算力,算力硬件,20,603629,利通电子,09:25,False,,medium_archive_membership,True,formal_nonrisk_universe,matched_same_day_github_tradeable_evidence
2026-07-31,yyqyx_limitup,算力,算力硬件,20,605289,罗曼股份,09:30,False,,medium_archive_membership,True,formal_nonrisk_universe,matched_same_day_github_tradeable_evidence
2026-07-31,yyqyx_limitup,算力,算力硬件,20,000967,盈峰环境,09:30,False,,medium_archive_membership,True,formal_nonrisk_universe,matched_same_day_github_tradeable_evidence
2026-07-31,yyqyx_limitup,算力,算力硬件,20,301396,宏景科技,09:32,False,,medium_archive_membership,True,formal_nonrisk_universe,matched_same_day_github_tradeable_evidence
2026-07-31,yyqyx_limitup,算力,算力硬件,20,003018,金富科技,09:32,False,,medium_archive_membership,True,formal_nonrisk_universe,matched_same_day_github_tradeable_evidence
2026-07-31,yyqyx_limitup,算力,算力硬件,20,002851,麦格米特,09:38,False,,medium_archive_membership,True,formal_nonrisk_universe,matched_same_day_github_tradeable_evidence
2026-07-31,yyqyx_limitup,算力,算力硬件,20,603139,康惠股份,09:41,False,,medium_archive_membership,True,formal_nonrisk_universe,matched_same_day_github_tradeable_evidence
2026-07-31,yyqyx_limitup,算力,算力硬件,20,600673,东阳光,09:41,False,,medium_archive_membership,True,formal_nonrisk_universe,matched_same_day_github_tradeable_evidence
2026-07-31,yyqyx_limitup,算力,算力硬件,20,600449,宁夏建材,09:42,False,,medium_archive_membership,True,formal_nonrisk_universe,matched_same_day_github_tradeable_evidence
2026-07-31,yyqyx_limitup,算力,算力硬件,20,002963,豪尔赛,09:54,False,,medium_archive_membership,True,formal_nonrisk_universe,matched_same_day_github_tradeable_evidence
2026-07-31,yyqyx_limitup,算力,算力硬件,20,001400,江顺科技,09:59,False,,medium_archive_membership,True,formal_nonrisk_universe,matched_same_day_github_tradeable_evidence
2026-07-31,yyqyx_limitup,算力,算力硬件,20,000815,美利云,10:26,False,,medium_archive_membership,True,formal_nonrisk_universe,matched_same_day_github_tradeable_evidence
2026-07-31,yyqyx_limitup,算力,算力硬件,20,600602,云赛智联,10:27,False,,medium_archive_membership,True,formal_nonrisk_universe,matched_same_day_github_tradeable_evidence
2026-07-31,yyqyx_limitup,算力,算力硬件,20,002929,润建股份,10:27,False,,medium_archive_membership,True,formal_nonrisk_universe,matched_same_day_github_tradeable_evidence
2026-07-31,yyqyx_limitup,算力,算力硬件,20,002197,证通电子,10:27,False,,medium_archive_membership,True,formal_nonrisk_universe,matched_same_day_github_tradeable_evidence
2026-07-31,yyqyx_limitup,算力,算力硬件,20,000032,深桑达Ａ,10:57,False,,medium_archive_membership,True,formal_nonrisk_universe,matched_same_day_github_tradeable_evidence
2026-07-31,yyqyx_limitup,算力,算力硬件,20,605318,法狮龙,13:00,False,,medium_archive_membership,True,formal_nonrisk_universe,matched_same_day_github_tradeable_evidence
2026-07-31,yyqyx_limitup,算力,算力硬件,20,002346,柘中股份,13:24,False,,medium_archive_membership,True,formal_nonrisk_universe,matched_same_day_github_tradeable_evidence
2026-07-31,yyqyx_limitup,机器人概念,机器人,11,002354,天娱数科,09:32,False,,medium_archive_membership,True,formal_nonrisk_universe,matched_same_day_github_tradeable_evidence
2026-07-31,yyqyx_limitup,机器人概念,机器人,11,300720,海川智能,09:34,False,,medium_archive_membership,True,formal_nonrisk_universe,matched_same_day_github_tradeable_evidence
2026-07-31,yyqyx_limitup,机器人概念,机器人,11,300508,维宏股份,09:35,False,,medium_archive_membership,True,formal_nonrisk_universe,matched_same_day_github_tradeable_evidence
2026-07-31,yyqyx_limitup,机器人概念,机器人,11,002957,科瑞技术,09:38,False,,medium_archive_membership,True,formal_nonrisk_universe,matched_same_day_github_tradeable_evidence
2026-07-31,yyqyx_limitup,机器人概念,机器人,11,002896,中大力德,09:42,False,,medium_archive_membership,True,formal_nonrisk_universe,matched_same_day_github_tradeable_evidence
2026-07-31,yyqyx_limitup,机器人概念,机器人,11,603337,杰克科技,09:47,False,,medium_archive_membership,True,formal_nonrisk_universe,matched_same_day_github_tradeable_evidence
2026-07-31,yyqyx_limitup,机器人概念,机器人,11,002931,锋龙股份,09:51,False,,medium_archive_membership,True,formal_nonrisk_universe,matched_same_day_github_tradeable_evidence
2026-07-31,yyqyx_limitup,机器人概念,机器人,11,603286,日盈电子,11:10,False,,medium_archive_membership,True,formal_nonrisk_universe,matched_same_day_github_tradeable_evidence
2026-07-31,yyqyx_limitup,机器人概念,机器人,11,605208,永茂泰,13:08,False,,medium_archive_membership,True,formal_nonrisk_universe,matched_same_day_github_tradeable_evidence
2026-07-31,yyqyx_limitup,机器人概念,机器人,11,300789,唐源电气,13:13,False,,medium_archive_membership,True,formal_nonrisk_universe,matched_same_day_github_tradeable_evidence
2026-07-31,yyqyx_limitup,机器人概念,机器人,11,603608,天创时尚,13:17,False,,medium_archive_membership,True,formal_nonrisk_universe,matched_same_day_github_tradeable_evidence
2026-07-31,yyqyx_limitup,AI视频,AI视频,9,605287,德才股份,09:46,False,,medium_archive_membership,True,formal_nonrisk_universe,matched_same_day_github_tradeable_evidence
2026-07-31,yyqyx_limitup,AI视频,AI视频,9,000892,欢瑞世纪,10:02,False,,medium_archive_membership,True,formal_nonrisk_universe,matched_same_day_github_tradeable_evidence
2026-07-31,yyqyx_limitup,AI视频,AI视频,9,603533,掌阅科技,10:16,False,,medium_archive_membership,True,formal_nonrisk_universe,matched_same_day_github_tradeable_evidence
2026-07-31,yyqyx_limitup,AI视频,AI视频,9,603721,中广天择,10:28,False,,medium_archive_membership,True,formal_nonrisk_universe,matched_same_day_github_tradeable_evidence
2026-07-31,yyqyx_limitup,AI视频,AI视频,9,300364,中文在线,10:44,False,,medium_archive_membership,True,formal_nonrisk_universe,matched_same_day_github_tradeable_evidence
2026-07-31,yyqyx_limitup,AI视频,AI视频,9,003005,竞业达,10:54,False,,medium_archive_membership,True,formal_nonrisk_universe,matched_same_day_github_tradeable_evidence
2026-07-31,yyqyx_limitup,AI视频,AI视频,9,300418,昆仑万维,10:55,False,,medium_archive_membership,True,formal_nonrisk_universe,matched_same_day_github_tradeable_evidence
2026-07-31,yyqyx_limitup,AI视频,AI视频,9,301231,荣信文化,10:57,False,,medium_archive_membership,True,formal_nonrisk_universe,matched_same_day_github_tradeable_evidence
2026-07-31,yyqyx_limitup,AI视频,AI视频,9,002115,三维通信,13:00,False,,medium_archive_membership,True,formal_nonrisk_universe,matched_same_day_github_tradeable_evidence
2026-07-31,yyqyx_limitup,AI营销,AI营销,8,603171,税友股份,10:41,False,,medium_archive_membership,True,formal_nonrisk_universe,matched_same_day_github_tradeable_evidence
2026-07-31,yyqyx_limitup,AI营销,AI营销,8,000676,智度股份,10:00,False,,medium_archive_membership,True,formal_nonrisk_universe,matched_same_day_github_tradeable_evidence
2026-07-31,yyqyx_limitup,AI营销,AI营销,8,605168,三人行,10:02,False,,medium_archive_membership,True,formal_nonrisk_universe,matched_same_day_github_tradeable_evidence
2026-07-31,yyqyx_limitup,AI营销,AI营销,8,002131,利欧股份,10:03,False,,medium_archive_membership,True,formal_nonrisk_universe,matched_same_day_github_tradeable_evidence
2026-07-31,yyqyx_limitup,AI营销,AI营销,8,301171,易点天下,10:10,False,,medium_archive_membership,True,formal_nonrisk_universe,matched_same_day_github_tradeable_evidence
2026-07-31,yyqyx_limitup,AI营销,AI营销,8,603598,引力传媒,10:20,False,,medium_archive_membership,True,formal_nonrisk_universe,matched_same_day_github_tradeable_evidence
2026-07-31,yyqyx_limitup,AI营销,AI营销,8,300058,蓝色光标,10:37,False,,medium_archive_membership,True,formal_nonrisk_universe,matched_same_day_github_tradeable_evidence
2026-07-31,yyqyx_limitup,AI营销,AI营销,8,600986,浙文互联,10:53,False,,medium_archive_membership,True,formal_nonrisk_universe,matched_same_day_github_tradeable_evidence
2026-07-31,yyqyx_limitup,实控人变更,实控人变更,7,002827,高争民爆,09:30,False,,medium_archive_membership,True,formal_nonrisk_universe,matched_same_day_github_tradeable_evidence
2026-07-31,yyqyx_limitup,实控人变更,实控人变更,7,000428,华天酒店,09:34,False,,medium_archive_membership,True,formal_nonrisk_universe,matched_same_day_github_tradeable_evidence
2026-07-31,yyqyx_limitup,实控人变更,实控人变更,7,002931,锋龙股份,09:51,False,,medium_archive_membership,True,formal_nonrisk_universe,matched_same_day_github_tradeable_evidence
2026-07-31,yyqyx_limitup,实控人变更,实控人变更,7,603336,宏辉果蔬,10:36,False,,medium_archive_membership,True,formal_nonrisk_universe,matched_same_day_github_tradeable_evidence
2026-07-31,yyqyx_limitup,实控人变更,实控人变更,7,603779,威龙股份,11:04,False,,medium_archive_membership,True,formal_nonrisk_universe,matched_same_day_github_tradeable_evidence
2026-07-31,yyqyx_limitup,实控人变更,实控人变更,7,603637,镇海股份,11:19,False,,medium_archive_membership,True,formal_nonrisk_universe,matched_same_day_github_tradeable_evidence
2026-07-31,yyqyx_limitup,实控人变更,实控人变更,7,002235,安妮股份,13:29,False,,medium_archive_membership,True,formal_nonrisk_universe,matched_same_day_github_tradeable_evidence
2026-07-31,yyqyx_limitup,地产链,地产,6,603221,爱丽家居,09:25,False,,medium_archive_membership,True,formal_nonrisk_universe,matched_same_day_github_tradeable_evidence
2026-07-31,yyqyx_limitup,地产链,地产,6,600162,香江控股,11:06,False,,medium_archive_membership,True,formal_nonrisk_universe,matched_same_day_github_tradeable_evidence
2026-07-31,yyqyx_limitup,地产链,地产,6,600791,京能置业,09:42,False,,medium_archive_membership,True,formal_nonrisk_universe,matched_same_day_github_tradeable_evidence
2026-07-31,yyqyx_limitup,地产链,地产,6,002774,快意电梯,09:44,False,,medium_archive_membership,True,formal_nonrisk_universe,matched_same_day_github_tradeable_evidence
2026-07-31,yyqyx_limitup,地产链,地产,6,605318,法狮龙,13:00,False,,medium_archive_membership,True,formal_nonrisk_universe,matched_same_day_github_tradeable_evidence
2026-07-31,yyqyx_limitup,通信,通信,6,603738,泰晶科技,09:30,False,,medium_archive_membership,True,formal_nonrisk_universe,matched_same_day_github_tradeable_evidence
2026-07-31,yyqyx_limitup,通信,通信,6,001359,平安电工,09:30,False,,medium_archive_membership,True,formal_nonrisk_universe,matched_same_day_github_tradeable_evidence
2026-07-31,yyqyx_limitup,通信,通信,6,003036,泰坦股份,09:35,False,,medium_archive_membership,True,formal_nonrisk_universe,matched_same_day_github_tradeable_evidence
2026-07-31,yyqyx_limitup,通信,通信,6,002552,宝鼎科技,09:36,False,,medium_archive_membership,True,formal_nonrisk_universe,matched_same_day_github_tradeable_evidence
2026-07-31,yyqyx_limitup,通信,通信,6,001267,汇绿生态,09:41,False,,medium_archive_membership,True,formal_nonrisk_universe,matched_same_day_github_tradeable_evidence
2026-07-31,yyqyx_limitup,通信,通信,6,001223,欧克科技,09:51,False,,medium_archive_membership,True,formal_nonrisk_universe,matched_same_day_github_tradeable_evidence
2026-07-31,yyqyx_limitup,AI智能体,AI应用,4,605069,正和生态,09:49,False,,medium_archive_membership,True,formal_nonrisk_universe,matched_same_day_github_tradeable_evidence
2026-07-31,yyqyx_limitup,存储,存储芯片,4,600667,太极实业,09:25,False,,medium_archive_membership,True,formal_nonrisk_universe,matched_same_day_github_tradeable_evidence
2026-07-31,yyqyx_limitup,存储,存储芯片,4,605178,时空科技,09:30,False,,medium_archive_membership,True,formal_nonrisk_universe,matched_same_day_github_tradeable_evidence
2026-07-31,yyqyx_limitup,存储,存储芯片,4,603375,盛景微,09:41,False,,medium_archive_membership,True,formal_nonrisk_universe,matched_same_day_github_tradeable_evidence
2026-07-31,yyqyx_limitup,存储,存储芯片,4,603316,诚邦股份,09:45,False,,medium_archive_membership,True,formal_nonrisk_universe,matched_same_day_github_tradeable_evidence
2026-07-31,yyqyx_limitup,光模块,算力硬件,3,603738,泰晶科技,09:30,False,,medium_archive_membership,True,formal_nonrisk_universe,matched_same_day_github_tradeable_evidence
2026-07-31,yyqyx_limitup,光模块,算力硬件,3,603031,安孚科技,09:41,False,,medium_archive_membership,True,formal_nonrisk_universe,matched_same_day_github_tradeable_evidence
2026-07-31,yyqyx_limitup,光模块,算力硬件,3,001267,汇绿生态,09:41,False,,medium_archive_membership,True,formal_nonrisk_universe,matched_same_day_github_tradeable_evidence
2026-07-31,yyqyx_limitup,并购重组,并购重组,3,603221,爱丽家居,09:25,False,,medium_archive_membership,True,formal_nonrisk_universe,matched_same_day_github_tradeable_evidence
2026-07-31,yyqyx_limitup,并购重组,并购重组,3,003001,中岩大地,09:31,False,,medium_archive_membership,True,formal_nonrisk_universe,matched_same_day_github_tradeable_evidence
2026-07-31,yyqyx_limitup,并购重组,并购重组,3,605198,安德利,09:41,False,,medium_archive_membership,True,formal_nonrisk_universe,matched_same_day_github_tradeable_evidence
